0000000000000000|0|0|0|0
0000000000000001|0|0|0|0
8000000000000000|0|0|0|0
7ff0000000000000|-9223372036854775808|-9223372036854775808|-9223372036854775808|-9223372036854775808
fff0000000000000|-9223372036854775808|-9223372036854775808|-9223372036854775808|-9223372036854775808
7ff8000000000000|-9223372036854775808|-9223372036854775808|-9223372036854775808|-9223372036854775808
fff8000000000001|-9223372036854775808|-9223372036854775808|-9223372036854775808|-9223372036854775808
3feffffffffffffc|0|0|1|1
3feffffffffffffd|0|0|1|1
3feffffffffffffe|0|0|1|1
3fefffffffffffff|0|0|1|1
3ff0000000000000|1|1|1|1
3ff0000000000001|1|1|1|1
3ff0000000000002|1|1|1|1
3ff0000000000003|1|1|1|1
3ff0000000000004|1|1|1|1
bfeffffffffffffc|0|0|-1|-1
bfeffffffffffffd|0|0|-1|-1
bfeffffffffffffe|0|0|-1|-1
bfefffffffffffff|0|0|-1|-1
bff0000000000000|-1|-1|-1|-1
bff0000000000001|-1|-1|-1|-1
bff0000000000002|-1|-1|-1|-1
bff0000000000003|-1|-1|-1|-1
bff0000000000004|-1|-1|-1|-1
3ffe666666666662|1|1|1|1
3ffe666666666663|1|1|1|1
3ffe666666666664|1|1|1|1
3ffe666666666665|1|1|1|1
3ffe666666666666|1|1|1|1
3ffe666666666667|1|1|1|1
3ffe666666666668|1|1|1|1
3ffe666666666669|1|1|1|1
3ffe66666666666a|1|1|1|1
bffe666666666662|-1|-1|-1|-1
bffe666666666663|-1|-1|-1|-1
bffe666666666664|-1|-1|-1|-1
bffe666666666665|-1|-1|-1|-1
bffe666666666666|-1|-1|-1|-1
bffe666666666667|-1|-1|-1|-1
bffe666666666668|-1|-1|-1|-1
bffe666666666669|-1|-1|-1|-1
bffe66666666666a|-1|-1|-1|-1
433ffffffffffffc|9007199254740988|9007199254740988|9007199254740992|9007199254740992
433ffffffffffffd|9007199254740989|9007199254740989|9007199254740992|9007199254740992
433ffffffffffffe|9007199254740990|9007199254740990|9007199254740992|9007199254740992
433fffffffffffff|9007199254740991|9007199254740991|9007199254740992|9007199254740992
4340000000000000|9007199254740992|9007199254740992|9007199254740992|9007199254740992
4340000000000001|9007199254740994|9007199254740994|9007199254740992|9007199254740992
4340000000000002|9007199254740996|9007199254740996|9007199254740992|9007199254740992
4340000000000003|9007199254740998|9007199254740998|9007199254740992|9007199254740992
4340000000000004|9007199254741000|9007199254741000|9007199254740992|9007199254740992
43dffffffffffffc|9223372036854771712|9223372036854771712|-9223372036854775808|-9223372036854775808
43dffffffffffffd|9223372036854772736|9223372036854772736|-9223372036854775808|-9223372036854775808
43dffffffffffffe|9223372036854773760|9223372036854773760|-9223372036854775808|-9223372036854775808
43dfffffffffffff|9223372036854774784|9223372036854774784|-9223372036854775808|-9223372036854775808
43e0000000000000|-9223372036854775808|-9223372036854775808|-9223372036854775808|-9223372036854775808
43e0000000000001|-9223372036854775808|-9223372036854775808|-9223372036854775808|-9223372036854775808
43e0000000000002|-9223372036854775808|-9223372036854775808|-9223372036854775808|-9223372036854775808
43e0000000000003|-9223372036854775808|-9223372036854775808|-9223372036854775808|-9223372036854775808
43e0000000000004|-9223372036854775808|-9223372036854775808|-9223372036854775808|-9223372036854775808
c3dffffffffffffc|-9223372036854771712|-9223372036854771712|-9223372036854775808|-9223372036854775808
c3dffffffffffffd|-9223372036854772736|-9223372036854772736|-9223372036854775808|-9223372036854775808
c3dffffffffffffe|-9223372036854773760|-9223372036854773760|-9223372036854775808|-9223372036854775808
c3dfffffffffffff|-9223372036854774784|-9223372036854774784|-9223372036854775808|-9223372036854775808
c3e0000000000000|-9223372036854775808|-9223372036854775808|-9223372036854775808|-9223372036854775808
c3e0000000000001|-9223372036854775808|-9223372036854775808|-9223372036854775808|-9223372036854775808
c3e0000000000002|-9223372036854775808|-9223372036854775808|-9223372036854775808|-9223372036854775808
c3e0000000000003|-9223372036854775808|-9223372036854775808|-9223372036854775808|-9223372036854775808
c3e0000000000004|-9223372036854775808|-9223372036854775808|-9223372036854775808|-9223372036854775808
43effffffffffffc|-9223372036854775808|-9223372036854775808|-9223372036854775808|-9223372036854775808
43effffffffffffd|-9223372036854775808|-9223372036854775808|-9223372036854775808|-9223372036854775808
43effffffffffffe|-9223372036854775808|-9223372036854775808|-9223372036854775808|-9223372036854775808
43efffffffffffff|-9223372036854775808|-9223372036854775808|-9223372036854775808|-9223372036854775808
43f0000000000000|-9223372036854775808|-9223372036854775808|-9223372036854775808|-9223372036854775808
43f0000000000001|-9223372036854775808|-9223372036854775808|-9223372036854775808|-9223372036854775808
43f0000000000002|-9223372036854775808|-9223372036854775808|-9223372036854775808|-9223372036854775808
43f0000000000003|-9223372036854775808|-9223372036854775808|-9223372036854775808|-9223372036854775808
43f0000000000004|-9223372036854775808|-9223372036854775808|-9223372036854775808|-9223372036854775808
7e37e43c88007598|-9223372036854775808|-9223372036854775808|-9223372036854775808|-9223372036854775808
7e37e43c88007599|-9223372036854775808|-9223372036854775808|-9223372036854775808|-9223372036854775808
7e37e43c8800759a|-9223372036854775808|-9223372036854775808|-9223372036854775808|-9223372036854775808
7e37e43c8800759b|-9223372036854775808|-9223372036854775808|-9223372036854775808|-9223372036854775808
7e37e43c8800759c|-9223372036854775808|-9223372036854775808|-9223372036854775808|-9223372036854775808
7e37e43c8800759d|-9223372036854775808|-9223372036854775808|-9223372036854775808|-9223372036854775808
7e37e43c8800759e|-9223372036854775808|-9223372036854775808|-9223372036854775808|-9223372036854775808
7e37e43c8800759f|-9223372036854775808|-9223372036854775808|-9223372036854775808|-9223372036854775808
7e37e43c880075a0|-9223372036854775808|-9223372036854775808|-9223372036854775808|-9223372036854775808
fe37e43c88007598|-9223372036854775808|-9223372036854775808|-9223372036854775808|-9223372036854775808
fe37e43c88007599|-9223372036854775808|-9223372036854775808|-9223372036854775808|-9223372036854775808
fe37e43c8800759a|-9223372036854775808|-9223372036854775808|-9223372036854775808|-9223372036854775808
fe37e43c8800759b|-9223372036854775808|-9223372036854775808|-9223372036854775808|-9223372036854775808
fe37e43c8800759c|-9223372036854775808|-9223372036854775808|-9223372036854775808|-9223372036854775808
fe37e43c8800759d|-9223372036854775808|-9223372036854775808|-9223372036854775808|-9223372036854775808
fe37e43c8800759e|-9223372036854775808|-9223372036854775808|-9223372036854775808|-9223372036854775808
fe37e43c8800759f|-9223372036854775808|-9223372036854775808|-9223372036854775808|-9223372036854775808
fe37e43c880075a0|-9223372036854775808|-9223372036854775808|-9223372036854775808|-9223372036854775808
a1e095c2dee3c17f|0|0|0|0
1b07e2a7755985a2|0|0|0|0
4c842c66e0b95cc9|-9223372036854775808|-9223372036854775808|-9223372036854775808|-9223372036854775808
1c7e09d41a0187a4|0|0|0|0
9faa2daaee6ab523|0|0|0|0
da55f3daa164b576|-9223372036854775808|-9223372036854775808|-9223372036854775808|-9223372036854775808
45430238f1cef10d|-9223372036854775808|-9223372036854775808|-9223372036854775808|-9223372036854775808
2e130fc24aee5398|0|0|0|0
832e9312263c9b07|0|0|0|0
2cb6822f100a3a8a|0|0|0|0
c018e850e6904191|-6|-6|-6|-6
0bea340344aef6cc|0|0|0|0
a6d0fc1b0b54172b|0|0|0|0
1765d43fecb4e8de|0|0|0|0
40b0829cc3f09255|4226|4226|4226|4226
d4e969a928c26540|-9223372036854775808|-9223372036854775808|-9223372036854775808|-9223372036854775808
7ff334e7800e0d8f|-9223372036854775808|-9223372036854775808|-9223372036854775808|-9223372036854775808
176a030ecad4d472|0|0|0|0
def798b3b28f6759|-9223372036854775808|-9223372036854775808|-9223372036854775808|-9223372036854775808
b0c4f77511aed2f4|0|0|0|0
01cae51e05cda233|0|0|0|0
2e6d32748bb35146|0|0|0|0
9fafb81690fc849d|0|0|0|0
42df575484f5b3e8|137839762462415|137839762462415|137839761162240|137839761162240
c856d782d0e03917|-9223372036854775808|-9223372036854775808|-9223372036854775808|-9223372036854775808
0b745b9bf986f35a|0|0|0|0
dcecd150223bee21|-9223372036854775808|-9223372036854775808|-9223372036854775808|-9223372036854775808
d73c0ef11c47bc1c|-9223372036854775808|-9223372036854775808|-9223372036854775808|-9223372036854775808
787b3b6d52a1763b|-9223372036854775808|-9223372036854775808|-9223372036854775808|-9223372036854775808
8b103526ebc78eae|0|0|0|0
a90388661c89e7e5|0|0|0|0
caefb1f759f8df90|-9223372036854775808|-9223372036854775808|-9223372036854775808|-9223372036854775808
ef8346251ddf3d9f|-9223372036854775808|-9223372036854775808|-9223372036854775808|-9223372036854775808
54a6440408c23742|-9223372036854775808|-9223372036854775808|-9223372036854775808|-9223372036854775808
0ca0d0989c5ef5e9|0|0|0|0
b0d15e20dcb45244|0|0|0|0
a2ca9817497db343|0|0|0|0
1c9c3b34786d4116|0|0|0|0
1b58db3dbfb3dc2d|0|0|0|0
29f7386966708838|0|0|0|0
d68e099fb55b3b27|-9223372036854775808|-9223372036854775808|-9223372036854775808|-9223372036854775808
3a509d0e1c7c402a|0|0|0|0
180fdddb6d859eb1|0|0|0|0
1cd859656aa3356c|0|0|0|0
f2dd5b0fd574794b|-9223372036854775808|-9223372036854775808|-9223372036854775808|-9223372036854775808
fa80f72821b4087e|-9223372036854775808|-9223372036854775808|-9223372036854775808|-9223372036854775808
60467cb98d998175|-9223372036854775808|-9223372036854775808|-9223372036854775808|-9223372036854775808
07b6b7b417b54de0|0|0|0|0
1419edeee74851af|0|0|0|0
78441054fe7eae12|-9223372036854775808|-9223372036854775808|-9223372036854775808|-9223372036854775808
76fc014334810879|-9223372036854775808|-9223372036854775808|-9223372036854775808|-9223372036854775808
2fb0ba3e0fb70594|0|0|0|0
cd958865b57be853|-9223372036854775808|-9223372036854775808|-9223372036854775808|-9223372036854775808
0586471632bf84e6|0|0|0|0
33fbf6ed87ddf7bd|0|0|0|0
4057639d4453d088|93|93|93|93
0923f1a24dbea137|0|0|0|0
9d5414135ce720fa|0|0|0|0
dfc5623f5ee65341|-9223372036854775808|-9223372036854775808|-9223372036854775808|-9223372036854775808
39eb63e9aa0662bc|0|0|0|0
65275cfe4cee205b|-9223372036854775808|-9223372036854775808|-9223372036854775808|-9223372036854775808
0369e08f7847564e|0|0|0|0
c0b9d43ce3285f05|-6612|-6612|-6612|-6612
f118a979b68cb030|-9223372036854775808|-9223372036854775808|-9223372036854775808|-9223372036854775808
e5506414a57a49bf|-9223372036854775808|-9223372036854775808|-9223372036854775808|-9223372036854775808
4829f1dc58a738e2|-9223372036854775808|-9223372036854775808|-9223372036854775808|-9223372036854775808
6910f526b58e9f09|-9223372036854775808|-9223372036854775808|-9223372036854775808|-9223372036854775808
668c532cde9bece4|-9223372036854775808|-9223372036854775808|-9223372036854775808|-9223372036854775808
867d2bfa04094163|0|0|0|0
e2d431a5b7171cb6|-9223372036854775808|-9223372036854775808|-9223372036854775808|-9223372036854775808
2bc55c6c5ba3d74d|0|0|0|0
8135b2d186d48cd8|0|0|0|0
d01911b5365b6b47|-9223372036854775808|-9223372036854775808|-9223372036854775808|-9223372036854775808
3c9accda640495ca|0|0|0|0
60264525f9170bd1|-9223372036854775808|-9223372036854775808|-9223372036854775808|-9223372036854775808
d18b93671bf6440c|-9223372036854775808|-9223372036854775808|-9223372036854775808|-9223372036854775808
d9f05423386f6b6b|-9223372036854775808|-9223372036854775808|-9223372036854775808|-9223372036854775808
ed15893b728e781e|-9223372036854775808|-9223372036854775808|-9223372036854775808|-9223372036854775808
3484c6a1997f8095|0|0|0|0
2ca360a046540680|0|0|0|0
4d4dffe4cbe625cf|-9223372036854775808|-9223372036854775808|-9223372036854775808|-9223372036854775808
8b5de96e7118d7b2|0|0|0|0
cf7613cc8e60b999|-9223372036854775808|-9223372036854775808|-9223372036854775808|-9223372036854775808
e93c7a606c880834|-9223372036854775808|-9223372036854775808|-9223372036854775808|-9223372036854775808
22e36309bda6be73|0|0|0|0
9b50b21903210886|0|0|0|0
4a600ac1a56e7add|-9223372036854775808|-9223372036854775808|-9223372036854775808|-9223372036854775808
c582c33af967bd28|-9223372036854775808|-9223372036854775808|-9223372036854775808|-9223372036854775808
1f6864283dc29957|0|0|0|0
62b3a54970519e9a|-9223372036854775808|-9223372036854775808|-9223372036854775808|-9223372036854775808
35ed3bc93b10c861|0|0|0|0
e8aadb7a1937d95c|-9223372036854775808|-9223372036854775808|-9223372036854775808|-9223372036854775808
ca95c9aced995a7b|-9223372036854775808|-9223372036854775808|-9223372036854775808|-9223372036854775808
8eb3ad80fcd66dee|0|0|0|0
fe96f4e06d27e625|-9223372036854775808|-9223372036854775808|-9223372036854775808|-9223372036854775808
a024f625e22050d0|0|0|0|0
b25434b2883ce5df|0|0|0|0
40aea45a1ef08a82|3922|3922|3922|3922
b752c0a8f2105829|0|0|0|0
c3367a2c1be05784|-6326779352471428|-6326779352471428|-6326779421655040|-6326779421655040
69c4dcd649155f83|-9223372036854775808|-9223372036854775808|-9223372036854775808|-9223372036854775808
f3d7233de5ca4856|-9223372036854775808|-9223372036854775808|-9223372036854775808|-9223372036854775808
3347ddb357e6e26d|0|0|0|0
a600d2641ac26178|0|0|0|0
e6c8ea8874c52b67|-9223372036854775808|-9223372036854775808|-9223372036854775808|-9223372036854775808
ed64b429258b3b6a|-9223372036854775808|-9223372036854775808|-9223372036854775808|-9223372036854775808
61d639a9b00c88f1|-9223372036854775808|-9223372036854775808|-9223372036854775808|-9223372036854775808
8e4ac2f961d022ac|0|0|0|0
5d213986a84ced8b|-9223372036854775808|-9223372036854775808|-9223372036854775808|-9223372036854775808
3ca66e633cac37be|0|0|0|0
c6547338eaea8fb5|-9223372036854775808|-9223372036854775808|-9223372036854775808|-9223372036854775808
585e1d0b00468f20|-9223372036854775808|-9223372036854775808|-9223372036854775808|-9223372036854775808
0e66cfbfd26f89ef|0|0|0|0
93f8cc7d868b5152|0|0|0|0
2825d1f367f67ab9|0|0|0|0
fb30b944de49dad4|-9223372036854775808|-9223372036854775808|-9223372036854775808|-9223372036854775808
43340c17fb562493|5642796674720915|5642796674720915|5642796752961536|5642796752961536
4241e73bcf3fdc26|153787801215|153787801215|153787793408|153787793408
c6bc4d077df60dfd|-9223372036854775808|-9223372036854775808|-9223372036854775808|-9223372036854775808
8ab9b3236cd979c8|0|0|0|0
110c7e9c3e742177|0|0|0|0
827861635cae6c3a|0|0|0|0
a201ecc8ff834d81|0|0|0|0
ed7017b16d041ffc|-9223372036854775808|-9223372036854775808|-9223372036854775808|-9223372036854775808
ba0e26f59aab249b|0|0|0|0
90b82c1f60dcd58e|0|0|0|0
c5989ff4ffd07d45|-9223372036854775808|-9223372036854775808|-9223372036854775808|-9223372036854775808
669fb722c25bc170|-9223372036854775808|-9223372036854775808|-9223372036854775808|-9223372036854775808
95d1088b7caf11ff|0|0|0|0
a0d0efeee9862c22|0|0|0|0
289118835bac2149|0|0|0|0
416fd7f684a99224|16695220|16695220|16695220|16695220
812c4c0d27aa0da3|0|0|0|0
546eb429a0eec3f6|-9223372036854775808|-9223372036854775808|-9223372036854775808|-9223372036854775808
7c724509cac4fd8d|-9223372036854775808|-9223372036854775808|-9223372036854775808|-9223372036854775808
d328ef85c4e20618|-9223372036854775808|-9223372036854775808|-9223372036854775808|-9223372036854775808
d77b964360207b87|-9223372036854775808|-9223372036854775808|-9223372036854775808|-9223372036854775808
13344c55f3f8310a|0|0|0|0
be125f687d2e1611|0|0|0|0
e912b653b958d14c|-9223372036854775808|-9223372036854775808|-9223372036854775808|-9223372036854775808
e3a98a59fd14ffab|-9223372036854775808|-9223372036854775808|-9223372036854775808|-9223372036854775808
9f72e80c7175475e|0|0|0|0
7ba46ff08922aed5|-9223372036854775808|-9223372036854775808|-9223372036854775808|-9223372036854775808
a64c59574534e7c0|0|0|0|0
030a3483436c7e0f|0|0|0|0
823fbd3976be1af2|0|0|0|0
917731b0ad0a4bd9|0|0|0|0
f996cc0d0f247d74|-9223372036854775808|-9223372036854775808|-9223372036854775808|-9223372036854775808
698b172d2f921ab3|-9223372036854775808|-9223372036854775808|-9223372036854775808|-9223372036854775808
222856777d83ffc6|0|0|0|0
c273e15529bcb11d|-1366157335499|-1366157335499|-1366157295616|-1366157295616
5f4a6cac9b510668|-9223372036854775808|-9223372036854775808|-9223372036854775808|-9223372036854775808
8cd7eb3b115b3997|0|0|0|0
86e85d399ee589da|0|0|0|0
b28a184bb905e2a1|0|0|0|0
c6550b9a1c93369c|-9223372036854775808|-9223372036854775808|-9223372036854775808|-9223372036854775808
e03199141e2b7ebb|-9223372036854775808|-9223372036854775808|-9223372036854775808|-9223372036854775808
4cf35acf1fc28d2e|-9223372036854775808|-9223372036854775808|-9223372036854775808|-9223372036854775808
2c2519e4e46a2465|0|0|0|0
d1b9b461f0e70210|-9223372036854775808|-9223372036854775808|-9223372036854775808|-9223372036854775808
d04f2f19dd58ce1f|-9223372036854775808|-9223372036854775808|-9223372036854775808|-9223372036854775808
7ef3912e1a501dc2|-9223372036854775808|-9223372036854775808|-9223372036854775808|-9223372036854775808
80551c384029fa69|0|0|0|0
990b4071fd1f9cc4|0|0|0|0
8373707f92cf4bc3|0|0|0|0
314eb62c98ec8f96|0|0|0|0
697d12e14e8628ad|-9223372036854775808|-9223372036854775808|-9223372036854775808|-9223372036854775808
8ee925a05bdb7ab8|0|0|0|0
c90a37c60bf55ba7|-9223372036854775808|-9223372036854775808|-9223372036854775808|-9223372036854775808
1ba19e9cb63376aa|0|0|0|0
045b527f0f43b331|0|0|0|0
a2ae339e13b84fec|0|0|0|0
9e5b288d72cfa1cb|0|0|0|0
c9832be19651a6fe|-9223372036854775808|-9223372036854775808|-9223372036854775808|-9223372036854775808
7ba849787f6fddf5|-9223372036854775808|-9223372036854775808|-9223372036854775808|-9223372036854775808
4ec116f7c8c71060|-9223372036854775808|-9223372036854775808|-9223372036854775808|-9223372036854775808
d927c7410b65022f|-9223372036854775808|-9223372036854775808|-9223372036854775808|-9223372036854775808
63cf93484d993492|-9223372036854775808|-9223372036854775808|-9223372036854775808|-9223372036854775808
45ed49248d642cf9|-9223372036854775808|-9223372036854775808|-9223372036854775808|-9223372036854775808
aa86bd7d9d3ff014|0|0|0|0
e5e5e096ff62a0d3|-9223372036854775808|-9223372036854775808|-9223372036854775808|-9223372036854775808
63ef2bf908557366|-9223372036854775808|-9223372036854775808|-9223372036854775808|-9223372036854775808
4e947a54450a643d|-9223372036854775808|-9223372036854775808|-9223372036854775808|-9223372036854775808
7e04d216b5766308|-9223372036854775808|-9223372036854775808|-9223372036854775808|-9223372036854775808
75e979389bffe1b7|-9223372036854775808|-9223372036854775808|-9223372036854775808|-9223372036854775808
9f79bbf207def77a|0|0|0|0
e28925a2386087c1|-9223372036854775808|-9223372036854775808|-9223372036854775808|-9223372036854775808
3660dc64130d1d3c|0|0|0|0
65702d65a62268db|-9223372036854775808|-9223372036854775808|-9223372036854775808|-9223372036854775808
9e06f76f48ef94ce|0|0|0|0
6e8b4312683cdb85|-9223372036854775808|-9223372036854775808|-9223372036854775808|-9223372036854775808
9a717e69bb6a12b0|0|0|0|0
f401c347a8c21a3f|-9223372036854775808|-9223372036854775808|-9223372036854775808|-9223372036854775808
6815dda6e7365f62|-9223372036854775808|-9223372036854775808|-9223372036854775808|-9223372036854775808
1d1621ba3151e389|0|0|0|0
e2445efc5d6a7764|-9223372036854775808|-9223372036854775808|-9223372036854775808|-9223372036854775808
05eda730618d19e3|0|0|0|0
8c28731b922bab36|0|0|0|0
039fff98017263cd|0|0|0|0
4ef08e2cea56bf58|-9223372036854775808|-9223372036854775808|-9223372036854775808|-9223372036854775808
0b046968afcbcbc7|0|0|0|0
a9394233a7250c4a|0|0|0|0
1d40b7b6d9156051|0|0|0|0
6398509ad6169e8c|-9223372036854775808|-9223372036854775808|-9223372036854775808|-9223372036854775808
82d917c3a984d3eb|0|0|0|0
edde0f84c4a9569e|-9223372036854775808|-9223372036854775808|-9223372036854775808|-9223372036854775808
30baa171dd1a1d15|0|0|0|0
2cc8eab8f2a50900|0|0|0|0
f20d4c1bbae1164f|-9223372036854775808|-9223372036854775808|-9223372036854775808|-9223372036854775808
5a8f6d98eb049e32|-9223372036854775808|-9223372036854775808|-9223372036854775808|-9223372036854775808
4aca3b687ccc1e19|-9223372036854775808|-9223372036854775808|-9223372036854775808|-9223372036854775808
c0621ce81ac432b4|-144|-144|-144|-144
ec6a0275f3cfb6f3|-9223372036854775808|-9223372036854775808|-9223372036854775808|-9223372036854775808
edaec51b7e1c3706|-9223372036854775808|-9223372036854775808|-9223372036854775808|-9223372036854775808
fa44efb3f027275d|-9223372036854775808|-9223372036854775808|-9223372036854775808|-9223372036854775808
28e7d8161ff18fa8|0|0|0|0
ade02001e7ea19d7|0|0|0|0
000fff99bc82b51a|0|0|0|0
63e4d173125b3ce1|-9223372036854775808|-9223372036854775808|-9223372036854775808|-9223372036854775808
03d44f8eaf99d3dc|0|0|0|0
e2910dcac497e2fb|-9223372036854775808|-9223372036854775808|-9223372036854775808|-9223372036854775808
833325937fcbec6e|0|0|0|0
9f709609dc90a2a5|0|0|0|0
051deb1f238cf350|0|0|0|0
fd98d0f08172f65f|-9223372036854775808|-9223372036854775808|-9223372036854775808|-9223372036854775808
6a09d9be5a20f102|-9223372036854775808|-9223372036854775808|-9223372036854775808|-9223372036854775808
0874b2be04ebdca9|0|0|0|0
7c83ebd571b22204|-9223372036854775808|-9223372036854775808|-9223372036854775808|-9223372036854775808
f230ace64eeb7803|-9223372036854775808|-9223372036854775808|-9223372036854775808|-9223372036854775808
1c8dec56651416d6|0|0|0|0
6983a9ea85d1aeed|-9223372036854775808|-9223372036854775808|-9223372036854775808|-9223372036854775808
a84278bdaefbd3f8|0|0|0|0
51b90cbda72bcbe7|-9223372036854775808|-9223372036854775808|-9223372036854775808|-9223372036854775808
04041f6555b4f1ea|0|0|0|0
b22a6e18116b1d71|0|0|0|0
fbeb9750d99bbd2c|-9223372036854775808|-9223372036854775808|-9223372036854775808|-9223372036854775808
fac34533a53c960b|-9223372036854775808|-9223372036854775808|-9223372036854775808|-9223372036854775808
afee4949a9e4563e|0|0|0|0
d687d520b5696c35|-9223372036854775808|-9223372036854775808|-9223372036854775808|-9223372036854775808
c1f5980ade76d1a0|-5796572647|-5796572647|-5796572672|-5796572672
694cb4488668ba6f|-9223372036854775808|-9223372036854775808|-9223372036854775808|-9223372036854775808
b1480abd02e857d2|0|0|0|0
47e06661330a1f39|-9223372036854775808|-9223372036854775808|-9223372036854775808|-9223372036854775808
928e3a150dd94554|0|0|0|0
c90cf2df79e15d13|-9223372036854775808|-9223372036854775808|-9223372036854775808|-9223372036854775808
c0605a6201404aa6|-130|-130|-130|-130
932f251acf5afa7d|0|0|0|0
482b2c5d736a8c48|-9223372036854775808|-9223372036854775808|-9223372036854775808|-9223372036854775808
b97dbb7f22a1e1f7|0|0|0|0
b765debf35b8c2ba|0|0|0|0
5b991fcc9fbe0201|-9223372036854775808|-9223372036854775808|-9223372036854775808|-9223372036854775808
8edc4612c5615a7c|0|0|0|0
909dfd096f93ed1b|0|0|0|0
dc79e9bdfbbf940e|-9223372036854775808|-9223372036854775808|-9223372036854775808|-9223372036854775808
44f196b396ad79c5|-9223372036854775808|-9223372036854775808|-9223372036854775808|-9223372036854775808
27656f8fdef7a3f0|0|0|0|0
90d95363adf3627f|0|0|0|0
db18738950f7d2a2|-9223372036854775808|-9223372036854775808|-9223372036854775808|-9223372036854775808
812d0b0cd4bfe5c9|0|0|0|0
78648e88fa1e9ca4|-9223372036854775808|-9223372036854775808|-9223372036854775808|-9223372036854775808
d4f500cdf9f26623|-9223372036854775808|-9223372036854775808|-9223372036854775808|-9223372036854775808
fe9b8f41fe0dd276|-9223372036854775808|-9223372036854775808|-9223372036854775808|-9223372036854775808
f6a0d66601ec0a0d|-9223372036854775808|-9223372036854775808|-9223372036854775808|-9223372036854775808
40c820081c72b898|12352|12352|12352|12352
cc751353719d5c07|-9223372036854775808|-9223372036854775808|-9223372036854775808|-9223372036854775808
9912f7aaa4cb278a|0|0|0|0
c086617bb30cea91|-716|-716|-716|-716
e4e077b56b6fabcc|-9223372036854775808|-9223372036854775808|-9223372036854775808|-9223372036854775808
0145d88acdfee82b|0|0|0|0
9a5dc5ef876aa5de|0|0|0|0
4b65551e1fa5cb55|-9223372036854775808|-9223372036854775808|-9223372036854775808|-9223372036854775808
39d3c94b5be46a40|0|0|0|0
51ec39114683ee8f|-9223372036854775808|-9223372036854775808|-9223372036854775808|-9223372036854775808
caa886431d2c6172|-9223372036854775808|-9223372036854775808|-9223372036854775808|-9223372036854775808
d2b95190abe63059|-9223372036854775808|-9223372036854775808|-9223372036854775808|-9223372036854775808
fc004e2df0a727f4|-9223372036854775808|-9223372036854775808|-9223372036854775808|-9223372036854775808
ceb54affe29f9333|-9223372036854775808|-9223372036854775808|-9223372036854775808|-9223372036854775808
01cb5e71c829ae46|0|0|0|0
25d9c2190aeddd9d|0|0|0|0
e41f99277c8958e8|-9223372036854775808|-9223372036854775808|-9223372036854775808|-9223372036854775808
65cc01559daf3a17|-9223372036854775808|-9223372036854775808|-9223372036854775808|-9223372036854775808
63a21f0c4069205a|-9223372036854775808|-9223372036854775808|-9223372036854775808|-9223372036854775808
6bf72f36fd50d721|-9223372036854775808|-9223372036854775808|-9223372036854775808|-9223372036854775808
7accc48c9b8bb11c|-9223372036854775808|-9223372036854775808|-9223372036854775808|-9223372036854775808
89c29c2f011e873b|0|0|0|0
0f53f99988328bae|0|0|0|0
69793285efdb60e5|-9223372036854775808|-9223372036854775808|-9223372036854775808|-9223372036854775808
8becd6bc57522490|0|0|0|0
c6938ce618cb5e9f|-9223372036854775808|-9223372036854775808|-9223372036854775808|-9223372036854775808
4a6262a67da30442|-9223372036854775808|-9223372036854775808|-9223372036854775808|-9223372036854775808
4d0d97d5fe95fee9|-9223372036854775808|-9223372036854775808|-9223372036854775808|-9223372036854775808
bbeaed58aad7e744|0|0|0|0
7c48301be5a9e443|-9223372036854775808|-9223372036854775808|-9223372036854775808|-9223372036854775808
929edec25d80de16|0|0|0|0
1da1bfda2009752d|0|0|0|0
23ae5beed9636d38|0|0|0|0
0d20c076b2a87c27|0|0|0|0
92ac32c4cb4fad2a|0|0|0|0
2ab77e1d7cc2c7b1|0|0|0|0
619d86564cba6a6c|-9223372036854775808|-9223372036854775808|-9223372036854775808|-9223372036854775808
27bc8dceefd3ca4b|0|0|0|0
61ed935b32a4457e|-9223372036854775808|-9223372036854775808|-9223372036854775808|-9223372036854775808
c3fa2e0a37173a75|-9223372036854775808|-9223372036854775808|-9223372036854775808|-9223372036854775808
01f5650fee95d2e0|0|0|0|0
2c990fd677bab2af|0|0|0|0
6ca6fb1095b8bb12|-9223372036854775808|-9223372036854775808|-9223372036854775808|-9223372036854775808
d57edde827285179|-9223372036854775808|-9223372036854775808|-9223372036854775808|-9223372036854775808
4e2e11a73155da94|-9223372036854775808|-9223372036854775808|-9223372036854775808|-9223372036854775808
1f16373c63125953|0|0|0|0
5683120c1d4061e6|-9223372036854775808|-9223372036854775808|-9223372036854775808|-9223372036854775808
f4263b1a4f27d0bd|-9223372036854775808|-9223372036854775808|-9223372036854775808|-9223372036854775808
0ca0a5c13bf5f588|0|0|0|0
3e0c2f29ce9a2237|0|0|0|0
d955f4dffd7bcdfa|-9223372036854775808|-9223372036854775808|-9223372036854775808|-9223372036854775808
9d6b6cc60bdbbc41|0|0|0|0
93470865ed40d7bc|0|0|0|0
beeff8f2373fb15b|0|0|0|0
4f1d6133848cd34e|-9223372036854775808|-9223372036854775808|-9223372036854775808|-9223372036854775808
9f9391b745625805|0|0|0|0
0e47d561aa447530|0|0|0|0
2bd037345082eabf|0|0|0|0
998c2d18660a85e2|0|0|0|0
1d7df80124362809|0|0|0|0
2f2369a62c0601e4|0|0|0|0
31718aae7919f263|0|0|0|0
5a3091b497d539b6|-9223372036854775808|-9223372036854775808|-9223372036854775808|-9223372036854775808
3019f8cb0e71f04d|0|0|0|0
24e9d08bc075f1d8|0|0|0|0
72a3e3f431d52c47|-9223372036854775808|-9223372036854775808|-9223372036854775808|-9223372036854775808
0ffa70d7542a82ca|0|0|0|0
dd62452df154b4d1|-9223372036854775808|-9223372036854775808|-9223372036854775808|-9223372036854775808
dc5c0803b2a3f90c|-9223372036854775808|-9223372036854775808|-9223372036854775808|-9223372036854775808
d85a98403ac33c6b|-9223372036854775808|-9223372036854775808|-9223372036854775808|-9223372036854775808
0c10e05114f9351e|0|0|0|0
889d423e1b05b995|0|0|0|0
3ebb006fce330b80|0|0|0|0
dbd537113a9506cf|-9223372036854775808|-9223372036854775808|-9223372036854775808|-9223372036854775808
4f6b8abb9c7564b2|-9223372036854775808|-9223372036854775808|-9223372036854775808|-9223372036854775808
4653369a28988299|-9223372036854775808|-9223372036854775808|-9223372036854775808|-9223372036854775808
ae353f2a320d5d34|0|0|0|0
4ec590551441af73|-9223372036854775808|-9223372036854775808|-9223372036854775808|-9223372036854775808
690acd085eec6586|-9223372036854775808|-9223372036854775808|-9223372036854775808|-9223372036854775808
e867ab57cc50d3dd|-9223372036854775808|-9223372036854775808|-9223372036854775808|-9223372036854775808
1c11f413e6586228|0|0|0|0
6cf9f1e14eea9a57|-9223372036854775808|-9223372036854775808|-9223372036854775808|-9223372036854775808
1e6367e8e1d8cb9a|0|0|0|0
0a87a92b7026b161|0|0|0|0
a5ed29ffe9a8ce5c|0|0|0|0
3454e51533ff6b7b|0|0|0|0
e5a07d35e4366aee|-9223372036854775808|-9223372036854775808|-9223372036854775808|-9223372036854775808
9040d96ff88a5f25|0|0|0|0
ccf5fac3a97695d0|-9223372036854775808|-9223372036854775808|-9223372036854775808|-9223372036854775808
e44d0d0487a206df|-9223372036854775808|-9223372036854775808|-9223372036854775808|-9223372036854775808
7583d11f64165782|-9223372036854775808|-9223372036854775808|-9223372036854775808|-9223372036854775808
6d62fd802b686129|-9223372036854775808|-9223372036854775808|-9223372036854775808|-9223372036854775808
f698095d19d0ec84|-9223372036854775808|-9223372036854775808|-9223372036854775808|-9223372036854775808
d129c0afff4a9083|-9223372036854775808|-9223372036854775808|-9223372036854775808|-9223372036854775808
a878a668d572e556|0|0|0|0
ae295de37f6d7b6d|0|0|0|0
ab7c1a39e0524678|0|0|0|0
a1b98ddadaab6c67|0|0|0|0
a05a61821e43a86a|0|0|0|0
03f38264578ab1f1|0|0|0|0
fc234a7a465457ac|-9223372036854775808|-9223372036854775808|-9223372036854775808|-9223372036854775808
2c078e3b42d53e8b|0|0|0|0
8251912f2bd174be|0|0|0|0
8c0db47deeb948b5|0|0|0|0
b846ee4de6641420|0|0|0|0
bd58dc55539aeaef|0|0|0|0
dc3449e5354a5e52|-9223372036854775808|-9223372036854775808|-9223372036854775808|-9223372036854775808
100402ec77fec3b9|0|0|0|0
394c837f48f5afd4|0|0|0|0
ef4d1d86f3359593|-9223372036854775808|-9223372036854775808|-9223372036854775808|-9223372036854775808
54777c4dff95b926|-9223372036854775808|-9223372036854775808|-9223372036854775808|-9223372036854775808
fbc6ffca36b0e6fd|-9223372036854775808|-9223372036854775808|-9223372036854775808|-9223372036854775808
3f22db2ee4589ec8|0|0|0|0
8e2a05e4dc28a277|0|0|0|0
078a3cbeb668193a|0|0|0|0
284d8ec892f9b681|0|0|0|0
3885cbdd33eb94fc|0|0|0|0
24fb96c77d65b59b|0|0|0|0
1965ca212e97528e|0|0|0|0
e38c5efc6e9b7645|-9223372036854775808|-9223372036854775808|-9223372036854775808|-9223372036854775808
b2767e76da908670|0|0|0|0
54a12c8894b0b2ff|-9223372036854775808|-9223372036854775808|-9223372036854775808|-9223372036854775808
396e9413a5ae7922|0|0|0|0
7b6c2fa13df4aa49|-9223372036854775808|-9223372036854775808|-9223372036854775808|-9223372036854775808
18510d5d0460a724|0|0|0|0
1b05e938a743bea3|0|0|0|0
a492eb1c52c1e0f6|0|0|0|0
38de9966a944168d|0|0|0|0
8554769f7ba06b18|0|0|0|0
921bbb3dbcb33c87|0|0|0|0
63a65ffb5c831e0a|-9223372036854775808|-9223372036854775808|-9223372036854775808|-9223372036854775808
cb7da290ba2cbf11|-9223372036854775808|-9223372036854775808|-9223372036854775808|-9223372036854775808
6e9d4a0d24f3864c|-9223372036854775808|-9223372036854775808|-9223372036854775808|-9223372036854775808
c6e1de1b0011d0ab|-9223372036854775808|-9223372036854775808|-9223372036854775808|-9223372036854775808
2cc4e9a70895045e|0|0|0|0
736a03aad979e7d5|-9223372036854775808|-9223372036854775808|-9223372036854775808|-9223372036854775808
ce446ba2d6d0ecc0|-9223372036854775808|-9223372036854775808|-9223372036854775808|-9223372036854775808
121fdb532b545f0f|0|0|0|0
ade09193381fa7f2|0|0|0|0
d945590a212314d9|-9223372036854775808|-9223372036854775808|-9223372036854775808|-9223372036854775808
f4d05a77c036d274|-9223372036854775808|-9223372036854775808|-9223372036854775808|-9223372036854775808
2f377fade0f60bb3|0|0|0|0
2224d4ce85a45cc6|0|0|0|0
16e8f31bc6900a1d|0|0|0|0
c5d2bed1d29eab68|-9223372036854775808|-9223372036854775808|-9223372036854775808|-9223372036854775808
fe8d106257dc3a97|-9223372036854775808|-9223372036854775808|-9223372036854775808|-9223372036854775808
5499e37c9811b6da|-9223372036854775808|-9223372036854775808|-9223372036854775808|-9223372036854775808
17f5f8c0a11ccba1|0|0|0|0
d2b256cbe3312b9c|-9223372036854775808|-9223372036854775808|-9223372036854775808|-9223372036854775808
dc1d1207fd7a8fbb|-9223372036854775808|-9223372036854775808|-9223372036854775808|-9223372036854775808
30af08867f178a2e|0|0|0|0
ab6ccbff10dd9d65|0|0|0|0
59bd6b2a773a4710|-9223372036854775808|-9223372036854775808|-9223372036854775808|-9223372036854775808
4aa1d2eff236ef1f|-9223372036854775808|-9223372036854775808|-9223372036854775808|-9223372036854775808
bc0d763f2cbaeac2|0|0|0|0
60174e60c9a30369|-9223372036854775808|-9223372036854775808|-9223372036854775808|-9223372036854775808
df52b4e36fdd31c4|-9223372036854775808|-9223372036854775808|-9223372036854775808|-9223372036854775808
c73671f0840d7cc3|-9223372036854775808|-9223372036854775808|-9223372036854775808|-9223372036854775808
664a7b73602a2c96|-9223372036854775808|-9223372036854775808|-9223372036854775808|-9223372036854775808
e26db7a2463dc1ad|-9223372036854775808|-9223372036854775808|-9223372036854775808|-9223372036854775808
52e66ab809085fb8|-9223372036854775808|-9223372036854775808|-9223372036854775808|-9223372036854775808
d02f7bf60b749ca7|-9223372036854775808|-9223372036854775808|-9223372036854775808|-9223372036854775808
8e1e542995d0e3aa|0|0|0|0
57492b2de802dc31|-9223372036854775808|-9223372036854775808|-9223372036854775808|-9223372036854775808
80c7244fdfa984ec|0|0|0|0
6d174c1ace80f2cb|-9223372036854775808|-9223372036854775808|-9223372036854775808|-9223372036854775808
df16cb77d0abe3fe|-9223372036854775808|-9223372036854775808|-9223372036854775808|-9223372036854775808
8f8a5775068f96f5|0|0|0|0
946d68c6f3219560|0|0|0|0
80dbd5d9ce49632f|0|0|0|0
aa12358a50dd4192|0|0|0|0
43e0f1d573cd75f9|-9223372036854775808|-9223372036854775808|-9223372036854775808|-9223372036854775808
d57e58d7d5f8c514|-9223372036854775808|-9223372036854775808|-9223372036854775808|-9223372036854775808
06594566a28b11d3|0|0|0|0
a354bb7f8b805066|0|0|0|0
240a5a9a38363d3d|0|0|0|0
fd70a3f681d28808|-9223372036854775808|-9223372036854775808|-9223372036854775808|-9223372036854775808
655f318ec78d62b7|-9223372036854775808|-9223372036854775808|-9223372036854775808|-9223372036854775808
5486eb5af7bda47a|-9223372036854775808|-9223372036854775808|-9223372036854775808|-9223372036854775808
23b1ab0a8b57f0c1|0|0|0|0
019a430f82a1923c|0|0|0|0
60fadb070245f9db|-9223372036854775808|-9223372036854775808|-9223372036854775808|-9223372036854775808
91443641851f11ce|0|0|0|0
f131b3a24c98d485|-9223372036854775808|-9223372036854775808|-9223372036854775808|-9223372036854775808
f594a6726d1bd7b0|-9223372036854775808|-9223372036854775808|-9223372036854775808|-9223372036854775808
4cdff0e9bebcbb3f|-9223372036854775808|-9223372036854775808|-9223372036854775808|-9223372036854775808
9d26cbb7cf23ac62|0|0|0|0
baf656bb803b6c89|0|0|0|0
e8caadf5d46e8c64|-9223372036854775808|-9223372036854775808|-9223372036854775808|-9223372036854775808
47fa77b18cafcae3|-9223372036854775808|-9223372036854775808|-9223372036854775808|-9223372036854775808
dea2b2f36213c836|-9223372036854775808|-9223372036854775808|-9223372036854775808|-9223372036854775808
578f4c6094a27ccd|-9223372036854775808|-9223372036854775808|-9223372036854775808|-9223372036854775808
a3d0e5de33322458|0|0|0|0
cd9a11651e778cc7|-9223372036854775808|-9223372036854775808|-9223372036854775808|-9223372036854775808
0bca58bda514f94a|0|0|0|0
ceb4d2f373d50951|-9223372036854775808|-9223372036854775808|-9223372036854775808|-9223372036854775808
607fd7c07b9e538c|-9223372036854775808|-9223372036854775808|-9223372036854775808|-9223372036854775808
6003f9386e2aa4eb|-9223372036854775808|-9223372036854775808|-9223372036854775808|-9223372036854775808
b4f20a283d7e139e|0|0|0|0
50227e0da5425615|-9223372036854775808|-9223372036854775808|-9223372036854775808|-9223372036854775808
6cf96fbc42fe0e00|-9223372036854775808|-9223372036854775808|-9223372036854775808|-9223372036854775808
40c364d8ed01f74f|9929|9929|9929|9929
6f131fa7ff6b2b32|-9223372036854775808|-9223372036854775808|-9223372036854775808|-9223372036854775808
49861dba03c5e719|-9223372036854775808|-9223372036854775808|-9223372036854775808|-9223372036854775808
10b16340bc6387b4|0|0|0|0
cad6a830e0fca7f3|-9223372036854775808|-9223372036854775808|-9223372036854775808|-9223372036854775808
a8cf6254bf919406|0|0|0|0
5a074428cbeb805d|-9223372036854775808|-9223372036854775808|-9223372036854775808|-9223372036854775808
2e90825af69c34a8|0|0|0|0
790ccfe854c41ad7|-9223372036854775808|-9223372036854775808|-9223372036854775808|-9223372036854775808
e7e27b499a53e21a|-9223372036854775808|-9223372036854775808|-9223372036854775808|-9223372036854775808
5c1feb83067325e1|-9223372036854775808|-9223372036854775808|-9223372036854775808|-9223372036854775808
4b2dee8b1164c8dc|-9223372036854775808|-9223372036854775808|-9223372036854775808|-9223372036854775808
804f71883dcff3fb|0|0|0|0
1e78dcb28415e96e|0|0|0|0
9e0318ca93151ba5|0|0|0|0
65b355915ddd3850|-9223372036854775808|-9223372036854775808|-9223372036854775808|-9223372036854775808
8c571826bcca175f|0|0|0|0
5dc37a3936d0be02|-9223372036854775808|-9223372036854775808|-9223372036854775808|-9223372036854775808
0f0488005785e5a9|0|0|0|0
fd5fb2cb9e3cb704|-9223372036854775808|-9223372036854775808|-9223372036854775808|-9223372036854775808
926808299c32a903|0|0|0|0
c6e4147cd0e6b3d6|-9223372036854775808|-9223372036854775808|-9223372036854775808|-9223372036854775808
3d9ca95a56ba47ed|0|0|0|0
093061d5d8c5b8f8|0|0|0|0
7567863671440ce7|-9223372036854775808|-9223372036854775808|-9223372036854775808|-9223372036854775808
9c76a64cb9375eea|0|0|0|0
d041bb67b46b4671|-9223372036854775808|-9223372036854775808|-9223372036854775808|-9223372036854775808
4037d07171f9f22c|23|23|23|23
11c873160316e70b|0|0|0|0
6bcc53c09c73933e|-9223372036854775808|-9223372036854775808|-9223372036854775808|-9223372036854775808
e1501ad8e8da2535|-9223372036854775808|-9223372036854775808|-9223372036854775808|-9223372036854775808
49602778820e56a0|-9223372036854775808|-9223372036854775808|-9223372036854775808|-9223372036854775808
5cf6e262dc061b6f|-9223372036854775808|-9223372036854775808|-9223372036854775808|-9223372036854775808
57edd03c97b164d2|-9223372036854775808|-9223372036854775808|-9223372036854775808|-9223372036854775808
8826fa7ea8d46839|0|0|0|0
71b1521a999f1a54|-9223372036854775808|-9223372036854775808|-9223372036854775808|-9223372036854775808
91a672912952ce13|0|0|0|0
f3da9a39e44027a6|-9223372036854775808|-9223372036854775808|-9223372036854775808|-9223372036854775808
3801653245f7d37d|0|0|0|0
d530d30b69a3b148|-9223372036854775808|-9223372036854775808|-9223372036854775808|-9223372036854775808
6dd51c784d0862f7|-9223372036854775808|-9223372036854775808|-9223372036854775808|-9223372036854775808
25724f8998bc6fba|0|0|0|0
40777bfe8b366b01|375|375|375|375
f5e37feb02a2cf7c|-9223372036854775808|-9223372036854775808|-9223372036854775808|-9223372036854775808
4ca61544c6207e1b|-9223372036854775808|-9223372036854775808|-9223372036854775808|-9223372036854775808
b81033f85364110e|0|0|0|0
af376548599a72c5|0|0|0|0
c7961f429f2668f0|-9223372036854775808|-9223372036854775808|-9223372036854775808|-9223372036854775808
e5a641db52e7037f|-9223372036854775808|-9223372036854775808|-9223372036854775808|-9223372036854775808
e34e5bfee1aa1fa2|-9223372036854775808|-9223372036854775808|-9223372036854775808|-9223372036854775808
a216ea22894a6ec9|0|0|0|0
b055d4382d6fb1a4|0|0|0|0
e069cc7c719e1723|-9223372036854775808|-9223372036854775808|-9223372036854775808|-9223372036854775808
fa23a6c5390aef76|-9223372036854775808|-9223372036854775808|-9223372036854775808|-9223372036854775808
213da5a8d2cd230d|0|0|0|0
2d767fd60c6b1d98|0|0|0|0
b2ab3f21a3621d07|0|0|0|0
fea7436a5520148a|-9223372036854775808|-9223372036854775808|-9223372036854775808|-9223372036854775808
19e84b71c48d9391|0|0|0|0
9543c1b3afe460cc|0|0|0|0
5bc74cdc154db92b|-9223372036854775808|-9223372036854775808|-9223372036854775808|-9223372036854775808
595c2e84cef462de|-9223372036854775808|-9223372036854775808|-9223372036854775808|-9223372036854775808
ec798620089f0455|-9223372036854775808|-9223372036854775808|-9223372036854775808|-9223372036854775808
2d19f42f1ffa6f40|0|0|0|0
82f34cae93ddcf8f|0|0|0|0
7d6743654197ee72|-9223372036854775808|-9223372036854775808|-9223372036854775808|-9223372036854775808
9c0f6a177ec0f959|0|0|0|0
9468827e87d37cf4|0|0|0|0
63928f32ec958433|-9223372036854775808|-9223372036854775808|-9223372036854775808|-9223372036854775808
351eda0ccff40b46|0|0|0|0
399a5a9aeea3369d|0|0|0|0
448adbec4790fde8|-9223372036854775808|-9223372036854775808|-9223372036854775808|-9223372036854775808
0632d01521e23b17|0|0|0|0
f1e7bc475fdf4d5a|-9223372036854775808|-9223372036854775808|-9223372036854775808|-9223372036854775808
6f9e755b5669c021|-9223372036854775808|-9223372036854775808|-9223372036854775808|-9223372036854775808
d91056cf3d83a61c|-9223372036854775808|-9223372036854775808|-9223372036854775808|-9223372036854775808
dd2a534d153f983b|-9223372036854775808|-9223372036854775808|-9223372036854775808|-9223372036854775808
1de69b2a5e7188ae|0|0|0|0
7f84520a1970d9e5|-9223372036854775808|-9223372036854775808|-9223372036854775808|-9223372036854775808
9462ca843a9f6990|0|0|0|0
716aee418b9b7f9f|-9223372036854775808|-9223372036854775808|-9223372036854775808|-9223372036854775808
fae4479e2197d142|-9223372036854775808|-9223372036854775808|-9223372036854775808|-9223372036854775808
8fb4d50b935107e9|0|0|0|0
3579f114d62f7c44|0|0|0|0
14129ce5affa1543|0|0|0|0
667b45d13ae87b16|-9223372036854775808|-9223372036854775808|-9223372036854775808|-9223372036854775808
71bc7637d3230e2d|-9223372036854775808|-9223372036854775808|-9223372036854775808|-9223372036854775808
6ce1a29314ca5238|-9223372036854775808|-9223372036854775808|-9223372036854775808|-9223372036854775808
32c304ac7859bd27|0|0|0|0
9d21f9c24fb71a2a|0|0|0|0
db122aeb8303f0b1|-9223372036854775808|-9223372036854775808|-9223372036854775808|-9223372036854775808
48954cc096859f6c|-9223372036854775808|-9223372036854775808|-9223372036854775808|-9223372036854775808
22bac11b90d71b4b|0|0|0|0
4f3f8bae4a68827e|-9223372036854775808|-9223372036854775808|-9223372036854775808|-9223372036854775808
dda1ddc33fd8f375|-9223372036854775808|-9223372036854775808|-9223372036854775808|-9223372036854775808
a149349b406a57e0|0|0|0|0
f0cbc219b11113af|-9223372036854775808|-9223372036854775808|-9223372036854775808|-9223372036854775808
dfc8bb65f906c812|-9223372036854775808|-9223372036854775808|-9223372036854775808|-9223372036854775808
12224a77e5539a79|0|0|0|0
ae11d4209528af94|0|0|0|0
15f6c10a7fccca53|0|0|0|0
07507a976d153ee6|0|0|0|0
fbf639b29235a9bd|-9223372036854775808|-9223372036854775808|-9223372036854775808|-9223372036854775808
a3483844310c1a88|0|0|0|0
e753a1a468d9a337|-9223372036854775808|-9223372036854775808|-9223372036854775808|-9223372036854775808
88f43534b0a47afa|0|0|0|0
94ad839368d52541|0|0|0|0
594188f51d2f4cbc|-9223372036854775808|-9223372036854775808|-9223372036854775808|-9223372036854775808
e0bfdc6b0935425b|-9223372036854775808|-9223372036854775808|-9223372036854775808|-9223372036854775808
7d86e592a4a6504e|-9223372036854775808|-9223372036854775808|-9223372036854775808|-9223372036854775808
e64f404e4fe05105|-9223372036854775808|-9223372036854775808|-9223372036854775808|-9223372036854775808
c061ba60edf03a30|-141|-141|-141|-141
55971d1b156f8bbf|-9223372036854775808|-9223372036854775808|-9223372036854775808|-9223372036854775808
07633ce01c81d2e2|0|0|0|0
bbe4f8ed3761b109|0|0|0|0
f606daaae0a416e4|-9223372036854775808|-9223372036854775808|-9223372036854775808|-9223372036854775808
3aa77d5ade4ea363|0|0|0|0
2c69696e8ae756b6|0|0|0|0
45541737a604094d|-9223372036854775808|-9223372036854775808|-9223372036854775808|-9223372036854775808
74ef05486c8b56d8|-9223372036854775808|-9223372036854775808|-9223372036854775808|-9223372036854775808
66a505ecd7b2ed47|-9223372036854775808|-9223372036854775808|-9223372036854775808|-9223372036854775808
afed1032d3e46fca|0|0|0|0
e8d5df3392965dd1|-9223372036854775808|-9223372036854775808|-9223372036854775808|-9223372036854775808
f0dbf463fb05ae0c|-9223372036854775808|-9223372036854775808|-9223372036854775808|-9223372036854775808
3152dcafc5bb0d6b|0|0|0|0
8d996f261837f21e|0|0|0|0
9696c6ebcdcff295|0|0|0|0
7b769c49bb061080|-9223372036854775808|-9223372036854775808|-9223372036854775808|-9223372036854775808
5a22162a7427e7cf|-9223372036854775808|-9223372036854775808|-9223372036854775808|-9223372036854775808
4aa7f0038de5f1b2|-9223372036854775808|-9223372036854775808|-9223372036854775808|-9223372036854775808
08e96e6480544b99|0|0|0|0
f3b19439c3c6b234|-9223372036854775808|-9223372036854775808|-9223372036854775808|-9223372036854775808
7cbe04771c00a073|-9223372036854775808|-9223372036854775808|-9223372036854775808|-9223372036854775808
0cb3a789ba0bc286|0|0|0|0
5bfaf22680f72cdd|-9223372036854775808|-9223372036854775808|-9223372036854775808|-9223372036854775808
88181e45fabd0728|0|0|0|0
9e26f55cdb769b57|0|0|0|0
4339da229ff3f89a|7276716665075866|7276716665075866|7276716665864192|7276716665864192
159b02ce87409a61|0|0|0|0
4335ec6170cdc35c|6170877759439708|6170877759439708|6170878014390272|6170878014390272
89732483e4097c7b|0|0|0|0
9011fce7b96a67ee|0|0|0|0
06a183d57e30d825|0|0|0|0
53d7c6ba2ac0dad0|-9223372036854775808|-9223372036854775808|-9223372036854775808|-9223372036854775808
dbda9f3342eb27df|-9223372036854775808|-9223372036854775808|-9223372036854775808|-9223372036854775808
3a07369bcc502482|0|0|0|0
6ebb67937b446a29|-9223372036854775808|-9223372036854775808|-9223372036854775808|-9223372036854775808
23f6a61d88f58184|0|0|0|0
a400832d67a3c183|0|0|0|0
8c0ee0adf16f8256|0|0|0|0
030dc68f1db8146d|0|0|0|0
1c61cfc2c2562b78|0|0|0|0
a0e1544accf5ad67|0|0|0|0
dee149e66090156a|-9223372036854775808|-9223372036854775808|-9223372036854775808|-9223372036854775808
f15088bf5a0cdaf1|-9223372036854775808|-9223372036854775808|-9223372036854775808|-9223372036854775808
0c50dda6268c8cac|0|0|0|0
108cb2a068018f8b|0|0|0|0
57ad2c3ed5cab1be|-9223372036854775808|-9223372036854775808|-9223372036854775808|-9223372036854775808
219c60bdf5cc01b5|0|0|0|0
accb2ae31b759920|0|0|0|0
fd16ff91c1aa4bef|-9223372036854775808|-9223372036854775808|-9223372036854775808|-9223372036854775808
891c22dda41d6b52|0|0|0|0
4364d745378b0cb9|46929534550304200|46929534550304200|46929535685361664|46929535685361664
b56bd57209d584d4|0|0|0|0
b15f1964de390693|0|0|0|0
2fd18573c93f9626|0|0|0|0
068100f38f2fbffd|0|0|0|0
79dee19aad4bc3c8|-9223372036854775808|-9223372036854775808|-9223372036854775808|-9223372036854775808
abcc450857412377|0|0|0|0
d1d6889b96b5c63a|-9223372036854775808|-9223372036854775808|-9223372036854775808|-9223372036854775808
7f0a7d743a741f81|-9223372036854775808|-9223372036854775808|-9223372036854775808|-9223372036854775808
675c2e8a7b8709fc|-9223372036854775808|-9223372036854775808|-9223372036854775808|-9223372036854775808
62934afa4bc4469b|-9223372036854775808|-9223372036854775808|-9223372036854775808|-9223372036854775808
701f5886c425cf8e|-9223372036854775808|-9223372036854775808|-9223372036854775808|-9223372036854775808
df851e1429aa6f45|-9223372036854775808|-9223372036854775808|-9223372036854775808|-9223372036854775808
984af21216b94b70|0|0|0|0
437840e10a9653ff|109227755687985136|109227755687985136|109227752846000128|109227752846000128
8aa3218ffeeac622|0|0|0|0
9db51eb6a8c13349|0|0|0|0
e272aad3ff4bbc24|-9223372036854775808|-9223372036854775808|-9223372036854775808|-9223372036854775808
192123ac9b016fa3|0|0|0|0
e941025d4ae8fdf6|-9223372036854775808|-9223372036854775808|-9223372036854775808|-9223372036854775808
8f020f4d90872f8d|0|0|0|0
f0b9a769f8d2d018|-9223372036854775808|-9223372036854775808|-9223372036854775808|-9223372036854775808
283f584287a9fd87|0|0|0|0
312daa6dc8a20b0a|0|0|0|0
cf3a41ad042f6811|-9223372036854775808|-9223372036854775808|-9223372036854775808|-9223372036854775808
afafdd75d6423b4c|0|0|0|0
c33319038fb2a1ab|-5375527643947435|-5375527643947435|-5375527380582400|-5375527380582400
cebdb76eb488c15e|-9223372036854775808|-9223372036854775808|-9223372036854775808|-9223372036854775808
bd7be80aff1520d5|0|0|0|0
c2724075a160f1c0|-1254253794831|-1254253794831|-1254253789184|-1254253789184
a2aa5f2d2220400f|0|0|0|0
260e98c8b39534f2|0|0|0|0
3cc5aff736bfddd9|0|0|0|0
ed0ab4ca517d2774|-9223372036854775808|-9223372036854775808|-9223372036854775808|-9223372036854775808
50d8b66ec77dfcb3|-9223372036854775808|-9223372036854775808|-9223372036854775808|-9223372036854775808
80f50cbfc118b9c6|0|0|0|0
0369f4581527631d|0|0|0|0
31fa32eb85605068|0|0|0|0
fa69c145ddc13b97|-9223372036854775808|-9223372036854775808|-9223372036854775808|-9223372036854775808
b587f27d51d1e3da|0|0|0|0
3c7d0b3dcf37b4a1|0|0|0|0
a6f77881f483209c|0|0|0|0
d205cc104a6da0bb|-9223372036854775808|-9223372036854775808|-9223372036854775808|-9223372036854775808
307cc9ad8040872e|0|0|0|0
07ce6a64db951665|0|0|0|0
387c7c558b818c10|0|0|0|0
571f4d8906f9101f|-9223372036854775808|-9223372036854775808|-9223372036854775808|-9223372036854775808
19c4783d5639b7c2|0|0|0|0
442d934d4da00c69|-9223372036854775808|-9223372036854775808|-9223372036854775808|-9223372036854775808
9154ade367cec6c4|0|0|0|0
f3286bc7ab6fadc3|-9223372036854775808|-9223372036854775808|-9223372036854775808|-9223372036854775808
78a6d28187bbc996|-9223372036854775808|-9223372036854775808|-9223372036854775808|-9223372036854775808
3611e61cd8b95aad|0|0|0|0
e1333d4b26a944b8|-9223372036854775808|-9223372036854775808|-9223372036854775808|-9223372036854775808
311fbf265b57dda7|0|0|0|0
726b7eda330250aa|-9223372036854775808|-9223372036854775808|-9223372036854775808|-9223372036854775808
43119d557fc60531|1239516286386508|1239516286386508|1239516287336448|1239516287336448
3f2053523b4eb9ec|0|0|0|0
88396edfb8d643cb|0|0|0|0
68b78d0979da20fe|-9223372036854775808|-9223372036854775808|-9223372036854775808|-9223372036854775808
85198c0334f34ff5|0|0|0|0
530e4ebf40701a60|-9223372036854775808|-9223372036854775808|-9223372036854775808|-9223372036854775808
e8442008c211c42f|-9223372036854775808|-9223372036854775808|-9223372036854775808|-9223372036854775808
3994f82808354e92|0|0|0|0
b881889eedbabef9|0|0|0|0
45470b8678e59a14|-9223372036854775808|-9223372036854775808|-9223372036854775808|-9223372036854775808
d8ede500bcd782d3|-9223372036854775808|-9223372036854775808|-9223372036854775808|-9223372036854775808
434619abdbff2d66|12441350817340108|12441350817340108|12441350951665664|12441350951665664
f4d140c5ef26163d|-9223372036854775808|-9223372036854775808|-9223372036854775808|-9223372036854775808
ba549c6bf3a2ad08|0|0|0|0
45b3abcb947ee3b7|-9223372036854775808|-9223372036854775808|-9223372036854775808|-9223372036854775808
e4a73992e230517a|-9223372036854775808|-9223372036854775808|-9223372036854775808|-9223372036854775808
e05f1148565359c1|-9223372036854775808|-9223372036854775808|-9223372036854775808|-9223372036854775808
934d201f06ea073c|0|0|0|0
53a47b494e0d8adb|-9223372036854775808|-9223372036854775808|-9223372036854775808|-9223372036854775808
bdf41cb43d228ece|0|0|0|0
77973b3a2138cd85|-9223372036854775808|-9223372036854775808|-9223372036854775808|-9223372036854775808
94a2d2a616c19cb0|0|0|0|0
81a1ec1f769b5c3f|0|0|0|0
bc5003c04824f962|0|0|0|0
a87abdde3ba8f589|0|0|0|0
60ebba78daa6a164|-9223372036854775808|-9223372036854775808|-9223372036854775808|-9223372036854775808
29f9a0afaff67be3|0|0|0|0
11579cd0ac4fe536|0|0|0|0
566c56b3549695cd|-9223372036854775808|-9223372036854775808|-9223372036854775808|-9223372036854775808
faad592296818958|-9223372036854775808|-9223372036854775808|-9223372036854775808|-9223372036854775808
ea0b61e0bf874dc7|-9223372036854775808|-9223372036854775808|-9223372036854775808|-9223372036854775808
33212bd71a98e64a|0|0|0|0
9b7ac8de7f98b251|0|0|0|0
851050f4fada088c|0|0|0|0
25e0eb0dc37475eb|0|0|0|0
a96bacfa7f26d09e|0|0|0|0
fcf5f3e7e6ae8f15|-9223372036854775808|-9223372036854775808|-9223372036854775808|-9223372036854775808
c86aa777a04b1300|-9223372036854775808|-9223372036854775808|-9223372036854775808|-9223372036854775808
f25e30617206d84f|-9223372036854775808|-9223372036854775808|-9223372036854775808|-9223372036854775808
a9840c47c1e5b832|0|0|0|0
566a537a1043b019|-9223372036854775808|-9223372036854775808|-9223372036854775808|-9223372036854775808
86a60e175236dcb4|0|0|0|0
b3230679874d98f3|0|0|0|0
75993144685af106|-9223372036854775808|-9223372036854775808|-9223372036854775808|-9223372036854775808
13cbe6d47d73d95d|0|0|0|0
5c42bb639cbad9a8|-9223372036854775808|-9223372036854775808|-9223372036854775808|-9223372036854775808
4caceaa8c5021bd7|-9223372036854775808|-9223372036854775808|-9223372036854775808|-9223372036854775808
607a902eacb90f1a|-9223372036854775808|-9223372036854775808|-9223372036854775808|-9223372036854775808
13afe326a48f0ee1|0|0|0|0
ce7de62851e3bddc|-9223372036854775808|-9223372036854775808|-9223372036854775808|-9223372036854775808
ebb646cc28ac04fb|-9223372036854775808|-9223372036854775808|-9223372036854775808|-9223372036854775808
b77d0f47de33e66e|0|0|0|0
d9efe8508bdd94a5|-9223372036854775808|-9223372036854775808|-9223372036854775808|-9223372036854775808
0faddc23fa217d50|0|0|0|0
eea0d4aa3c05385f|-9223372036854775808|-9223372036854775808|-9223372036854775808|-9223372036854775808
256641ab1e948b02|0|0|0|0
077c27d288a3eea9|0|0|0|0
8a77274363fb4c04|0|0|0|0
e83dc979a39dda03|-9223372036854775808|-9223372036854775808|-9223372036854775808|-9223372036854775808
27b1842bd10d50d6|0|0|0|0
a2754245e666e0ed|0|0|0|0
530ce165c7039df8|-9223372036854775808|-9223372036854775808|-9223372036854775808|-9223372036854775808
2217a4b64fc04de7|0|0|0|0
27d240c44e4dcbea|0|0|0|0
3aaecccc7a6f6f71|0|0|0|0
da448efc2e0c272c|-9223372036854775808|-9223372036854775808|-9223372036854775808|-9223372036854775808
bdd8f41af395380b|0|0|0|0
b6622b7eb1d6d03e|0|0|0|0
f93ff5bd678ede35|-9223372036854775808|-9223372036854775808|-9223372036854775808|-9223372036854775808
c7d4e79a1c99dba0|-9223372036854775808|-9223372036854775808|-9223372036854775808|-9223372036854775808
8a8813a6a6877c6f|0|0|0|0
c8a96db6d48e71d2|-9223372036854775808|-9223372036854775808|-9223372036854775808|-9223372036854775808
deb7a2b19622b139|-9223372036854775808|-9223372036854775808|-9223372036854775808|-9223372036854775808
ddfe5804a398ef54|-9223372036854775808|-9223372036854775808|-9223372036854775808|-9223372036854775808
023c024cd3e83f13|0|0|0|0
7c4a7b5dc89404a6|-9223372036854775808|-9223372036854775808|-9223372036854775808|-9223372036854775808
646b6a32a458ac7d|-9223372036854775808|-9223372036854775808|-9223372036854775808|-9223372036854775808
d064b6b85950d648|-9223372036854775808|-9223372036854775808|-9223372036854775808|-9223372036854775808
0c695487dcd2e3f7|0|0|0|0
e79b5ec46a541cba|-9223372036854775808|-9223372036854775808|-9223372036854775808|-9223372036854775808
393fc4f352b2d401|0|0|0|0
0ced417de898447c|0|0|0|0
dbd343c510510f1b|-9223372036854775808|-9223372036854775808|-9223372036854775808|-9223372036854775808
a9821ba3dadc8e0e|0|0|0|0
998acde0b0cb6bc5|0|0|0|0
3da023b82b492df0|0|0|0|0
3684dec2ddbea47f|0|0|0|0
789deedff7706ca2|-9223372036854775808|-9223372036854775808|-9223372036854775808|-9223372036854775808
dca979c78e58f7c9|-9223372036854775808|-9223372036854775808|-9223372036854775808|-9223372036854775808
610a48de03f4c6a4|-9223372036854775808|-9223372036854775808|-9223372036854775808|-9223372036854775808
c89ea1c0656dc823|-9223372036854775808|-9223372036854775808|-9223372036854775808|-9223372036854775808
1f5e8719225c0c76|0|0|0|0
dbe1aef9f4723c0d|-9223372036854775808|-9223372036854775808|-9223372036854775808|-9223372036854775808
0dfa604d6ad78298|0|0|0|0
8a08d007cb8ade07|0|0|0|0
e6fb4fcff109018a|-9223372036854775808|-9223372036854775808|-9223372036854775808|-9223372036854775808
6b176f94ab123c91|-9223372036854775808|-9223372036854775808|-9223372036854775808|-9223372036854775808
119fae94620d15cc|0|0|0|0
c8cb012af1408a2b|-9223372036854775808|-9223372036854775808|-9223372036854775808|-9223372036854775808
ee8ad6de93521fde|-9223372036854775808|-9223372036854775808|-9223372036854775808|-9223372036854775808
975afdfd0edc3d55|0|0|0|0
eec87fafc5047440|-9223372036854775808|-9223372036854775808|-9223372036854775808|-9223372036854775808
ad3c8d7c781bb08f|0|0|0|0
655a8fa108177b72|-9223372036854775808|-9223372036854775808|-9223372036854775808|-9223372036854775808
462da72bbb1fc259|-9223372036854775808|-9223372036854775808|-9223372036854775808|-9223372036854775808
97f6e4d72733d1f4|0|0|0|0
ed3c1d2533af7533|-9223372036854775808|-9223372036854775808|-9223372036854775808|-9223372036854775808
8aba718e73126846|0|0|0|0
2af89998cc1c8f9d|0|0|0|0
3b067278360ca2e8|0|0|0|0
cdda35f06d793c17|-9223372036854775808|-9223372036854775808|-9223372036854775808|-9223372036854775808
006f6e8327e97a5a|0|0|0|0
e4c0ce62bd86a921|-9223372036854775808|-9223372036854775808|-9223372036854775808|-9223372036854775808
e5593743522f9b1c|-9223372036854775808|-9223372036854775808|-9223372036854775808|-9223372036854775808
53c483c79f04a93b|-9223372036854775808|-9223372036854775808|-9223372036854775808|-9223372036854775808
7a1e98cc3e8485ae|-9223372036854775808|-9223372036854775808|-9223372036854775808|-9223372036854775808
b366bcd1294a52e5|0|0|0|0
9e475ede53e0ae90|0|0|0|0
275ee918864fa09f|0|0|0|0
03e3376ac4a09e42|0|0|0|0
d8ed0ae0ea9010e9|-9223372036854775808|-9223372036854775808|-9223372036854775808|-9223372036854775808
e5cb5139aebb1144|-9223372036854775808|-9223372036854775808|-9223372036854775808|-9223372036854775808
965b7546b86e4643|0|0|0|0
ebbe793de0a41816|-9223372036854775808|-9223372036854775808|-9223372036854775808|-9223372036854775808
051e28576900a72d|0|0|0|0
d01385df68a53738|-9223372036854775808|-9223372036854775808|-9223372036854775808|-9223372036854775808
2b5ae214166efe27|0|0|0|0
e3980b1079b2872a|-9223372036854775808|-9223372036854775808|-9223372036854775808|-9223372036854775808
9974392f104919b1|0|0|0|0
796348229804d46c|-9223372036854775808|-9223372036854775808|-9223372036854775808|-9223372036854775808
960283d9c87e6c4b|0|0|0|0
e05272283900bf7e|-9223372036854775808|-9223372036854775808|-9223372036854775808|-9223372036854775808
6dfea84737deac75|-9223372036854775808|-9223372036854775808|-9223372036854775808|-9223372036854775808
acd6d9195d32dce0|0|0|0|0
ae41e5bda34b74af|0|0|0|0
1d47b228f868d512|0|0|0|0
d6ce705dff02e379|-9223372036854775808|-9223372036854775808|-9223372036854775808|-9223372036854775808
b41276028b2f8494|0|0|0|0
e927f9061bab3b53|-9223372036854775808|-9223372036854775808|-9223372036854775808|-9223372036854775808
0442c328f23e1be6|0|0|0|0
5c9aa7bae10782bd|-9223372036854775808|-9223372036854775808|-9223372036854775808|-9223372036854775808
3bb9006373963f88|0|0|0|0
7aed8f892c7d2437|-9223372036854775808|-9223372036854775808|-9223372036854775808|-9223372036854775808
43f398ef466127fa|-9223372036854775808|-9223372036854775808|-9223372036854775808|-9223372036854775808
7a272ed505d28e41|-9223372036854775808|-9223372036854775808|-9223372036854775808|-9223372036854775808
8d05400989d1c1bc|0|0|0|0
a6303330d2ced35b|0|0|0|0
d57cafc7a893cd4e|-9223372036854775808|-9223372036854775808|-9223372036854775808|-9223372036854775808
52bcdbe892a24a05|-9223372036854775808|-9223372036854775808|-9223372036854775808|-9223372036854775808
f2ded16ed18fff30|-9223372036854775808|-9223372036854775808|-9223372036854775808|-9223372036854775808
6e8699f204402cbf|-9223372036854775808|-9223372036854775808|-9223372036854775808|-9223372036854775808
758a0b5b4c0d1fe2|-9223372036854775808|-9223372036854775808|-9223372036854775808|-9223372036854775808
96d6f11a7f113a09|0|0|0|0
a1bfdc074c762be4|0|0|0|0
4198649943a75463|102311504|102311504|102311504|102311504
5f2c71d8604d73b6|-9223372036854775808|-9223372036854775808|-9223372036854775808|-9223372036854775808
4753b0bab25a224d|-9223372036854775808|-9223372036854775808|-9223372036854775808|-9223372036854775808
00eb26f8db14bbd8|0|0|0|0
6a9959ba37f4ae47|-9223372036854775808|-9223372036854775808|-9223372036854775808|-9223372036854775808
ff12269eb3325cca|-9223372036854775808|-9223372036854775808|-9223372036854775808|-9223372036854775808
cf2517a86cdc06d1|-9223372036854775808|-9223372036854775808|-9223372036854775808|-9223372036854775808
82ed46ee451b630c|0|0|0|0
8a215b1de956de6b|0|0|0|0
c9e304e94c4aaf1e|-9223372036854775808|-9223372036854775808|-9223372036854775808|-9223372036854775808
9f54091541de2b95|0|0|0|0
b6f698595ccd1580|0|0|0|0
5c8d457d889ec8cf|-9223372036854775808|-9223372036854775808|-9223372036854775808|-9223372036854775808
31c139c2156a7eb2|0|0|0|0
75c1ed1f25941499|-9223372036854775808|-9223372036854775808|-9223372036854775808|-9223372036854775808
1919e5cf71b40734|0|0|0|0
690a3e6de4e39173|-9223372036854775808|-9223372036854775808|-9223372036854775808|-9223372036854775808
45b9ee35e47f1f86|-9223372036854775808|-9223372036854775808|-9223372036854775808|-9223372036854775808
95df153a536185dd|0|0|0|0
b21fcd768695ac28|0|0|0|0
79888d59f3669c57|-9223372036854775808|-9223372036854775808|-9223372036854775808|-9223372036854775808
1e567c7c7aa3259a|0|0|0|0
9e155268105e8361|0|0|0|0
2c9ab9f8fea6b85c|0|0|0|0
772280890db78d7b|-9223372036854775808|-9223372036854775808|-9223372036854775808|-9223372036854775808
0ab9a5d94c7264ee|0|0|0|0
51b679ff8e1b5125|-9223372036854775808|-9223372036854775808|-9223372036854775808|-9223372036854775808
40660e68b5ff1fd0|176|176|176|176
391078afca1848df|0|0|0|0
1862189f279df182|0|0|0|0
36f5129a71a47329|0|0|0|0
3e99a821b94e1684|0|0|0|0
ae0892b09220f283|0|0|0|0
92d62f3a09c01f56|0|0|0|0
2b9fc3c6c2c6ad6d|0|0|0|0
e772395810ce1078|-9223372036854775808|-9223372036854775808|-9223372036854775808|-9223372036854775808
c4ae7a3b5ba3ee67|-9223372036854775808|-9223372036854775808|-9223372036854775808|-9223372036854775808
2ab77fafbc70826a|0|0|0|0
2b7724b4479303f1|0|0|0|0
813411cb5278c1ac|0|0|0|0
56114f2a27d1e08b|-9223372036854775808|-9223372036854775808|-9223372036854775808|-9223372036854775808
4095bfe90a97eebe|1391|1391|1391|1391
20b5286b9022bab5|0|0|0|0
e3a47c5def7b1e20|-9223372036854775808|-9223372036854775808|-9223372036854775808|-9223372036854775808
f0e1ad0a2c9dacef|-9223372036854775808|-9223372036854775808|-9223372036854775808|-9223372036854775808
1cddeb8aa3047852|0|0|0|0
ab612d79369b55b9|0|0|0|0
3bf7e74570e959d4|0|0|0|0
61fb6e77cc607793|-9223372036854775808|-9223372036854775808|-9223372036854775808|-9223372036854775808
21dc0d6dfc3d7326|0|0|0|0
11d6eb98177298fd|0|0|0|0
d52c0c7417b2e8c8|-9223372036854775808|-9223372036854775808|-9223372036854775808|-9223372036854775808
3525b70dbfbda477|0|0|0|0
2821b627cd97733a|0|0|0|0
9450680985f28881|0|0|0|0
a9a167fb93d67efc|0|0|0|0
68c3cce615c6d79b|-9223372036854775808|-9223372036854775808|-9223372036854775808|-9223372036854775808
0af6fbbaf1884c8e|0|0|0|0
f2af5132c0fd6845|-9223372036854775808|-9223372036854775808|-9223372036854775808|-9223372036854775808
33b695bbc6d61070|0|0|0|0
5373e04dee5ff4ff|-9223372036854775808|-9223372036854775808|-9223372036854775808|-9223372036854775808
74dae9dbc53b1322|-9223372036854775808|-9223372036854775808|-9223372036854775808|-9223372036854775808
4b5cb8032c11bc49|-9223372036854775808|-9223372036854775808|-9223372036854775808|-9223372036854775808
af35fdf7c56ad124|0|0|0|0
18d3bb9312e320a3|0|0|0|0
7a1bef4159641af6|-9223372036854775808|-9223372036854775808|-9223372036854775808|-9223372036854775808
4653e9d7108e488d|-9223372036854775808|-9223372036854775808|-9223372036854775808|-9223372036854775808
f7a44ca68c793518|-9223372036854775808|-9223372036854775808|-9223372036854775808|-9223372036854775808
711287fcd104be87|-9223372036854775808|-9223372036854775808|-9223372036854775808|-9223372036854775808
4e1608af0854f80a|-9223372036854775808|-9223372036854775808|-9223372036854775808|-9223372036854775808
1f100c3eeb361111|0|0|0|0
6d8400c41d44f04c|-9223372036854775808|-9223372036854775808|-9223372036854775808|-9223372036854775808
7da3164fbbf772ab|-9223372036854775808|-9223372036854775808|-9223372036854775808|-9223372036854775808
addcf6e245507e5e|0|0|0|0
53f32d8b89f459d5|-9223372036854775808|-9223372036854775808|-9223372036854775808|-9223372036854775808
32805acaf4e4f6c0|0|0|0|0
14a302ee37d0210f|0|0|0|0
cd308ea5b91ec1f2|-9223372036854775808|-9223372036854775808|-9223372036854775808|-9223372036854775808
de91657b7de0a6d9|-9223372036854775808|-9223372036854775808|-9223372036854775808|-9223372036854775808
b158b31512f77c74|0|0|0|0
372d5dfdf329edb3|0|0|0|0
d42f5b33ffe116c6|-9223372036854775808|-9223372036854775808|-9223372036854775808|-9223372036854775808
2cbdc926a582bc1d|0|0|0|0
d540dd6f0395f568|-9223372036854775808|-9223372036854775808|-9223372036854775808|-9223372036854775808
8a1f5934b30a3c97|0|0|0|0
c7f020119c2610da|-9223372036854775808|-9223372036854775808|-9223372036854775808|-9223372036854775808
3d79c888d3569da1|0|0|0|0
8fb27de6a089159c|0|0|0|0
f8cca54d1504b1bb|-9223372036854775808|-9223372036854775808|-9223372036854775808|-9223372036854775808
1d7ee1d6f33d842e|0|0|0|0
7e08bb14d4908f65|-9223372036854775808|-9223372036854775808|-9223372036854775808|-9223372036854775808
dfa2cf127dbcd110|-9223372036854775808|-9223372036854775808|-9223372036854775808|-9223372036854775808
e2f94ae62b9f311f|-9223372036854775808|-9223372036854775808|-9223372036854775808|-9223372036854775808
2b86aa4866cc84c2|0|0|0|0
d5b21fc55c211569|-9223372036854775808|-9223372036854775808|-9223372036854775808|-9223372036854775808
afc242f634f45bc4|0|0|0|0
08d7b3f718f5dec3|0|0|0|0
fdaf3cd3dfa16696|-9223372036854775808|-9223372036854775808|-9223372036854775808|-9223372036854775808
13515c7195f8f3ad|0|0|0|0
9392008304be29b8|0|0|0|0
2d037e4a0b9f1ea7|0|0|0|0
04dbfa585dc7bdaa|0|0|0|0
50d493ff668d2e31|-9223372036854775808|-9223372036854775808|-9223372036854775808|-9223372036854775808
c1409fc376a7eeec|-2178950|-2178950|-2178951|-2178951
c38b62e041cf94cb|-246673270000228704|-246673270000228704|-246673269028028416|-246673269028028416
012caf3d61dc5dfe|0|0|0|0
f647bba59a9b08f5|-9223372036854775808|-9223372036854775808|-9223372036854775808|-9223372036854775808
5550b94400b29f60|-9223372036854775808|-9223372036854775808|-9223372036854775808|-9223372036854775808
f095bbf2f6be252f|-9223372036854775808|-9223372036854775808|-9223372036854775808|-9223372036854775808
b2fb729543a15b92|0|0|0|0
20db310c8b2c07f9|0|0|0|0
69a02181d6066f14|-9223372036854775808|-9223372036854775808|-9223372036854775808|-9223372036854775808
e83ad9bb5e47f3d3|-9223372036854775808|-9223372036854775808|-9223372036854775808|-9223372036854775808
473ae98ec9d20a66|-9223372036854775808|-9223372036854775808|-9223372036854775808|-9223372036854775808
2d5f3dfbf9d9ef3d|0|0|0|0
7cfab2545ae6d208|-9223372036854775808|-9223372036854775808|-9223372036854775808|-9223372036854775808
6feea78612d464b7|-9223372036854775808|-9223372036854775808|-9223372036854775808|-9223372036854775808
f9ef95179736fe7a|-9223372036854775808|-9223372036854775808|-9223372036854775808|-9223372036854775808
1989bea92952c2c1|0|0|0|0
33c8b9a4efe67c3c|0|0|0|0
8f88051499791bdb|0|0|0|0
5d22818240fa0bce|-9223372036854775808|-9223372036854775808|-9223372036854775808|-9223372036854775808
e8d255e0761cc685|-9223372036854775808|-9223372036854775808|-9223372036854775808|-9223372036854775808
b0a8e19c085b61b0|0|0|0|0
85c97631e05dfd3f|0|0|0|0
f28a0e88223a4662|-9223372036854775808|-9223372036854775808|-9223372036854775808|-9223372036854775808
973a9271f39a7e89|0|0|0|0
fcb839f1c012b664|-9223372036854775808|-9223372036854775808|-9223372036854775808|-9223372036854775808
12a651e4db612ce3|0|0|0|0
e3e7325840e00236|-9223372036854775808|-9223372036854775808|-9223372036854775808|-9223372036854775808
82d53bb8d14eaecd|0|0|0|0
0d23f78b6444ee58|0|0|0|0
ae2dbe16a2fb0ec7|0|0|0|0
c41ac9d1d7b0d34a|-9223372036854775808|-9223372036854775808|-9223372036854775808|-9223372036854775808
57e6c4098c605b51|-9223372036854775808|-9223372036854775808|-9223372036854775808|-9223372036854775808
32ac3e3ea3c9bd8c|0|0|0|0
6eae7a0fb96246eb|-9223372036854775808|-9223372036854775808|-9223372036854775808|-9223372036854775808
47a843ca59a38d9e|-9223372036854775808|-9223372036854775808|-9223372036854775808|-9223372036854775808
7155ff8b315ec815|-9223372036854775808|-9223372036854775808|-9223372036854775808|-9223372036854775808
439783b65a8c1800|423599596208783360|423599596208783360|423599602063638528|423599602063638528
f5839c2259efb94f|-9223372036854775808|-9223372036854775808|-9223372036854775808|-9223372036854775808
af105a9402744532|0|0|0|0
f4ea98bc32457919|-9223372036854775808|-9223372036854775808|-9223372036854775808|-9223372036854775808
3e08b14c2c3e31b4|0|0|0|0
c23bf36df6c289f3|-120048187074|-120048187074|-120048189440|-120048189440
44260f2348784e06|-9223372036854775808|-9223372036854775808|-9223372036854775808|-9223372036854775808
60aef9e394c0325d|-9223372036854775808|-9223372036854775808|-9223372036854775808|-9223372036854775808
1f947075624d7ea8|0|0|0|0
89e8182248a41cd7|0|0|0|0
e7acb96ec3b23c1a|-9223372036854775808|-9223372036854775808|-9223372036854775808|-9223372036854775808
88c830337caef7e1|0|0|0|0
3b500960c116b2dc|0|0|0|0
2f746146952c15fb|0|0|0|0
34389b365e25e36e|0|0|0|0
40cc9aaa56ea0da5|14645|14645|14645|14645
f503e8d64859c250|-9223372036854775808|-9223372036854775808|-9223372036854775808|-9223372036854775808
78b5e10c0f24595f|-9223372036854775808|-9223372036854775808|-9223372036854775808|-9223372036854775808
54c7e283e16c5802|-9223372036854775808|-9223372036854775808|-9223372036854775808|-9223372036854775808
8ec5780c2845f7a9|0|0|0|0
d724709112ede104|-9223372036854775808|-9223372036854775808|-9223372036854775808|-9223372036854775808
2fe03e58752d0b03|0|0|0|0
5500b1303587edd6|-9223372036854775808|-9223372036854775808|-9223372036854775808|-9223372036854775808
9649d4ddc4d779ed|0|0|0|0
e130c766c9b582f8|-9223372036854775808|-9223372036854775808|-9223372036854775808|-9223372036854775808
956e35c052a08ee7|0|0|0|0
940b63c5e4f838ea|0|0|0|0
da98305ff3779871|-9223372036854775808|-9223372036854775808|-9223372036854775808|-9223372036854775808
81f84bdf5dd25c2c|0|0|0|0
daead3d686b7890b|-9223372036854775808|-9223372036854775808|-9223372036854775808|-9223372036854775808
cb9b9d7aba0e0d3e|-9223372036854775808|-9223372036854775808|-9223372036854775808|-9223372036854775808
c2dfee60c1879735|-140434743893596|-140434743893596|-140434743492608|-140434743492608
35225fa2fe1960a0|0|0|0|0
f2fe10c8f5ecdd6f|-9223372036854775808|-9223372036854775808|-9223372036854775808|-9223372036854775808
78cb4def897f7ed2|-9223372036854775808|-9223372036854775808|-9223372036854775808|-9223372036854775808
a56457958af4fa39|0|0|0|0
fcfdfb9b7bc6c454|-9223372036854775808|-9223372036854775808|-9223372036854775808|-9223372036854775808
5a5f77f889a1b013|-9223372036854775808|-9223372036854775808|-9223372036854775808|-9223372036854775808
7b17092e7e3be1a6|-9223372036854775808|-9223372036854775808|-9223372036854775808|-9223372036854775808
03484b507a7d857d|0|0|0|0
9f24cf119271fb48|0|0|0|0
b03d77d4e20164f7|0|0|0|0
67e7483d7a7fc9ba|-9223372036854775808|-9223372036854775808|-9223372036854775808|-9223372036854775808
793fa80886333d01|-9223372036854775808|-9223372036854775808|-9223372036854775808|-9223372036854775808
5fd73eadc741b97c|-9223372036854775808|-9223372036854775808|-9223372036854775808|-9223372036854775808
c2d3fd025e25a01b|-87909549512320|-87909549512320|-87909549998080|-87909549998080
cde2f9cb62290b0e|-9223372036854775808|-9223372036854775808|-9223372036854775808|-9223372036854775808
5289e4932c4064c5|-9223372036854775808|-9223372036854775808|-9223372036854775808|-9223372036854775808
7b260657d35ff2f0|-9223372036854775808|-9223372036854775808|-9223372036854775808|-9223372036854775808
541321f35e7a457f|-9223372036854775808|-9223372036854775808|-9223372036854775808|-9223372036854775808
26d6bc44624ab9a2|0|0|0|0
3c78ee5b73eb80c9|0|0|0|0
43e959b6cdaddba4|-9223372036854775808|-9223372036854775808|-9223372036854775808|-9223372036854775808
ffcd2fe3e5617923|-9223372036854775808|-9223372036854775808|-9223372036854775808|-9223372036854775808
f3410e328a012976|-9223372036854775808|-9223372036854775808|-9223372036854775808|-9223372036854775808
6cf17991f6db550d|-9223372036854775808|-9223372036854775808|-9223372036854775808|-9223372036854775808
efc065cf87b7e798|-9223372036854775808|-9223372036854775808|-9223372036854775808|-9223372036854775808
349681d0fa179f07|0|0|0|0
c8b22c7d4885ee8a|-9223372036854775808|-9223372036854775808|-9223372036854775808|-9223372036854775808
266ce385f69ae591|0|0|0|0
8321022dd1e9cacc|0|0|0|0
65d343d371d75b2b|-9223372036854775808|-9223372036854775808|-9223372036854775808|-9223372036854775808
ef06811ba483dcde|-9223372036854775808|-9223372036854775808|-9223372036854775808|-9223372036854775808
7814354fc25d7655|-9223372036854775808|-9223372036854775808|-9223372036854775808|-9223372036854775808
d3411c689b027940|-9223372036854775808|-9223372036854775808|-9223372036854775808|-9223372036854775808
12b6a378033d918f|0|0|0|0
35d6cd6240ab0872|0|0|0|0
0e3ce1f0f1028b59|0|0|0|0
4b0514e81ec826f4|-9223372036854775808|-9223372036854775808|-9223372036854775808|-9223372036854775808
3f0a0e84c7ed6633|0|0|0|0
4ce7527f8184c546|-9223372036854775808|-9223372036854775808|-9223372036854775808|-9223372036854775808
04c96f4f3359e89d|0|0|0|0
702e72e097fc47e8|-9223372036854775808|-9223372036854775808|-9223372036854775808|-9223372036854775808
0d4e375690743d17|0|0|0|0
8b6d66356887a75a|0|0|0|0
c2e74132c2a79221|-204550335446161|-204550335446161|-204550334054400|-204550334054400
97864eb3298f901c|0|0|0|0
b2bd06deae6dba3b|0|0|0|0
d4813ab1f86b82ae|-9223372036854775808|-9223372036854775808|-9223372036854775808|-9223372036854775808
d6b268f9af67cbe5|-9223372036854775808|-9223372036854775808|-9223372036854775808|-9223372036854775808
8be5d099f315f390|0|0|0|0
033d968c18e7c19f|0|0|0|0
9b0f53cc36bd6b42|0|0|0|0
1fce603d945319e9|0|0|0|0
eaf194eb847aa644|-9223372036854775808|-9223372036854775808|-9223372036854775808|-9223372036854775808
fd520e510f067743|-9223372036854775808|-9223372036854775808|-9223372036854775808|-9223372036854775808
4831b3251eb3b516|-9223372036854775808|-9223372036854775808|-9223372036854775808|-9223372036854775808
407f687971a2402d|502|502|502|502
e097929d24f41c38|-9223372036854775808|-9223372036854775808|-9223372036854775808|-9223372036854775808
145b86c09ce83f27|0|0|0|0
010144f91941f42a|0|0|0|0
f98b6a11b49242b1|-9223372036854775808|-9223372036854775808|-9223372036854775808|-9223372036854775808
3056db3aa138096c|0|0|0|0
86092b2da6c9bd4b|0|0|0|0
25c0720fce6cfc7e|0|0|0|0
a1995a38af286575|0|0|0|0
838cc08d94ef61e0|0|0|0|0
712606075e69d5af|-9223372036854775808|-9223372036854775808|-9223372036854775808|-9223372036854775808
c3a7ed6d63dee212|-862077254030657792|-862077254030657792|-862077245718528000|-862077245718528000
26fdad4604362c79|0|0|0|0
74c55ae5636a5994|-9223372036854775808|-9223372036854775808|-9223372036854775808|-9223372036854775808
92bb80a546adac53|0|0|0|0
d8042f717cbaf8e6|-9223372036854775808|-9223372036854775808|-9223372036854775808|-9223372036854775808
613f3277cb9d5bbd|-9223372036854775808|-9223372036854775808|-9223372036854775808|-9223372036854775808
3b3d469c53946488|0|0|0|0
158e718f2984a537|0|0|0|0
093c792d8eb1d4fa|0|0|0|0
a8fff2f872d3f741|0|0|0|0
b9bb9f55832836bc|0|0|0|0
4179ff4ba40c645b|27260090|27260090|27260090|27260090
d6776b2d60554a4e|-9223372036854775808|-9223372036854775808|-9223372036854775808|-9223372036854775808
6bafa0ac9da84305|-9223372036854775808|-9223372036854775808|-9223372036854775808|-9223372036854775808
e8e99ec2a523c430|-9223372036854775808|-9223372036854775808|-9223372036854775808|-9223372036854775808
cca0ec222cf4cdbf|-9223372036854775808|-9223372036854775808|-9223372036854775808|-9223372036854775808
7341fff1c4ac6ce2|-9223372036854775808|-9223372036854775808|-9223372036854775808|-9223372036854775808
e04b9df88b44c309|-9223372036854775808|-9223372036854775808|-9223372036854775808|-9223372036854775808
9283e2c7bf7c40e4|0|0|0|0
8ca57f43b9240563|0|0|0|0
b16b3536e80790b6|0|0|0|0
11f3469cc3743b4d|0|0|0|0
ee65bece5c1220d8|-9223372036854775808|-9223372036854775808|-9223372036854775808|-9223372036854775808
e1d703b7629a6f47|-9223372036854775808|-9223372036854775808|-9223372036854775808|-9223372036854775808
3157950cc21449ca|0|0|0|0
fa367f3e1025afd1|-9223372036854775808|-9223372036854775808|-9223372036854775808|-9223372036854775808
cff85548e0e5180c|-9223372036854775808|-9223372036854775808|-9223372036854775808|-9223372036854775808
ba273376b596af6b|0|0|0|0
44fbaa0981316c1e|-9223372036854775808|-9223372036854775808|-9223372036854775808|-9223372036854775808
2dba8d6507306495|0|0|0|0
6269b40a03881a80|-9223372036854775808|-9223372036854775808|-9223372036854775808|-9223372036854775808
4e7a379787f9a9cf|-9223372036854775808|-9223372036854775808|-9223372036854775808|-9223372036854775808
97e0d5b303030bb2|0|0|0|0
28a538fda857dd99|0|0|0|0
b6042f6b8bd55c34|0|0|0|0
aa3aab777eea8273|0|0|0|0
0391eee5ae467c86|0|0|0|0
9d1562dfd38fdedd|0|0|0|0
188b908ad9e25128|0|0|0|0
6a8d2ad7a6ba9d57|-9223372036854775808|-9223372036854775808|-9223372036854775808|-9223372036854775808
a96604bc41e6529a|0|0|0|0
4b61bded9b806c61|-9223372036854775808|-9223372036854775808|-9223372036854775808|-9223372036854775808
4672e160e333ad5c|-9223372036854775808|-9223372036854775808|-9223372036854775808|-9223372036854775808
104ae7f4c1099e7b|0|0|0|0
4baefa8d6d4e61ee|-9223372036854775808|-9223372036854775808|-9223372036854775808|-9223372036854775808
b943a21cb849ca25|0|0|0|0
7b1b316e9b3164d0|-9223372036854775808|-9223372036854775808|-9223372036854775808|-9223372036854775808
925b012b2d2969df|0|0|0|0
03e1d83945ffbe82|0|0|0|0
adc4f68c9e887c29|0|0|0|0
ea2b465dfadaab84|-9223372036854775808|-9223372036854775808|-9223372036854775808|-9223372036854775808
b9635bdb8ec22383|0|0|0|0
00a66079ee64bc56|0|0|0|0
274ba9dafe99466d|0|0|0|0
fe2ff0931bb9f578|-9223372036854775808|-9223372036854775808|-9223372036854775808|-9223372036854775808
45449e4f96b62f67|-9223372036854775808|-9223372036854775808|-9223372036854775808|-9223372036854775808
9b7b1a7801e4ef6a|0|0|0|0
3d2cda7cb01d2cf1|0|0|0|0
185e83781a18f6ac|0|0|0|0
fa6d128c9246318b|-9223372036854775808|-9223372036854775808|-9223372036854775808|-9223372036854775808
cf2da5c49a392bbe|-9223372036854775808|-9223372036854775808|-9223372036854775808|-9223372036854775808
be5aac394dbd73b5|0|0|0|0
d6af8791b274a320|-9223372036854775808|-9223372036854775808|-9223372036854775808|-9223372036854775808
35044293a4750def|0|0|0|0
2208255001ff8552|0|0|0|0
d60e5844052f9eb9|-9223372036854775808|-9223372036854775808|-9223372036854775808|-9223372036854775808
80a62061ce312ed4|0|0|0|0
cdc899c5cdabe893|-9223372036854775808|-9223372036854775808|-9223372036854775808|-9223372036854775808
1d28603d688f5026|0|0|0|0
e040930c5f7971fd|-9223372036854775808|-9223372036854775808|-9223372036854775808|-9223372036854775808
5ce94508738e0dc8|-9223372036854775808|-9223372036854775808|-9223372036854775808|-9223372036854775808
a3e2493c259e2577|0|0|0|0
bb770bd12b0d203a|0|0|0|0
46b53a060574f181|-9223372036854775808|-9223372036854775808|-9223372036854775808|-9223372036854775808
2657f7b2ccd9f3fc|0|0|0|0
46d7bc22eb6d689b|-9223372036854775808|-9223372036854775808|-9223372036854775808|-9223372036854775808
7778816886bec98e|-9223372036854775808|-9223372036854775808|-9223372036854775808|-9223372036854775808
53d0ec8ec4946145|-9223372036854775808|-9223372036854775808|-9223372036854775808|-9223372036854775808
002e387b3ae6d570|0|0|0|0
e5d29fc8500d95ff|-9223372036854775808|-9223372036854775808|-9223372036854775808|-9223372036854775808
91b3fbaec89f6022|0|0|0|0
a134d20657e64549|0|0|0|0
afe5d3a4a6bde624|0|0|0|0
93df8f561ee8d1a3|0|0|0|0
ac09b85d4e3337f6|0|0|0|0
fae4345bb959618d|-9223372036854775808|-9223372036854775808|-9223372036854775808|-9223372036854775808
33d3245686939a18|0|0|0|0
1de2e757a8c37f87|0|0|0|0
536cfd00eb9be50a|-9223372036854775808|-9223372036854775808|-9223372036854775808|-9223372036854775808
400b9e07ff40ba11|3|3|3|3
bafeeb6e49fba54c|0|0|0|0
769cd77b94e043ab|-9223372036854775808|-9223372036854775808|-9223372036854775808|-9223372036854775808
f4a3c6c08aec3b5e|-9223372036854775808|-9223372036854775808|-9223372036854775808|-9223372036854775808
d891f4e70a1792d5|-9223372036854775808|-9223372036854775808|-9223372036854775808|-9223372036854775808
9b20d8de215cfbc0|0|0|0|0
f49e13b37c64020f|-9223372036854775808|-9223372036854775808|-9223372036854775808|-9223372036854775808
3e43bc3618bc4ef2|0|0|0|0
3a0b3cda86856fd9|0|0|0|0
f607fca854a5d174|-9223372036854775808|-9223372036854775808|-9223372036854775808|-9223372036854775808
635b472973f9deb3|-9223372036854775808|-9223372036854775808|-9223372036854775808|-9223372036854775808
16befe5411fd73c6|0|0|0|0
3d95ade407a2151d|0|0|0|0
8a6016119d3f9a68|0|0|0|0
030cc5bde7b73d97|0|0|0|0
3260774f470e3dda|0|0|0|0
56d605a73d7986a1|-9223372036854775808|-9223372036854775808|-9223372036854775808|-9223372036854775808
08a86b6437430a9c|0|0|0|0
00e4b21e6d3fc2bb|0|0|0|0
43b4ddd5a80e812e|1503592768386182656|1503592768386182656|1503592733783097344|1503592733783097344
4d57244d8bd00865|-9223372036854775808|-9223372036854775808|-9223372036854775808|-9223372036854775808
498435d09dec1610|-9223372036854775808|-9223372036854775808|-9223372036854775808|-9223372036854775808
1ada91487029521f|0|0|0|0
08517cc02e7351c2|0|0|0|0
43754cd085261e69|95926927707203216|95926927707203216|95926926325055488|95926926325055488
318caae0274df0c4|0|0|0|0
52d8deb0dca00fc3|-9223372036854775808|-9223372036854775808|-9223372036854775808|-9223372036854775808
b4e9ed2737db0396|0|0|0|0
dd93c1010dfc8cad|-9223372036854775808|-9223372036854775808|-9223372036854775808|-9223372036854775808
1fb8aac8f3470eb8|0|0|0|0
b920d8942c4a5fa7|0|0|0|0
4db5e78de6212aaa|-9223372036854775808|-9223372036854775808|-9223372036854775808|-9223372036854775808
e10fe6752c585731|-9223372036854775808|-9223372036854775808|-9223372036854775808|-9223372036854775808
dfa53001e1b523ec|-9223372036854775808|-9223372036854775808|-9223372036854775808|-9223372036854775808
a7ba4060796ce5cb|0|0|0|0
b24a89fa58b29afe|0|0|0|0
341aeb1ec786c1f5|0|0|0|0
ad9dd3f883e92460|0|0|0|0
f4c0e9fd7c4e862f|-9223372036854775808|-9223372036854775808|-9223372036854775808|-9223372036854775808
8e056985d3216892|0|0|0|0
1aa0c2e9dc2150f9|0|0|0|0
0c4256023d5b4414|0|0|0|0
0e208c2c96dc64d3|0|0|0|0
8b9f4f7924f8e766|0|0|0|0
e383dba0e851c83d|-9223372036854775808|-9223372036854775808|-9223372036854775808|-9223372036854775808
324ebfcd079ef708|0|0|0|0
41899695528de5b7|53662378|53662378|53662380|53662380
2d1f01a6e6d1ab7a|0|0|0|0
82da95ba94562bc1|0|0|0|0
7345ecf38d96f13c|-9223372036854775808|-9223372036854775808|-9223372036854775808|-9223372036854775808
f518c590f488acdb|-9223372036854775808|-9223372036854775808|-9223372036854775808|-9223372036854775808
b36c24a660a588ce|0|0|0|0
da693fdbdb44bf85|-9223372036854775808|-9223372036854775808|-9223372036854775808|-9223372036854775808
81f83d2b91e926b0|0|0|0|0
39398aaa0c049e3f|0|0|0|0
1d0a72172d639362|0|0|0|0
db68540638100789|-9223372036854775808|-9223372036854775808|-9223372036854775808|-9223372036854775808
c3a7a10cd4b2cb64|-851328120897516032|-851328120897516032|-851328145167482880|-851328145167482880
b4ec194b1eefdde3|0|0|0|0
5473c66eefc41f36|-9223372036854775808|-9223372036854775808|-9223372036854775808|-9223372036854775808
4cdf20d99acac7cd|-9223372036854775808|-9223372036854775808|-9223372036854775808|-9223372036854775808
2d1703e9ec7c5358|0|0|0|0
d5804b81d8d2cfc7|-9223372036854775808|-9223372036854775808|-9223372036854775808|-9223372036854775808
f109263fac5cc04a|-9223372036854775808|-9223372036854775808|-9223372036854775808|-9223372036854775808
21d3fb462a2c0451|0|0|0|0
d7c708e3c66d728c|-9223372036854775808|-9223372036854775808|-9223372036854775808|-9223372036854775808
1b9c994a5ff417eb|0|0|0|0
c96dd3a69cf44a9e|-9223372036854775808|-9223372036854775808|-9223372036854775808|-9223372036854775808
f8f2edc215530115|-9223372036854775808|-9223372036854775808|-9223372036854775808|-9223372036854775808
c73bd183c1c11d00|-9223372036854775808|-9223372036854775808|-9223372036854775808|-9223372036854775808
2144dfc8b4bc9a4f|0|0|0|0
70d7fee89116d232|-9223372036854775808|-9223372036854775808|-9223372036854775808|-9223372036854775808
6d0e7dd3f9cb4219|-9223372036854775808|-9223372036854775808|-9223372036854775808|-9223372036854775808
c029efff9a7986b4|-12|-12|-12|-12
b5c9b36c3f5b7af3|0|0|0|0
6c73fa6a2fe9ab06|-9223372036854775808|-9223372036854775808|-9223372036854775808|-9223372036854775808
43a537c2a1d08b5d|764452299379945088|764452299379945088|764452295483064320|764452295483064320
71f61215975423a8|-9223372036854775808|-9223372036854775808|-9223372036854775808|-9223372036854775808
f2abd273efaa1dd7|-9223372036854775808|-9223372036854775808|-9223372036854775808|-9223372036854775808
80a1276faf3f691a|0|0|0|0
2e7de6bf1ed2e0e1|0|0|0|0
a89c626eaefda7dc|0|0|0|0
b5e70ae7935026fb|0|0|0|0
ac38e7a0d3ebe06e|0|0|0|0
09a1a626843a86a5|0|0|0|0
735d10e798860750|-9223372036854775808|-9223372036854775808|-9223372036854775808|-9223372036854775808
7daf721d46277a5f|-9223372036854775808|-9223372036854775808|-9223372036854775808|-9223372036854775808
a6f8ac734f582502|0|0|0|0
c15ac2c4c66c00a9|-7015187|-7015187|-7015187|-7015187
fe1f1548fb147604|-9223372036854775808|-9223372036854775808|-9223372036854775808|-9223372036854775808
9368328820e03c03|0|0|0|0
06f60296ce568ad6|0|0|0|0
ded4e992820c12ed|-9223372036854775808|-9223372036854775808|-9223372036854775808|-9223372036854775808
2359b71230db67f8|0|0|0|0
9bd5e91789e4cfe7|0|0|0|0
c25d098b4d36a5ea|-498856703194|-498856703194|-498856689664|-498856689664
e6e4a07baf83c171|-9223372036854775808|-9223372036854775808|-9223372036854775808|-9223372036854775808
b1350749514c912c|0|0|0|0
de83a41ccc7dda0b|-9223372036854775808|-9223372036854775808|-9223372036854775808|-9223372036854775808
3c78cfeb85194a3e|0|0|0|0
e1d2fd9586c45035|-9223372036854775808|-9223372036854775808|-9223372036854775808|-9223372036854775808
d3ac9206768ce5a0|-9223372036854775808|-9223372036854775808|-9223372036854775808|-9223372036854775808
98020cbeda363e6f|0|0|0|0
dcbb48ea86848bd2|-9223372036854775808|-9223372036854775808|-9223372036854775808|-9223372036854775808
42900606174b4339|4404514509520|4404514509520|4404514652160|4404514652160
3c1f9be772289954|0|0|0|0
ee6037ba5a7f2113|-9223372036854775808|-9223372036854775808|-9223372036854775808|-9223372036854775808
8bcb104cd537bea6|0|0|0|0
aedad80058665e7d|0|0|0|0
2db2370465072048|0|0|0|0
5cfe8cc66c93e5f7|-9223372036854775808|-9223372036854775808|-9223372036854775808|-9223372036854775808
44a99d02993f76ba|-9223372036854775808|-9223372036854775808|-9223372036854775808|-9223372036854775808
60e78edbb5b7a601|-9223372036854775808|-9223372036854775808|-9223372036854775808|-9223372036854775808
363e029cee9f2e7c|0|0|0|0
7beb4bb4bf9e311b|-9223372036854775808|-9223372036854775808|-9223372036854775808|-9223372036854775808
972e50b9b949880e|0|0|0|0
4458bdb65bf95dc5|-9223372036854775808|-9223372036854775808|-9223372036854775808|-9223372036854775808
e7b81bc8e76ab7f0|-9223372036854775808|-9223372036854775808|-9223372036854775808|-9223372036854775808
0dd07d85e519e67f|0|0|0|0
4a509183f23906a2|-9223372036854775808|-9223372036854775808|-9223372036854775808|-9223372036854775808
b1af007dca0209c9|0|0|0|0
667e733eda9af0a4|-9223372036854775808|-9223372036854775808|-9223372036854775808|-9223372036854775808
2e63c47101792a23|0|0|0|0
b7c1ab463ffa4676|0|0|0|0
a566d4e96a086e0d|0|0|0|0
588aa7fdb30c4c98|-9223372036854775808|-9223372036854775808|-9223372036854775808|-9223372036854775808
33cf12883f086007|0|0|0|0
ffd70e542b96db8a|-9223372036854775808|-9223372036854775808|-9223372036854775808|-9223372036854775808
6a4b092737278e91|-9223372036854775808|-9223372036854775808|-9223372036854775808|-9223372036854775808
4eaaa7964f7a7fcc|-9223372036854775808|-9223372036854775808|-9223372036854775808|-9223372036854775808
05200971a7122c2b|0|0|0|0
8dfbe89ad28999de|0|0|0|0
826534f2b322af55|0|0|0|0
519f9634f1f47e40|-9223372036854775808|-9223372036854775808|-9223372036854775808|-9223372036854775808
3fcbc0de4543728f|0|0|0|0
7abd6c54bb529572|-9223372036854775808|-9223372036854775808|-9223372036854775808|-9223372036854775808
f20407cab0695459|-9223372036854775808|-9223372036854775808|-9223372036854775808|-9223372036854775808
030201a1be907bf4|0|0|0|0
dfa42b3fb94f5733|-9223372036854775808|-9223372036854775808|-9223372036854775808|-9223372036854775808
3da20ba8cb4b2246|0|0|0|0
73e8a43ab45b419d|-9223372036854775808|-9223372036854775808|-9223372036854775808|-9223372036854775808
4a5ab67abd5fece8|-9223372036854775808|-9223372036854775808|-9223372036854775808|-9223372036854775808
3938eaf69ad33e17|0|0|0|0
72acc913f1b9d45a|-9223372036854775808|-9223372036854775808|-9223372036854775808|-9223372036854775808
a50eb0f0f5cc7b21|0|0|0|0
4e57fd2913a3851c|-9223372036854775808|-9223372036854775808|-9223372036854775808|-9223372036854775808
174a6c12537acb3b|0|0|0|0
bb1f924e5c267fae|0|0|0|0
27a26ce23bc944e5|0|0|0|0
0583c7c6683f3890|0|0|0|0
944ea9fd5363e29f|0|0|0|0
8a3e9bc247ee3842|0|0|0|0
f51ba049209a22e9|-9223372036854775808|-9223372036854775808|-9223372036854775808|-9223372036854775808
a6b9e28ea76e3b44|0|0|0|0
70347b56c3c2a843|-9223372036854775808|-9223372036854775808|-9223372036854775808|-9223372036854775808
98d75ee3c5175216|0|0|0|0
0b55311e7d07d92d|0|0|0|0
9dd768d599b70138|0|0|0|0
32e643051bc58027|0|0|0|0
dc2a4b05fe65612a|-9223372036854775808|-9223372036854775808|-9223372036854775808|-9223372036854775808
bb67eafcffdf6bb1|0|0|0|0
4c003007021f3e6c|-9223372036854775808|-9223372036854775808|-9223372036854775808|-9223372036854775808
97bfd27b3bb90e4b|0|0|0|0
307f4febdaad397e|0|0|0|0
585b707a35b61e75|-9223372036854775808|-9223372036854775808|-9223372036854775808|-9223372036854775808
9908143b379fe6e0|0|0|0|0
937e587bf26c36af|0|0|0|0
31c028870b68ef12|0|0|0|0
aee5931b84ed7579|0|0|0|0
f5d3d5a16dd92e94|-9223372036854775808|-9223372036854775808|-9223372036854775808|-9223372036854775808
9134c79e10d41d53|0|0|0|0
d5d20461dc8bd5e6|-9223372036854775808|-9223372036854775808|-9223372036854775808|-9223372036854775808
3ec57f6de1f734bd|0|0|0|0
df83b6ac21068988|-9223372036854775808|-9223372036854775808|-9223372036854775808|-9223372036854775808
6f0cf2ad6ff02637|-9223372036854775808|-9223372036854775808|-9223372036854775808|-9223372036854775808
52e7c44d599681fa|-9223372036854775808|-9223372036854775808|-9223372036854775808|-9223372036854775808
1c3450ab3fd96041|0|0|0|0
fd622fcb5932abbc|-9223372036854775808|-9223372036854775808|-9223372036854775808|-9223372036854775808
73e719038cedf55b|-9223372036854775808|-9223372036854775808|-9223372036854775808|-9223372036854775808
336f2c5e9beac74e|0|0|0|0
3cd70b0100f23c05|0|0|0|0
e983b1d3b8ab8930|-9223372036854775808|-9223372036854775808|-9223372036854775808|-9223372036854775808
ad8a0c549f8d6ebf|0|0|0|0
e9dfff4b565fb9e2|-9223372036854775808|-9223372036854775808|-9223372036854775808|-9223372036854775808
310a8136ebfc4c09|0|0|0|0
86a9a33889b655e4|0|0|0|0
3ca8ea744ec4b663|0|0|0|0
9ad80f0ef215adb6|0|0|0|0
6d00e2666952544d|-9223372036854775808|-9223372036854775808|-9223372036854775808|-9223372036854775808
fa8d093a3f8385d8|-9223372036854775808|-9223372036854775808|-9223372036854775808|-9223372036854775808
df2e6a7f67a43047|-9223372036854775808|-9223372036854775808|-9223372036854775808|-9223372036854775808
8946a1aed08a36ca|0|0|0|0
6abc32e60c7358d1|-9223372036854775808|-9223372036854775808|-9223372036854775808|-9223372036854775808
3300dc5a1e62cd0c|0|0|0|0
fd8f6be63a7a806b|-9223372036854775808|-9223372036854775808|-9223372036854775808|-9223372036854775808
66e8a03586ec291e|-9223372036854775808|-9223372036854775808|-9223372036854775808|-9223372036854775808
d6cba8c5adc69d95|-9223372036854775808|-9223372036854775808|-9223372036854775808|-9223372036854775808
b7720a06ff371f80|0|0|0|0
2e18294582388acf|0|0|0|0
ae987ed226af98b2|0|0|0|0
4a442c73989fa699|-9223372036854775808|-9223372036854775808|-9223372036854775808|-9223372036854775808
71e8fbce622ab134|-9223372036854775808|-9223372036854775808|-9223372036854775808|-9223372036854775808
6703a711fa157373|-9223372036854775808|-9223372036854775808|-9223372036854775808|-9223372036854775808
0a7298b1e761d986|0|0|0|0
471441a3918237dd|-9223372036854775808|-9223372036854775808|-9223372036854775808|-9223372036854775808
b89af9a844a2f628|0|0|0|0
b259911505729e57|0|0|0|0
c12f5de7c5bd7f9a|-1027827|-1027827|-1027827|-1027827
af318794b8a65561|0|0|0|0
dcac68736e74a25c|-9223372036854775808|-9223372036854775808|-9223372036854775808|-9223372036854775808
0a7b3fd70dffaf7b|0|0|0|0
07cc86c6ebfe5eee|0|0|0|0
312c429b8cbc4325|0|0|0|0
c3f53aab2a57a9d0|-9223372036854775808|-9223372036854775808|-9223372036854775808|-9223372036854775808
5e807a967c1e8adf|-9223372036854775808|-9223372036854775808|-9223372036854775808|-9223372036854775808
fa24f3b9f7758b82|-9223372036854775808|-9223372036854775808|-9223372036854775808|-9223372036854775808
cee4efa191f08529|-9223372036854775808|-9223372036854775808|-9223372036854775808|-9223372036854775808
95ad97069d9b4084|0|0|0|0
d6a549906d875483|-9223372036854775808|-9223372036854775808|-9223372036854775808|-9223372036854775808
82efb41a6f5d5956|0|0|0|0
0fb8755c612fdf6d|0|0|0|0
f524e24d3319da78|-9223372036854775808|-9223372036854775808|-9223372036854775808|-9223372036854775808
199dc16a8e2c7067|0|0|0|0
5e77371900ed5c6a|-9223372036854775808|-9223372036854775808|-9223372036854775808|-9223372036854775808
647bda9223ab55f1|-9223372036854775808|-9223372036854775808|-9223372036854775808|-9223372036854775808
6527d67acd6d2bac|-9223372036854775808|-9223372036854775808|-9223372036854775808|-9223372036854775808
051fb1bbb75e828b|0|0|0|0
467a10a854ae68be|-9223372036854775808|-9223372036854775808|-9223372036854775808|-9223372036854775808
43767d19be9c2cb5|101279984211118928|101279984211118928|101279984584228864|101279984584228864
e5d0ec91b4622820|-9223372036854775808|-9223372036854775808|-9223372036854775808|-9223372036854775808
0716084339306eef|0|0|0|0
7df73ed1910e9252|-9223372036854775808|-9223372036854775808|-9223372036854775808|-9223372036854775808
86a71ea13347e7b9|0|0|0|0
ccad176f71ad03d4|-9223372036854775808|-9223372036854775808|-9223372036854775808|-9223372036854775808
9fd32694f21b5993|0|0|0|0
188a0b22de352d26|0|0|0|0
cc7a02e4f7444afd|-9223372036854775808|-9223372036854775808|-9223372036854775808|-9223372036854775808
761b17e510dd32c8|-9223372036854775808|-9223372036854775808|-9223372036854775808|-9223372036854775808
cd885b1a98e2a677|-9223372036854775808|-9223372036854775808|-9223372036854775808|-9223372036854775808
4035a5457f16cd3a|21|21|21|21
bf961b2748fb5a81|0|0|0|0
11abb472769168fc|0|0|0|0
a6e6ce88dcb7f99b|0|0|0|0
2a86607a53c9468e|0|0|0|0
6422649ec46f5a45|-9223372036854775808|-9223372036854775808|-9223372036854775808|-9223372036854775808
6226f497c2eb9a70|-9223372036854775808|-9223372036854775808|-9223372036854775808|-9223372036854775808
42750e893f9f36ff|1447011023347|1447011023347|1447011024896|1447011024896
07ab2300d917ad22|0|0|0|0
2559477fbc3ece49|0|0|0|0
c92b77f6f344fb24|-9223372036854775808|-9223372036854775808|-9223372036854775808|-9223372036854775808
7d039b9fcf1282a3|-9223372036854775808|-9223372036854775808|-9223372036854775808|-9223372036854775808
45b07585f95654f6|-9223372036854775808|-9223372036854775808|-9223372036854775808|-9223372036854775808
9a54c2741ae87a8d|0|0|0|0
753cdfbb3721ff18|-9223372036854775808|-9223372036854775808|-9223372036854775808|-9223372036854775808
bdc0957e1ee64087|0|0|0|0
234eaee54276d20a|0|0|0|0
01075f09d04f6311|0|0|0|0
9dc67c2aac665a4c|0|0|0|0
c5a184432a6d14ab|-9223372036854775808|-9223372036854775808|-9223372036854775808|-9223372036854775808
9cb1bf08555bf85e|0|0|0|0
05dc6f180f7ecbd5|0|0|0|0
8e72742a76c900c0|0|0|0|0
d08be8d9ffdbe30f|-9223372036854775808|-9223372036854775808|-9223372036854775808|-9223372036854775808
f1c8f7c5a26ddbf2|-9223372036854775808|-9223372036854775808|-9223372036854775808|-9223372036854775808
34088d97e0ae38d9|0|0|0|0
1956081466882674|0|0|0|0
cdc070ff59edcfb3|-9223372036854775808|-9223372036854775808|-9223372036854775808|-9223372036854775808
02a11588c76dd0c6|0|0|0|0
6fc6372ccb856e1d|-9223372036854775808|-9223372036854775808|-9223372036854775808|-9223372036854775808
3b4f77c8a25d3f68|0|0|0|0
701f86b08bc83e97|-9223372036854775808|-9223372036854775808|-9223372036854775808|-9223372036854775808
5f44788c228a6ada|-9223372036854775808|-9223372036854775808|-9223372036854775808|-9223372036854775808
4dd3f3de9da06fa1|-9223372036854775808|-9223372036854775808|-9223372036854775808|-9223372036854775808
392a3ca508b0ff9c|0|0|0|0
1a443d24631ed3bb|0|0|0|0
045893bc6eb37e2e|0|0|0|0
fccaac8d91538165|-9223372036854775808|-9223372036854775808|-9223372036854775808|-9223372036854775808
50c16e3f3c0f5b10|-9223372036854775808|-9223372036854775808|-9223372036854775808|-9223372036854775808
ade80130e497731f|0|0|0|0
90debd447d2e1ec2|0|0|0|0
eae697b658af2769|-9223372036854775808|-9223372036854775808|-9223372036854775808|-9223372036854775808
4bda3ba58edb85c4|-9223372036854775808|-9223372036854775808|-9223372036854775808|-9223372036854775808
95d7be67066e40c3|0|0|0|0
9714c7786068a096|0|0|0|0
d239a26bd0c425ad|-9223372036854775808|-9223372036854775808|-9223372036854775808|-9223372036854775808
3495c5c64243f3b8|0|0|0|0
5efc8f77cd59a0a7|-9223372036854775808|-9223372036854775808|-9223372036854775808|-9223372036854775808
e5ffaca49c0e97aa|-9223372036854775808|-9223372036854775808|-9223372036854775808|-9223372036854775808
76a8584061278031|-9223372036854775808|-9223372036854775808|-9223372036854775808|-9223372036854775808
0f5671abcc7658ec|0|0|0|0
d28765e46fae36cb|-9223372036854775808|-9223372036854775808|-9223372036854775808|-9223372036854775808
2c8f8e672e5cd7fe|0|0|0|0
f0464f714bb67af5|-9223372036854775808|-9223372036854775808|-9223372036854775808|-9223372036854775808
6d0005c01a13a960|-9223372036854775808|-9223372036854775808|-9223372036854775808|-9223372036854775808
8ab214cd62c2e72f|0|0|0|0
50fbceed86b57592|-9223372036854775808|-9223372036854775808|-9223372036854775808|-9223372036854775808
3554ca42709a99f9|0|0|0|0
6c14d37ffee41914|-9223372036854775808|-9223372036854775808|-9223372036854775808|-9223372036854775808
8719b32a7694d5d3|0|0|0|0
5a10f0fbbd73c466|-9223372036854775808|-9223372036854775808|-9223372036854775808|-9223372036854775808
28211b594a8da13d|0|0|0|0
1063823349cb1c08|0|0|0|0
82d09d1063ab66b7|0|0|0|0
23ab983ea100587a|0|0|0|0
3df3f54a275d94c1|0|0|0|0
4cbc2e9d2ffb663c|-9223372036854775808|-9223372036854775808|-9223372036854775808|-9223372036854775808
bd9360266f3c3ddb|0|0|0|0
b5dbaf5b6c2505ce|0|0|0|0
2e2af5b2e0b0b885|0|0|0|0
a64bda6c036aebb0|0|0|0|0
b7b75f51098f3f3f|0|0|0|0
c1f0b1b539a0e062|-4481307546|-4481307546|-4481307648|-4481307648
f53ac66a99099089|-9223372036854775808|-9223372036854775808|-9223372036854775808|-9223372036854775808
510d23b66886e064|-9223372036854775808|-9223372036854775808|-9223372036854775808|-9223372036854775808
1577e31c8aa28ee3|0|0|0|0
891efd3988fc3c36|0|0|0|0
200f33be410ae0cd|0|0|0|0
4071f44f7f27b858|287|287|287|287
85ccf1dd710e90c7|0|0|0|0
c10019f2689cad4a|-131902|-131902|-131902|-131902
1c2db1a5e8fbad51|0|0|0|0
ddfa016ab2c5278c|-9223372036854775808|-9223372036854775808|-9223372036854775808|-9223372036854775808
997da209c729e8eb|0|0|0|0
08081ade1919079e|0|0|0|0
13255b97228b3a15|0|0|0|0
85b9392b25ea2200|0|0|0|0
22df7d41926d7b4f|0|0|0|0
b5d9bae13dcd5f32|0|0|0|0
9d1a6754f6d50b19|0|0|0|0
b5977c91ece8dbb4|0|0|0|0
f400f91271186bf3|-9223372036854775808|-9223372036854775808|-9223372036854775808|-9223372036854775808
bd2212d1eeaf0806|0|0|0|0
e3b4f31e34a4e45d|-9223372036854775808|-9223372036854775808|-9223372036854775808|-9223372036854775808
fbb794098bcec8a8|-9223372036854775808|-9223372036854775808|-9223372036854775808|-9223372036854775808
4c8c65fcca141ed7|-9223372036854775808|-9223372036854775808|-9223372036854775808|-9223372036854775808
f460bfd73f60961a|-9223372036854775808|-9223372036854775808|-9223372036854775808|-9223372036854775808
3890b71f1afac9e1|0|0|0|0
a01c32cc6b989cdc|0|0|0|0
180b03df331837fb|0|0|0|0
57fce4ea0f85dd6e|-9223372036854775808|-9223372036854775808|-9223372036854775808|-9223372036854775808
eb436153a3ceffa5|-9223372036854775808|-9223372036854775808|-9223372036854775808|-9223372036854775808
08b714d73aa64c50|0|0|0|0
eb8116eef10e9b5f|-9223372036854775808|-9223372036854775808|-9223372036854775808|-9223372036854775808
e9708c693857f202|-9223372036854775808|-9223372036854775808|-9223372036854775808|-9223372036854775808
e52fb653f31609a9|-9223372036854775808|-9223372036854775808|-9223372036854775808|-9223372036854775808
f670fb3f6c6f0b04|-9223372036854775808|-9223372036854775808|-9223372036854775808|-9223372036854775808
44e9f00ab6b76d03|-9223372036854775808|-9223372036854775808|-9223372036854775808|-9223372036854775808
9bccd0ac6b7927d6|0|0|0|0
3fc83114ae04abed|0|0|0|0
37ef26e14c754cf8|0|0|0|0
e9a050bf058d10e7|-9223372036854775808|-9223372036854775808|-9223372036854775808|-9223372036854775808
9115b18e570912ea|0|0|0|0
504403b93e93ea71|-9223372036854775808|-9223372036854775808|-9223372036854775808|-9223372036854775808
186d48a8587ac62c|0|0|0|0
40e97d01d4e82b0b|52200|52200|52200|52200
bbab4247e2f8873e|0|0|0|0
d36f8c6e47450935|-9223372036854775808|-9223372036854775808|-9223372036854775808|-9223372036854775808
8451fc77d5f46aa0|0|0|0|0
d629a4bd63639f6f|-9223372036854775808|-9223372036854775808|-9223372036854775808|-9223372036854775808
8465a3eb9b9d98d2|0|0|0|0
3b578f1ecb258c39|0|0|0|0
d8ee4730d6be6e54|-9223372036854775808|-9223372036854775808|-9223372036854775808|-9223372036854775808
639c33f856809213|-9223372036854775808|-9223372036854775808|-9223372036854775808|-9223372036854775808
8d521e999d879ba6|0|0|0|0
538697f6ce13377d|-9223372036854775808|-9223372036854775808|-9223372036854775808|-9223372036854775808
50b62cbe21104548|-9223372036854775808|-9223372036854775808|-9223372036854775808|-9223372036854775808
1e648c038c8a66f7|0|0|0|0
f3904361969323ba|-9223372036854775808|-9223372036854775808|-9223372036854775808|-9223372036854775808
9a139f4a71400f01|0|0|0|0
c351efadaeb0a37c|-20194415373094384|-20194415373094384|-20194414387265536|-20194414387265536
8a61d0d444bac21b|0|0|0|0
4624cbf9b03e050e|-9223372036854775808|-9223372036854775808|-9223372036854775808|-9223372036854775808
037a6de0cff656c5|0|0|0|0
a3f983f2b7697cf0|0|0|0|0
5a9eddd3819d877f|-9223372036854775808|-9223372036854775808|-9223372036854775808|-9223372036854775808
2d987936773b53a2|0|0|0|0
1b73ed0e209c92c9|0|0|0|0
15ee01327abc05a4|0|0|0|0
a1964b31c9b4db23|0|0|0|0
ca555ec914476376|-9223372036854775808|-9223372036854775808|-9223372036854775808|-9223372036854775808
7fc9d8b8ddf9870d|-9223372036854775808|-9223372036854775808|-9223372036854775808|-9223372036854775808
bf35b1b93cd4b198|0|0|0|0
9e404278aa5d2107|0|0|0|0
da2a4f766a3bc88a|-9223372036854775808|-9223372036854775808|-9223372036854775808|-9223372036854775808
5da68e99fcb83791|-9223372036854775808|-9223372036854775808|-9223372036854775808|-9223372036854775808
4feab1242abf34cc|-9223372036854775808|-9223372036854775808|-9223372036854775808|-9223372036854775808
fb5fece1a0f0fd2b|-9223372036854775808|-9223372036854775808|-9223372036854775808|-9223372036854775808
93c4c1faed6356de|0|0|0|0
44dc9600712be855|-9223372036854775808|-9223372036854775808|-9223372036854775808|-9223372036854775808
861ed43019da8340|0|0|0|0
1222a22c4e2d538f|0|0|0|0
8769e964480e2272|0|0|0|0
42911a5c89541d59|4701229831431|4701229831431|4701229678592|4701229678592
c526e934568cd0f4|-9223372036854775808|-9223372036854775808|-9223372036854775808|-9223372036854775808
b9d2e98417d54833|0|0|0|0
5a578d1320657f46|-9223372036854775808|-9223372036854775808|-9223372036854775808|-9223372036854775808
f271d917df209a9d|-9223372036854775808|-9223372036854775808|-9223372036854775808|-9223372036854775808
cda3d9dbf63791e8|-9223372036854775808|-9223372036854775808|-9223372036854775808|-9223372036854775808
c64379bf9c963f17|-9223372036854775808|-9223372036854775808|-9223372036854775808|-9223372036854775808
bf1cb2149380015a|0|0|0|0
f670dd02e6f56421|-9223372036854775808|-9223372036854775808|-9223372036854775808|-9223372036854775808
65c519ef606b7a1c|-9223372036854775808|-9223372036854775808|-9223372036854775808|-9223372036854775808
8e9ef9229e2bdc3b|0|0|0|0
ddf37a5439b57cae|-9223372036854775808|-9223372036854775808|-9223372036854775808|-9223372036854775808
7873ff295e6ebde5|-9223372036854775808|-9223372036854775808|-9223372036854775808|-9223372036854775808
8b0657b3035c7d90|0|0|0|0
d354710d45c4039f|-9223372036854775808|-9223372036854775808|-9223372036854775808|-9223372036854775808
bf99eb8cc8330542|0|0|0|0
2e2b3a6b1f652be9|0|0|0|0
60a0ffc76795d044|-9223372036854775808|-9223372036854775808|-9223372036854775808|-9223372036854775808
46608de9e6a2d943|-9223372036854775808|-9223372036854775808|-9223372036854775808|-9223372036854775808
eae81916a3ceef16|-9223372036854775808|-9223372036854775808|-9223372036854775808|-9223372036854775808
1349e5071b31722d|0|0|0|0
0a97bbd216ede638|0|0|0|0
c5eb8974a306c127|-9223372036854775808|-9223372036854775808|-9223372036854775808|-9223372036854775808
f6868600f91cce2a|-9223372036854775808|-9223372036854775808|-9223372036854775808|-9223372036854775808
5885559a823094b1|-9223372036854775808|-9223372036854775808|-9223372036854775808|-9223372036854775808
8ec537c60aba736c|0|0|0|0
82c45b66974c5f4b|0|0|0|0
737d69832dc1767e|-9223372036854775808|-9223372036854775808|-9223372036854775808|-9223372036854775808
3128182e5b87d775|0|0|0|0
6679b8a595446be0|-9223372036854775808|-9223372036854775808|-9223372036854775808|-9223372036854775808
b06dbce06f5297af|0|0|0|0
8826cc09bf06fc12|0|0|0|0
169fe80a1128be79|0|0|0|0
2330284efa7c0394|0|0|0|0
4cda0be68a1e8e53|-9223372036854775808|-9223372036854775808|-9223372036854775808|-9223372036854775808
17b9882ae1b0b2e6|0|0|0|0
077e2c61b4150dbd|0|0|0|0
dd245f902becae88|-9223372036854775808|-9223372036854775808|-9223372036854775808|-9223372036854775808
b2c2f01b0fbfa737|0|0|0|0
3e4bfdec770f2efa|0|0|0|0
ebdec4dafce2c941|-9223372036854775808|-9223372036854775808|-9223372036854775808|-9223372036854775808
459f919d5bf120bc|-9223372036854775808|-9223372036854775808|-9223372036854775808|-9223372036854775808
ea432ee09d73865b|-9223372036854775808|-9223372036854775808|-9223372036854775808|-9223372036854775808
21b871362b54444e|0|0|0|0
d697d78c4c803505|-9223372036854775808|-9223372036854775808|-9223372036854775808|-9223372036854775808
5faaa5595c274e30|-9223372036854775808|-9223372036854775808|-9223372036854775808|-9223372036854775808
3808ad726c0a0fbf|0|0|0|0
5f796b4fd12706e2|-9223372036854775808|-9223372036854775808|-9223372036854775808|-9223372036854775808
1413e0c53137d509|0|0|0|0
331e10e5fb246ae4|0|0|0|0
2486a18514896763|0|0|0|0
1f632c254e77cab6|0|0|0|0
3c3715e033f46d4d|0|0|0|0
6ffaf5edd568ead8|-9223372036854775808|-9223372036854775808|-9223372036854775808|-9223372036854775808
138b36ed5711f147|0|0|0|0
2950f7f6ae9423ca|0|0|0|0
b5bcdbd1f1c501d1|0|0|0|0
acbb00484d94820c|0|0|0|0
4bfff0d88802516b|-9223372036854775808|-9223372036854775808|-9223372036854775808|-9223372036854775808
87c3625c2d7ae61e|0|0|0|0
bdbd8061c5a0d695|0|0|0|0
578a103b9fda2480|-9223372036854775808|-9223372036854775808|-9223372036854775808|-9223372036854775808
ac232194875b6bcf|0|0|0|0
99cf3d5b507025b2|0|0|0|0
e3e0f634866b6f99|-9223372036854775808|-9223372036854775808|-9223372036854775808|-9223372036854775808
8fd864f844b40634|0|0|0|0
b00e7afb66646473|0|0|0|0
6c127bf35fd13686|-9223372036854775808|-9223372036854775808|-9223372036854775808|-9223372036854775808
340030521d3890dd|0|0|0|0
ab6f9e3416d79b28|0|0|0|0
7ca9d5911f8e9f57|-9223372036854775808|-9223372036854775808|-9223372036854775808|-9223372036854775808
7020a844d628ac9a|-9223372036854775808|-9223372036854775808|-9223372036854775808|-9223372036854775808
53450dd2f7d03e61|-9223372036854775808|-9223372036854775808|-9223372036854775808|-9223372036854775808
c6210c4af069975c|-9223372036854775808|-9223372036854775808|-9223372036854775808|-9223372036854775808
1eda63800499c07b|0|0|0|0
4c0cdf8898825bee|-9223372036854775808|-9223372036854775808|-9223372036854775808|-9223372036854775808
71cc022a9b72bc25|-9223372036854775808|-9223372036854775808|-9223372036854775808|-9223372036854775808
211ae03db371eed0|0|0|0|0
42a20122c6f7abdf|9898043866069|9898043866069|9898043637760|9898043637760
384806b10bff5882|0|0|0|0
55fcbe50dbdc8e29|-9223372036854775808|-9223372036854775808|-9223372036854775808|-9223372036854775808
4a6f8f8ff18fd584|-9223372036854775808|-9223372036854775808|-9223372036854775808|-9223372036854775808
48e6c4f13e708583|-9223372036854775808|-9223372036854775808|-9223372036854775808|-9223372036854775808
1eb7db085ca9f656|0|0|0|0
7140cb1b7a8a786d|-9223372036854775808|-9223372036854775808|-9223372036854775808|-9223372036854775808
98274e9fa6edbf78|0|0|0|0
42ab46af5206b167|14995201524568|14995201524568|14995201982464|14995201982464
4a70f7ac8989c96a|-9223372036854775808|-9223372036854775808|-9223372036854775808|-9223372036854775808
40bc01ae323d7ef1|7169|7169|7169|7169
df42b5e1bc7560ac|-9223372036854775808|-9223372036854775808|-9223372036854775808|-9223372036854775808
0281e7eba71ad38b|0|0|0|0
91000cab09f7a5be|0|0|0|0
49721c3f72bee5b5|-9223372036854775808|-9223372036854775808|-9223372036854775808|-9223372036854775808
e4da46b14543ad20|-9223372036854775808|-9223372036854775808|-9223372036854775808|-9223372036854775808
d23b306dfacfcfef|-9223372036854775808|-9223372036854775808|-9223372036854775808|-9223372036854775808
574293f320319f52|-9223372036854775808|-9223372036854775808|-9223372036854775808|-9223372036854775808
49b4bbcc50e430b9|-9223372036854775808|-9223372036854775808|-9223372036854775808|-9223372036854775808
60f99256ab5cd8d4|-9223372036854775808|-9223372036854775808|-9223372036854775808|-9223372036854775808
efdeae6b49aeca93|-9223372036854775808|-9223372036854775808|-9223372036854775808|-9223372036854775808
4253dc9f2d2f0a26|341223191740|341223191740|341223178240|341223178240
0e3c7ef66ed323fd|0|0|0|0
ba70b4d73fa057c8|0|0|0|0
74d9be70298b2777|-9223372036854775808|-9223372036854775808|-9223372036854775808|-9223372036854775808
1b1d737299b47a3a|0|0|0|0
51606f6ae085c381|-9223372036854775808|-9223372036854775808|-9223372036854775808|-9223372036854775808
f6c6cc3ce0fcddfc|-9223372036854775808|-9223372036854775808|-9223372036854775808|-9223372036854775808
7346d02ff9a68a9b|-9223372036854775808|-9223372036854775808|-9223372036854775808|-9223372036854775808
a436b91b28a7c38e|0|0|0|0
a027ae19508e5345|0|0|0|0
a43b2f98aee45f70|0|0|0|0
725eb609cd14d7ff|-9223372036854775808|-9223372036854775808|-9223372036854775808|-9223372036854775808
f1c8e909c6a3fa22|-9223372036854775808|-9223372036854775808|-9223372036854775808|-9223372036854775808
d398f76ee91b5749|-9223372036854775808|-9223372036854775808|-9223372036854775808|-9223372036854775808
d883b64afb001024|-9223372036854775808|-9223372036854775808|-9223372036854775808|-9223372036854775808
808cfb5a336033a3|0|0|0|0
c7f34fd02acd71f6|-9223372036854775808|-9223372036854775808|-9223372036854775808|-9223372036854775808
24d22ff8c53b938d|0|0|0|0
34d52355ee246418|0|0|0|0
a51f33db436d0187|0|0|0|0
7f32eb1ddce5bf0a|-9223372036854775808|-9223372036854775808|-9223372036854775808|-9223372036854775808
19348385ee620c11|0|0|0|0
e35638ef94850f4c|-9223372036854775808|-9223372036854775808|-9223372036854775808|-9223372036854775808
f8f96aa28c9de5ab|-9223372036854775808|-9223372036854775808|-9223372036854775808|-9223372036854775808
8fe1f0f8749fb55e|0|0|0|0
e431dd592a2a04d5|-9223372036854775808|-9223372036854775808|-9223372036854775808|-9223372036854775808
7065816b452905c0|-9223372036854775808|-9223372036854775808|-9223372036854775808|-9223372036854775808
7079e3fed237c40f|-9223372036854775808|-9223372036854775808|-9223372036854775808|-9223372036854775808
f6b1a4e0263368f2|-9223372036854775808|-9223372036854775808|-9223372036854775808|-9223372036854775808
2f7a43771c5b01d9|0|0|0|0
9c251b29989e7b74|0|0|0|0
e8c408cdb505c0b3|-9223372036854775808|-9223372036854775808|-9223372036854775808|-9223372036854775808
3ea1a17af0322dc6|0|0|0|0
598051dd812cc71d|-9223372036854775808|-9223372036854775808|-9223372036854775808|-9223372036854775808
3b49e0c962eee468|0|0|0|0
dfb4ae1baf3d3f97|-9223372036854775808|-9223372036854775808|-9223372036854775808|-9223372036854775808
cc72195dfe9a97da|-9223372036854775808|-9223372036854775808|-9223372036854775808|-9223372036854775808
5fd720b483cb58a1|-9223372036854775808|-9223372036854775808|-9223372036854775808|-9223372036854775808
a469e49364d2f49c|0|0|0|0
1e55c73f06a1e4bb|0|0|0|0
c43b22de172c7b2e|-9223372036854775808|-9223372036854775808|-9223372036854775808|-9223372036854775808
64a2fa93751afa65|-9223372036854775808|-9223372036854775808|-9223372036854775808|-9223372036854775808
7bed214da826a010|-9223372036854775808|-9223372036854775808|-9223372036854775808|-9223372036854775808
74c1956098e9941f|-9223372036854775808|-9223372036854775808|-9223372036854775808|-9223372036854775808
49d196b522fcebc2|-9223372036854775808|-9223372036854775808|-9223372036854775808|-9223372036854775808
04fda1fe66bc3069|0|0|0|0
6dfb6a8abb9d1ac4|-9223372036854775808|-9223372036854775808|-9223372036854775808|-9223372036854775808
e5a863cba66071c3|-9223372036854775808|-9223372036854775808|-9223372036854775808|-9223372036854775808
b9226104294a3d96|0|0|0|0
721577926e4fbead|-9223372036854775808|-9223372036854775808|-9223372036854775808|-9223372036854775808
0b956e6441b4d8b8|0|0|0|0
007b06a7fecce1a7|0|0|0|0
d04cf5064f9004aa|-9223372036854775808|-9223372036854775808|-9223372036854775808|-9223372036854775808
85f2992a94faa931|0|0|0|0
3d7d199f86eb8dec|0|0|0|0
7af97830349387cb|-9223372036854775808|-9223372036854775808|-9223372036854775808|-9223372036854775808
52c146eab2db14fe|-9223372036854775808|-9223372036854775808|-9223372036854775808|-9223372036854775808
aac34ddfb72a33f5|0|0|0|0
ce07f0be13322e60|-9223372036854775808|-9223372036854775808|-9223372036854775808|-9223372036854775808
a892d147ba1b482f|0|0|0|0
5c1dc2002e5d8292|-9223372036854775808|-9223372036854775808|-9223372036854775808|-9223372036854775808
c7728761d897e2f9|-9223372036854775808|-9223372036854775808|-9223372036854775808|-9223372036854775808
0c6233b36aa0ee14|0|0|0|0
a98c53cb0d7146d3|0|0|0|0
d19bf4e76342a166|-9223372036854775808|-9223372036854775808|-9223372036854775808|-9223372036854775808
9ce47709b08d7a3d|0|0|0|0
aef79a24716b4108|0|0|0|0
b143914e562ce7b7|0|0|0|0
c1cf871c95c3057a|-1057896747|-1057896747|-1057896768|-1057896768
19bab8657268fdc1|0|0|0|0
7cb68a742713db3c|-9223372036854775808|-9223372036854775808|-9223372036854775808|-9223372036854775808
696ece7d1993cedb|-9223372036854775808|-9223372036854775808|-9223372036854775808|-9223372036854775808
02c6b41c337882ce|0|0|0|0
7408342c1660b185|-9223372036854775808|-9223372036854775808|-9223372036854775808|-9223372036854775808
faed39b4ace0b0b0|-9223372036854775808|-9223372036854775808|-9223372036854775808|-9223372036854775808
0c6b642fe8fde03f|0|0|0|0
9cf34dea16f22d62|0|0|0|0
1e55f1aea6871989|0|0|0|0
c68cb51acb8ef564|-9223372036854775808|-9223372036854775808|-9223372036854775808|-9223372036854775808
3448f9d32e793fe3|0|0|0|0
8d86cc1cdc885936|0|0|0|0
b553aa4f540ef9cd|0|0|0|0
b0ee720d6c471d58|0|0|0|0
2fc95b247bae51c7|0|0|0|0
6b2262fbdc709a4a|-9223372036854775808|-9223372036854775808|-9223372036854775808|-9223372036854775808
ae78367a58cf5651|0|0|0|0
cc195f99b8d0dc8c|-9223372036854775808|-9223372036854775808|-9223372036854775808|-9223372036854775808
497753d9ff03b9eb|-9223372036854775808|-9223372036854775808|-9223372036854775808|-9223372036854775808
b26590ff9e11c49e|0|0|0|0
59073654e9077315|-9223372036854775808|-9223372036854775808|-9223372036854775808|-9223372036854775808
d47c3e37d7072700|-9223372036854775808|-9223372036854775808|-9223372036854775808|-9223372036854775808
cf7e40ba03025c4f|-9223372036854775808|-9223372036854775808|-9223372036854775808|-9223372036854775808
38e01d59d897ec32|0|0|0|0
cf388e12b962d419|-9223372036854775808|-9223372036854775808|-9223372036854775808|-9223372036854775808
4bd118a3738c30b4|-9223372036854775808|-9223372036854775808|-9223372036854775808|-9223372036854775808
3773e53e9bf95cf3|0|0|0|0
5e2d995354c86506|-9223372036854775808|-9223372036854775808|-9223372036854775808|-9223372036854775808
2a2f16e2dd3d3d5d|0|0|0|0
2b0d6d568fbd6da8|0|0|0|0
e7a5f15be7e21fd7|-9223372036854775808|-9223372036854775808|-9223372036854775808|-9223372036854775808
26621d8b4415c31a|0|0|0|0
6b33ede90126b2e1|-9223372036854775808|-9223372036854775808|-9223372036854775808|-9223372036854775808
5b9ef33446e791dc|-9223372036854775808|-9223372036854775808|-9223372036854775808|-9223372036854775808
106d829d848448fb|0|0|0|0
d4520cb4e0f3da6e|-9223372036854775808|-9223372036854775808|-9223372036854775808|-9223372036854775808
16ab030045a778a5|0|0|0|0
7c0ae0647eba9150|-9223372036854775808|-9223372036854775808|-9223372036854775808|-9223372036854775808
4af9b8d21fd9bc5f|-9223372036854775808|-9223372036854775808|-9223372036854775808|-9223372036854775808
7b3c0c956c6bbf02|-9223372036854775808|-9223372036854775808|-9223372036854775808|-9223372036854775808
179a65513e4412a9|0|0|0|0
bc6b6788b6fda004|0|0|0|0
3c863f2246b29e03|0|0|0|0
efd464fddcefc4d6|-9223372036854775808|-9223372036854775808|-9223372036854775808|-9223372036854775808
f5458454d8c144ed|-9223372036854775808|-9223372036854775808|-9223372036854775808|-9223372036854775808
7a47608d6c8331f8|-9223372036854775808|-9223372036854775808|-9223372036854775808|-9223372036854775808
5826e0f9d59951e7|-9223372036854775808|-9223372036854775808|-9223372036854775808|-9223372036854775808
f9646088d26f7fea|-9223372036854775808|-9223372036854775808|-9223372036854775808|-9223372036854775808
b1386cf230a81371|0|0|0|0
47391eaac35cfb2c|-9223372036854775808|-9223372036854775808|-9223372036854775808|-9223372036854775808
0a53fcd9aff67c0b|0|0|0|0
3e32cd46a3abc43e|0|0|0|0
8d58743d9309c235|0|0|0|0
8e5097ea6c4fefa0|0|0|0|0
2337e039a175006f|0|0|0|0
cba8117698caa5d2|-9223372036854775808|-9223372036854775808|-9223372036854775808|-9223372036854775808
49bac83b3683d539|-9223372036854775808|-9223372036854775808|-9223372036854775808|-9223372036854775808
1d45bafff9884354|0|0|0|0
90d0ed588da60313|0|0|0|0
3f358335a72b78a6|0|0|0|0
1688cb286b84107d|0|0|0|0
1ac711ac168d6a48|0|0|0|0
0b93607351e4e7f7|0|0|0|0
78b076e8427ad0ba|-9223372036854775808|-9223372036854775808|-9223372036854775808|-9223372036854775808
b854bb7248cc7801|0|0|0|0
89ac3f825776187c|0|0|0|0
b1f6c398fd7b531b|0|0|0|0
b82940561706820e|0|0|0|0
21aa09e918374fc5|0|0|0|0
40c529fc935c41f0|10835|10835|10835|10835
e543a9754405287f|-9223372036854775808|-9223372036854775808|-9223372036854775808|-9223372036854775808
bb1dbb33c151a0a2|0|0|0|0
5657752c07bb1bc9|-9223372036854775808|-9223372036854775808|-9223372036854775808|-9223372036854775808
7e6a6e8dfe111aa4|-9223372036854775808|-9223372036854775808|-9223372036854775808|-9223372036854775808
5def4e304e148c23|-9223372036854775808|-9223372036854775808|-9223372036854775808|-9223372036854775808
d66cba6fd6e88076|-9223372036854775808|-9223372036854775808|-9223372036854775808|-9223372036854775808
0329e4f8e2aea00d|0|0|0|0
f87d812375111698|-9223372036854775808|-9223372036854775808|-9223372036854775808|-9223372036854775808
f92bd42d4c15e207|-9223372036854775808|-9223372036854775808|-9223372036854775808|-9223372036854775808
b76e6f45d474b58a|0|0|0|0
108f6e3fd74ce091|0|0|0|0
486f586db3b7e9cc|-9223372036854775808|-9223372036854775808|-9223372036854775808|-9223372036854775808
11612f3f6f73ce2b|0|0|0|0
a904bb1ac51113de|0|0|0|0
7ff081d38c792155|-9223372036854775808|-9223372036854775808|-9223372036854775808|-9223372036854775808
287dd8b562b48840|0|0|0|0
235f8e1f2dfb348f|0|0|0|0
f99ecebcb6ddaf72|-9223372036854775808|-9223372036854775808|-9223372036854775808|-9223372036854775808
3ae22f8a0bc2e659|0|0|0|0
992c591036bd25f4|0|0|0|0
71506dbff37f3933|-9223372036854775808|-9223372036854775808|-9223372036854775808|-9223372036854775808
73a2280750d3dc46|-9223372036854775808|-9223372036854775808|-9223372036854775808|-9223372036854775808
36f986e343a9f39d|0|0|0|0
6fe83cd9928336e8|-9223372036854775808|-9223372036854775808|-9223372036854775808|-9223372036854775808
e8f71ee0a5bd4017|-9223372036854775808|-9223372036854775808|-9223372036854775808|-9223372036854775808
fc5d316d1dda2e5a|-9223372036854775808|-9223372036854775808|-9223372036854775808|-9223372036854775808
a34d610e26224d21|0|0|0|0
014ff3905fe76f1c|0|0|0|0
d1d9aa0f9e80ed3b|-9223372036854775808|-9223372036854775808|-9223372036854775808|-9223372036854775808
a73c96b6611879ae|0|0|0|0
1abf76ada75836e5|0|0|0|0
f996feef146dc290|-9223372036854775808|-9223372036854775808|-9223372036854775808|-9223372036854775808
7b8cd39d0008249f|-9223372036854775808|-9223372036854775808|-9223372036854775808|-9223372036854775808
71c9fcab878bd242|-9223372036854775808|-9223372036854775808|-9223372036854775808|-9223372036854775808
93d0424b20b434e9|0|0|0|0
9bc8517a14f16544|0|0|0|0
ae64d5dc87a70a43|0|0|0|0
08cfaf9a8ada8c16|0|0|0|0
57b64f33dc1f0b2d|-9223372036854775808|-9223372036854775808|-9223372036854775808|-9223372036854775808
b83d521bec98cb38|0|0|0|0
bc4beee242ac0227|0|0|0|0
cefd23f3d9683b2a|-9223372036854775808|-9223372036854775808|-9223372036854775808|-9223372036854775808
14d3afd3cb85bdb1|0|0|0|0
1476aaf60b09a86c|0|0|0|0
a7926dd3c983b04b|0|0|0|0
793eb5dc97a9b37e|-9223372036854775808|-9223372036854775808|-9223372036854775808|-9223372036854775808
59752eb7b09d9075|-9223372036854775808|-9223372036854775808|-9223372036854775808|-9223372036854775808
cf8b4d8ffddcf0e0|-9223372036854775808|-9223372036854775808|-9223372036854775808|-9223372036854775808
fb74bd39e51cf8af|-9223372036854775808|-9223372036854775808|-9223372036854775808|-9223372036854775808
3e9eedc94eb90912|0|0|0|0
5953a67d38e80779|-9223372036854775808|-9223372036854775808|-9223372036854775808|-9223372036854775808
784a84465952d894|-9223372036854775808|-9223372036854775808|-9223372036854775808|-9223372036854775808
210559b4c28cff53|0|0|0|0
50d5023d5c298fe6|-9223372036854775808|-9223372036854775808|-9223372036854775808|-9223372036854775808
e2e1cf57d1f6e6bd|-9223372036854775808|-9223372036854775808|-9223372036854775808|-9223372036854775808
f225b385c446d388|-9223372036854775808|-9223372036854775808|-9223372036854775808|-9223372036854775808
3bee794f18f32837|0|0|0|0
c80a3ee8b71bdbfa|-9223372036854775808|-9223372036854775808|-9223372036854775808|-9223372036854775808
4e80c8b539f03241|-9223372036854775808|-9223372036854775808|-9223372036854775808|-9223372036854775808
c0987c3ddb6395bc|-1567|-1567|-1567|-1567
bd4cc5aae59d175b|0|0|0|0
fbe120cede91c14e|-9223372036854775808|-9223372036854775808|-9223372036854775808|-9223372036854775808
91e5033510522e05|0|0|0|0
6e7d1f4adf971330|-9223372036854775808|-9223372036854775808|-9223372036854775808|-9223372036854775808
e1873ca4a26ab0bf|-9223372036854775808|-9223372036854775808|-9223372036854775808|-9223372036854775808
cd912327050253e2|-9223372036854775808|-9223372036854775808|-9223372036854775808|-9223372036854775808
9609c6d2eaf75e09|0|0|0|0
8fd95e9c63c67fe4|0|0|0|0
44bd7e101a721863|-9223372036854775808|-9223372036854775808|-9223372036854775808|-9223372036854775808
76b78a7ecd2de7b6|-9223372036854775808|-9223372036854775808|-9223372036854775808|-9223372036854775808
f335fb12b35a864d|-9223372036854775808|-9223372036854775808|-9223372036854775808|-9223372036854775808
107a27da6dc24fd8|0|0|0|0
a095541c40e3b247|0|0|0|0
f91da8962c3210ca|-9223372036854775808|-9223372036854775808|-9223372036854775808|-9223372036854775808
861caf73501aaad1|0|0|0|0
9fa04c79be7a370c|0|0|0|0
d34a94f9ae2e226b|-9223372036854775808|-9223372036854775808|-9223372036854775808|-9223372036854775808
4fd6a4ac44dda31e|-9223372036854775808|-9223372036854775808|-9223372036854775808|-9223372036854775808
dc1409a3debf0f95|-9223372036854775808|-9223372036854775808|-9223372036854775808|-9223372036854775808
5f6997d335712980|-9223372036854775808|-9223372036854775808|-9223372036854775808|-9223372036854775808
afa4f1d1a7624ccf|0|0|0|0
57ae66ca5044b2b2|-9223372036854775808|-9223372036854775808|-9223372036854775808|-9223372036854775808
36f8193401bb3899|0|0|0|0
2e2f142983715b34|0|0|0|0
7dca5f31d3d75573|-9223372036854775808|-9223372036854775808|-9223372036854775808|-9223372036854775808
d464ca42e7949386|-9223372036854775808|-9223372036854775808|-9223372036854775808|-9223372036854775808
0ee4c5f806b2e9dd|0|0|0|0
b71216d3a0804028|0|0|0|0
d8b2600b050ea057|-9223372036854775808|-9223372036854775808|-9223372036854775808|-9223372036854775808
4cdc39594327d99a|-9223372036854775808|-9223372036854775808|-9223372036854775808|-9223372036854775808
4b34cb5de8fe2761|-9223372036854775808|-9223372036854775808|-9223372036854775808|-9223372036854775808
bbeb4141b9128c5c|0|0|0|0
8f18247fb4d7d17b|0|0|0|0
6ae7a31542da58ee|-9223372036854775808|-9223372036854775808|-9223372036854775808|-9223372036854775808
d44fe7b8746d3525|-9223372036854775808|-9223372036854775808|-9223372036854775808|-9223372036854775808
c1808385868033d0|-34631856|-34631856|-34631856|-34631856
c43c8b411db4ccdf|-9223372036854775808|-9223372036854775808|-9223372036854775808|-9223372036854775808
0412c9ee539d2582|0|0|0|0
6e8b07520c4c9729|-9223372036854775808|-9223372036854775808|-9223372036854775808|-9223372036854775808
2f0204ae46b86a84|0|0|0|0
15d53560117db683|0|0|0|0
f296f770864a9356|-9223372036854775808|-9223372036854775808|-9223372036854775808|-9223372036854775808
e76bf828daa9116d|-9223372036854775808|-9223372036854775808|-9223372036854775808|-9223372036854775808
729ec8e3c735a478|-9223372036854775808|-9223372036854775808|-9223372036854775808|-9223372036854775808
fa76f380f244f267|-9223372036854775808|-9223372036854775808|-9223372036854775808|-9223372036854775808
8774838c6bba366a|0|0|0|0
049bd8ca6bd3a7f1|0|0|0|0
2551d3fb373195ac|0|0|0|0
a2f67690717b248b|0|0|0|0
8b617f238a14e2be|0|0|0|0
bacffb1cfa259eb5|0|0|0|0
1d6f2c83b5193220|0|0|0|0
1f65d7a8f95330ef|0|0|0|0
90296dd87f68ac52|0|0|0|0
0d37df40ee0479b9|0|0|0|0
8c63863fcb40add4|0|0|0|0
74b6d90ee4663b93|-9223372036854775808|-9223372036854775808|-9223372036854775808|-9223372036854775808
0794e473257ce726|0|0|0|0
42f783555625fcfd|413645437820879|413645437820879|413645448151040|413645448151040
c7c8eeec4fd77cc8|-9223372036854775808|-9223372036854775808|-9223372036854775808|-9223372036854775808
bf34b743e797a877|0|0|0|0
225c3c864ae6273a|0|0|0|0
d9dad70e5c142c81|-9223372036854775808|-9223372036854775808|-9223372036854775808|-9223372036854775808
35a6c4545c1c52fc|0|0|0|0
9ffca37052391b9b|0|0|0|0
e7b054b5d55a408e|-9223372036854775808|-9223372036854775808|-9223372036854775808|-9223372036854775808
54893df4f8f14c45|-9223372036854775808|-9223372036854775808|-9223372036854775808|-9223372036854775808
684f9a454ed12470|-9223372036854775808|-9223372036854775808|-9223372036854775808|-9223372036854775808
7e371a03086e78ff|-9223372036854775808|-9223372036854775808|-9223372036854775808|-9223372036854775808
5b4e944161444722|-9223372036854775808|-9223372036854775808|-9223372036854775808|-9223372036854775808
2ddec5136e7be049|0|0|0|0
adb3d93d0def2524|0|0|0|0
e8e7e7af5bd1e4a3|-9223372036854775808|-9223372036854775808|-9223372036854775808|-9223372036854775808
8a6f8190b2988ef6|0|0|0|0
b20ce1024852ac8d|0|0|0|0
fb5186e7fb9ac918|-9223372036854775808|-9223372036854775808|-9223372036854775808|-9223372036854775808
b976e61a2657c287|0|0|0|0
b23a23ac8ae8ac0a|0|0|0|0
4aa40bfde978b511|-9223372036854775808|-9223372036854775808|-9223372036854775808|-9223372036854775808
2a144ef35257c44c|0|0|0|0
1964fed5cb72b6ab|0|0|0|0
1d67e70fb8b7725e|0|0|0|0
c2e59124ea193dd5|-189705070103022|-189705070103022|-189705064808448|-189705064808448
a720f09bdc7d0ac0|0|0|0|0
735370ff0377a50f|-9223372036854775808|-9223372036854775808|-9223372036854775808|-9223372036854775808
3f4cb451740cf5f2|0|0|0|0
2615de7bc98bcad9|0|0|0|0
4eb14af83ae8d074|-9223372036854775808|-9223372036854775808|-9223372036854775808|-9223372036854775808
47a76a229541b1b3|-9223372036854775808|-9223372036854775808|-9223372036854775808|-9223372036854775808
601884135c4a8ac6|-9223372036854775808|-9223372036854775808|-9223372036854775808|-9223372036854775808
fe8a4312b898201d|-9223372036854775808|-9223372036854775808|-9223372036854775808|-9223372036854775808
94d272892ef48968|0|0|0|0
9579e04e62164097|0|0|0|0
6eb6c49aab3ec4da|-9223372036854775808|-9223372036854775808|-9223372036854775808|-9223372036854775808
b52d75ee7ffa41a1|0|0|0|0
0dcf4d599ba8e99c|0|0|0|0
dde9078e67c8f5bb|-9223372036854775808|-9223372036854775808|-9223372036854775808|-9223372036854775808
2e21f3cd7179782e|0|0|0|0
7ba7555dc7267365|-9223372036854775808|-9223372036854775808|-9223372036854775808|-9223372036854775808
3d30e32b3231e510|0|0|0|0
7c8362d89d1fb51f|-9223372036854775808|-9223372036854775808|-9223372036854775808|-9223372036854775808
c9e39131efdfb8c2|-9223372036854775808|-9223372036854775808|-9223372036854775808|-9223372036854775808
572331703f4d3969|-9223372036854775808|-9223372036854775808|-9223372036854775808|-9223372036854775808
f15fcc13fd92afc4|-9223372036854775808|-9223372036854775808|-9223372036854775808|-9223372036854775808
1e581dd0cc76a2c3|0|0|0|0
03370047627fda96|0|0|0|0
2ee49f95769f57ad|0|0|0|0
ede654cc4199bdb8|-9223372036854775808|-9223372036854775808|-9223372036854775808|-9223372036854775808
80014417d0a422a7|0|0|0|0
658bb15cd0a571aa|-9223372036854775808|-9223372036854775808|-9223372036854775808|-9223372036854775808
c7bc453d57d1d231|-9223372036854775808|-9223372036854775808|-9223372036854775808|-9223372036854775808
def723fb6114c2ec|-9223372036854775808|-9223372036854775808|-9223372036854775808|-9223372036854775808
198d6247d81cd8cb|0|0|0|0
1989572bb62d51fe|0|0|0|0
e36a7bec99e1ecf5|-9223372036854775808|-9223372036854775808|-9223372036854775808|-9223372036854775808
d3b17255bf44b360|-9223372036854775808|-9223372036854775808|-9223372036854775808|-9223372036854775808
2e0ade919257a92f|0|0|0|0
490d8f319a198f92|-9223372036854775808|-9223372036854775808|-9223372036854775808|-9223372036854775808
c796eed3a4192bf9|-9223372036854775808|-9223372036854775808|-9223372036854775808|-9223372036854775808
380d7f94d091c314|0|0|0|0
411ac1646b71b7d3|438361|438361|438361|438361
22f8034ce6657e66|0|0|0|0
4dffe0d6aa51533d|-9223372036854775808|-9223372036854775808|-9223372036854775808|-9223372036854775808
13fa8b7dce7f6608|0|0|0|0
2df6fbe63a1268b7|0|0|0|0
709611be9519b27a|-9223372036854775808|-9223372036854775808|-9223372036854775808|-9223372036854775808
559f365a057866c1|-9223372036854775808|-9223372036854775808|-9223372036854775808|-9223372036854775808
0c28a38ac2e0503c|0|0|0|0
d2cd607d038f5fdb|-9223372036854775808|-9223372036854775808|-9223372036854775808|-9223372036854775808
2eaaaea3869fffce|0|0|0|0
0fec784e0c54aa85|0|0|0|0
ead9669cde4a75b0|-9223372036854775808|-9223372036854775808|-9223372036854775808|-9223372036854775808
4962438fba50813f|-9223372036854775808|-9223372036854775808|-9223372036854775808|-9223372036854775808
c00cc47d95577a62|-3|-3|-3|-3
db342221f088a289|-9223372036854775808|-9223372036854775808|-9223372036854775808|-9223372036854775808
729007a64dcb0a64|-9223372036854775808|-9223372036854775808|-9223372036854775808|-9223372036854775808
5a4206291a73f0e3|-9223372036854775808|-9223372036854775808|-9223372036854775808|-9223372036854775808
e44279bdba687636|-9223372036854775808|-9223372036854775808|-9223372036854775808|-9223372036854775808
a8fcc2b563d712cd|0|0|0|0
4fd959b503da8258|-9223372036854775808|-9223372036854775808|-9223372036854775808|-9223372036854775808
53b7f39208b212c7|-9223372036854775808|-9223372036854775808|-9223372036854775808|-9223372036854775808
c5eea4add7d8874a|-9223372036854775808|-9223372036854775808|-9223372036854775808|-9223372036854775808
4859e55509a6ff51|-9223372036854775808|-9223372036854775808|-9223372036854775808|-9223372036854775808
9c4942772890918c|0|0|0|0
0db3d48717818aeb|0|0|0|0
d73466d9fbde819e|-9223372036854775808|-9223372036854775808|-9223372036854775808|-9223372036854775808
278cbb85f8c7ac15|0|0|0|0
79613f7525182c00|-9223372036854775808|-9223372036854775808|-9223372036854775808|-9223372036854775808
d9fa409f167b3d4f|-9223372036854775808|-9223372036854775808|-9223372036854775808|-9223372036854775808
5a6e826e31767932|-9223372036854775808|-9223372036854775808|-9223372036854775808|-9223372036854775808
9321ff20d1749d19|0|0|0|0
4efd95147e6385b4|-9223372036854775808|-9223372036854775808|-9223372036854775808|-9223372036854775808
dee3070ecffe4df3|-9223372036854775808|-9223372036854775808|-9223372036854775808|-9223372036854775808
87aef0273235c206|0|0|0|0
a4e8263d2b99965d|0|0|0|0
3f159841f32012a8|0|0|0|0
097d6570591420d7|0|0|0|0
7d1690b18d5ef01a|-9223372036854775808|-9223372036854775808|-9223372036854775808|-9223372036854775808
6ed773f261569be1|-9223372036854775808|-9223372036854775808|-9223372036854775808|-9223372036854775808
365f53a090ea86dc|0|0|0|0
921d33d2979459fb|0|0|0|0
b9b161e41835d76e|0|0|0|0
f54fa23af9c3f1a5|-9223372036854775808|-9223372036854775808|-9223372036854775808|-9223372036854775808
79f18a8eb4c2d650|-9223372036854775808|-9223372036854775808|-9223372036854775808|-9223372036854775808
23c49b57e288dd5f|0|0|0|0
60295467bb938c02|-9223372036854775808|-9223372036854775808|-9223372036854775808|-9223372036854775808
ff3c469437f61ba9|-9223372036854775808|-9223372036854775808|-9223372036854775808|-9223372036854775808
2e9bfe792ac03504|0|0|0|0
9a7b6650e0d1cf03|0|0|0|0
096cfa57f2ba61d6|0|0|0|0
7257e4839241dded|-9223372036854775808|-9223372036854775808|-9223372036854775808|-9223372036854775808
04ec810fe10516f8|0|0|0|0
06ebf04b0a0992e7|0|0|0|0
4125a0748f69ecea|708666|708666|708666|708666
c21f1b4015c03c71|-33400292720|-33400292720|-33400293376|-33400293376
88eb1f3ee1f3302c|0|0|0|0
841d48386da8cd0b|0|0|0|0
6ffaa2de9733013e|-9223372036854775808|-9223372036854775808|-9223372036854775808|-9223372036854775808
e015fe95fa127b35|-9223372036854775808|-9223372036854775808|-9223372036854775808|-9223372036854775808
db2ad891899f74a0|-9223372036854775808|-9223372036854775808|-9223372036854775808|-9223372036854775808
305e30e8a46a616f|0|0|0|0
1ebeb14f4e0bb2d2|0|0|0|0
76c57af6e9661e39|-9223372036854775808|-9223372036854775808|-9223372036854775808|-9223372036854775808
4f87641d2a861854|-9223372036854775808|-9223372036854775808|-9223372036854775808|-9223372036854775808
026c72c10fef7413|0|0|0|0
b2d94e81c22355a6|0|0|0|0
80b169c9c0b8e97d|0|0|0|0
25ed6a7b957e8f48|0|0|0|0
2e7be73ccca368f7|0|0|0|0
3193c8646cf67dba|0|0|0|0
5d3981b0cc5ce101|-9223372036854775808|-9223372036854775808|-9223372036854775808|-9223372036854775808
f32402fd38ef8d7c|-9223372036854775808|-9223372036854775808|-9223372036854775808|-9223372036854775808
5250f17af9dfe41b|-9223372036854775808|-9223372036854775808|-9223372036854775808|-9223372036854775808
891dabd9bda2ff0e|0|0|0|0
c4b3a6e5c4bc48c5|-9223372036854775808|-9223372036854775808|-9223372036854775808|-9223372036854775808
ea52c44dcb4306f0|-9223372036854775808|-9223372036854775808|-9223372036854775808|-9223372036854775808
fce8c1443c50c97f|-9223372036854775808|-9223372036854775808|-9223372036854775808|-9223372036854775808
c2dedc93a07beda2|-135730873626550|-135730873626550|-135730873499648|-135730873499648
4eb9de370f5da4c9|-9223372036854775808|-9223372036854775808|-9223372036854775808|-9223372036854775808
fea9258db49a2fa4|-9223372036854775808|-9223372036854775808|-9223372036854775808|-9223372036854775808
d5e0f5b69e983d23|-9223372036854775808|-9223372036854775808|-9223372036854775808|-9223372036854775808
dbf0e12f57dd9d76|-9223372036854775808|-9223372036854775808|-9223372036854775808|-9223372036854775808
6a16a1e20827b90d|-9223372036854775808|-9223372036854775808|-9223372036854775808|-9223372036854775808
97c2879dabc17b98|0|0|0|0
f6288c713432a307|-9223372036854775808|-9223372036854775808|-9223372036854775808|-9223372036854775808
3db512643a41a28a|0|0|0|0
e0b9eeba56e58991|-9223372036854775808|-9223372036854775808|-9223372036854775808|-9223372036854775808
82bbfe493a649ecc|0|0|0|0
99c2b7e7229a9f2b|0|0|0|0
f5c67b192992d0de|-9223372036854775808|-9223372036854775808|-9223372036854775808|-9223372036854775808
8117b206950a5a55|0|0|0|0
f664c1601c828d40|-9223372036854775808|-9223372036854775808|-9223372036854775808|-9223372036854775808
97e555b3f4ad158f|0|0|0|0
d072b3c9d7c13c72|-9223372036854775808|-9223372036854775808|-9223372036854775808|-9223372036854775808
9a8e7176c7b5af59|0|0|0|0
8fff2de5af217af4|0|0|0|0
5b998aa15c4d2a33|-9223372036854775808|-9223372036854775808|-9223372036854775808|-9223372036854775808
99068f0e2c963946|0|0|0|0
e7c5fed971f74c9d|-9223372036854775808|-9223372036854775808|-9223372036854775808|-9223372036854775808
e0d10288e242dbe8|-9223372036854775808|-9223372036854775808|-9223372036854775808|-9223372036854775808
399e27c8c6484117|0|0|0|0
a64c4c9360c85b5a|0|0|0|0
4db2b4f843533621|-9223372036854775808|-9223372036854775808|-9223372036854775808|-9223372036854775808
0a5b4fd66217641c|0|0|0|0
25f731196479fe3b|0|0|0|0
27dd54a7a24f76ae|0|0|0|0
8ed14a8da685afe5|0|0|0|0
8548a749eb730790|0|0|0|0
c7b253cd9230459f|-9223372036854775808|-9223372036854775808|-9223372036854775808|-9223372036854775808
d82465de55f89f42|-9223372036854775808|-9223372036854775808|-9223372036854775808|-9223372036854775808
95436fd0b4873de9|0|0|0|0
20eadbcaff80fa44|0|0|0|0
f911a140b6cf3b43|-9223372036854775808|-9223372036854775808|-9223372036854775808|-9223372036854775808
1b2a218c4a3a2916|0|0|0|0
f91aa2e54fd0a42d|-9223372036854775808|-9223372036854775808|-9223372036854775808|-9223372036854775808
4612057c6ab7b038|-9223372036854775808|-9223372036854775808|-9223372036854775808|-9223372036854775808
4ef92a610ab54327|-9223372036854775808|-9223372036854775808|-9223372036854775808|-9223372036854775808
58b618286f47a82a|-9223372036854775808|-9223372036854775808|-9223372036854775808|-9223372036854775808
93c06bd26bdee6b1|0|0|0|0
fbe50955530cdd6c|-9223372036854775808|-9223372036854775808|-9223372036854775808|-9223372036854775808
c9b477e6e25f014b|-9223372036854775808|-9223372036854775808|-9223372036854775808|-9223372036854775808
ed79c53ee865f07e|-9223372036854775808|-9223372036854775808|-9223372036854775808|-9223372036854775808
20e441b8c4f74975|0|0|0|0
fb442dfdc16975e0|-9223372036854775808|-9223372036854775808|-9223372036854775808|-9223372036854775808
fbb28dcd63cb59af|-9223372036854775808|-9223372036854775808|-9223372036854775808|-9223372036854775808
4d8550d98a7f1612|-9223372036854775808|-9223372036854775808|-9223372036854775808|-9223372036854775808
205dfd208c2b5079|0|0|0|0
5d460a1fda5dad94|-9223372036854775808|-9223372036854775808|-9223372036854775808|-9223372036854775808
09758b7eca1f7053|0|0|0|0
7388bb4a1bf66ce6|-9223372036854775808|-9223372036854775808|-9223372036854775808|-9223372036854775808
8949f694cb9cbfbd|0|0|0|0
6c81880a3a14f888|-9223372036854775808|-9223372036854775808|-9223372036854775808|-9223372036854775808
3612d0009b8aa937|0|0|0|0
1c1b355fe9bc88fa|0|0|0|0
1e4bd1a787019b41|0|0|0|0
81c4be5f278a0abc|0|0|0|0
1626386a756aa85b|0|0|0|0
388d8b8385a33e4e|0|0|0|0
1818cb21dc682705|0|0|0|0
f95fd0df92fad830|-9223372036854775808|-9223372036854775808|-9223372036854775808|-9223372036854775808
3794e15452af51bf|0|0|0|0
0bc48338c1f1a0e2|0|0|0|0
d89901cfa93ae709|-9223372036854775808|-9223372036854775808|-9223372036854775808|-9223372036854775808
d853fe68139c94e4|-9223372036854775808|-9223372036854775808|-9223372036854775808|-9223372036854775808
eaf837ef707ec963|-9223372036854775808|-9223372036854775808|-9223372036854775808|-9223372036854775808
87b7f9603e3804b6|0|0|0|0
4d7c344677849f4d|-9223372036854775808|-9223372036854775808|-9223372036854775808|-9223372036854775808
f2caf531588fb4d8|-9223372036854775808|-9223372036854775808|-9223372036854775808|-9223372036854775808
cf51ef6735197347|-9223372036854775808|-9223372036854775808|-9223372036854775808|-9223372036854775808
9ed6297f1963fdca|0|0|0|0
a2266f7bb77453d1|0|0|0|0
c004b394c113ec0c|-2|-2|-2|-2
961e1135bcfdf36b|0|0|0|0
6bbb54949d14601e|-9223372036854775808|-9223372036854775808|-9223372036854775808|-9223372036854775808
0dba0a3689214895|0|0|0|0
ee6acd390ffc2e80|-9223372036854775808|-9223372036854775808|-9223372036854775808|-9223372036854775808
3db63589f24d2dcf|0|0|0|0
3c8e9ddaf62d3fb2|0|0|0|0
18e96ca59a8f0199|0|0|0|0
3a4b41e26e62b034|0|0|0|0
523d79f3526e4673|-9223372036854775808|-9223372036854775808|-9223372036854775808|-9223372036854775808
aa5656794eabf086|0|0|0|0
11edb1e1ddf142dd|0|0|0|0
d376ff6c319ce528|-9223372036854775808|-9223372036854775808|-9223372036854775808|-9223372036854775808
9600ea81c5f2a157|0|0|0|0
ecc59beadcbb069a|-9223372036854775808|-9223372036854775808|-9223372036854775808|-9223372036854775808
4a3a572b1c301061|-9223372036854775808|-9223372036854775808|-9223372036854775808|-9223372036854775808
e4bb32f2186f815c|-9223372036854775808|-9223372036854775808|-9223372036854775808|-9223372036854775808
ce5e4aa62eb9e27b|-9223372036854775808|-9223372036854775808|-9223372036854775808|-9223372036854775808
3dae78efbb0655ee|0|0|0|0
f30f5a73a7abae25|-9223372036854775808|-9223372036854775808|-9223372036854775808|-9223372036854775808
538d3121f38278d0|-9223372036854775808|-9223372036854775808|-9223372036854775808|-9223372036854775808
5f29e9a29055eddf|-9223372036854775808|-9223372036854775808|-9223372036854775808|-9223372036854775808
092513819e4ef282|0|0|0|0
67ce539cb340a029|-9223372036854775808|-9223372036854775808|-9223372036854775808|-9223372036854775808
be2caa55ed14ff84|0|0|0|0
39c4007ef6aee783|0|0|0|0
ccb49cbfbc3f3056|-9223372036854775808|-9223372036854775808|-9223372036854775808|-9223372036854775808
fd66f1d5118baa6d|-9223372036854775808|-9223372036854775808|-9223372036854775808|-9223372036854775808
4bc937b2e3f18978|-9223372036854775808|-9223372036854775808|-9223372036854775808|-9223372036854775808
c743ef827ee73367|-9223372036854775808|-9223372036854775808|-9223372036854775808|-9223372036854775808
4aa20752777ea36a|-9223372036854775808|-9223372036854775808|-9223372036854775808|-9223372036854775808
2c299520606dd0f1|0|0|0|0
737cea558da1caac|-9223372036854775808|-9223372036854775808|-9223372036854775808|-9223372036854775808
7e1b255e267f758b|-9223372036854775808|-9223372036854775808|-9223372036854775808|-9223372036854775808
a2fa26a8a5061fbe|0|0|0|0
97c47b64e4d057b5|0|0|0|0
c4ea2fdc53e2b720|-9223372036854775808|-9223372036854775808|-9223372036854775808|-9223372036854775808
e99704c944ba91ef|-9223372036854775808|-9223372036854775808|-9223372036854775808|-9223372036854775808
d50002e57eb3b952|-9223372036854775808|-9223372036854775808|-9223372036854775808|-9223372036854775808
bcd1acba9aa8c2b9|0|0|0|0
75e31793215882d4|-9223372036854775808|-9223372036854775808|-9223372036854775808|-9223372036854775808
5a805c85d241ac93|-9223372036854775808|-9223372036854775808|-9223372036854775808|-9223372036854775808
ef55739f971ec426|-9223372036854775808|-9223372036854775808|-9223372036854775808|-9223372036854775808
3a89c4563d3cd5fd|0|0|0|0
03b73c719182a1c8|0|0|0|0
8df4fbdce3082977|0|0|0|0
729a9bee62abd43a|-9223372036854775808|-9223372036854775808|-9223372036854775808|-9223372036854775808
a86e2e8f4ba69581|0|0|0|0
b4f1793b37efc7fc|0|0|0|0
182d40e1f66fac9b|0|0|0|0
4707a5f529e0bd8e|-9223372036854775808|-9223372036854775808|-9223372036854775808|-9223372036854775808
16ed09684d984545|0|0|0|0
8cb830a4f2b1e970|0|0|0|0
10cab86e01ac19ff|0|0|0|0
cf63285f78f89422|-9223372036854775808|-9223372036854775808|-9223372036854775808|-9223372036854775808
509a97ecdc606949|-9223372036854775808|-9223372036854775808|-9223372036854775808|-9223372036854775808
b83eaaa97c123a24|0|0|0|0
2730b809586795a3|0|0|0|0
abf9565c60b7abf6|0|0|0|0
ba3201e9342dc58d|0|0|0|0
bbee9572af852e18|0|0|0|0
20e55225d7a68387|0|0|0|0
4f7a6fd31c7f990a|-9223372036854775808|-9223372036854775808|-9223372036854775808|-9223372036854775808
08cfc53351935e11|0|0|0|0
1e6692ac35de794c|0|0|0|0
d1cddb58f6eb87ab|-9223372036854775808|-9223372036854775808|-9223372036854775808|-9223372036854775808
c2eca50cf1a32f5e|-251961698752890|-251961698752890|-251961706283008|-251961706283008
f557ec35df4c76d5|-9223372036854775808|-9223372036854775808|-9223372036854775808|-9223372036854775808
3f674cf78cc50fc0|0|0|0|0
4fa305f7a39b860f|-9223372036854775808|-9223372036854775808|-9223372036854775808|-9223372036854775808
8233a4255bfa82f2|0|0|0|0
c4fe72e9784093d9|-9223372036854775808|-9223372036854775808|-9223372036854775808|-9223372036854775808
31457bd09d672574|0|0|0|0
e9571ecc0aa1a2b3|-9223372036854775808|-9223372036854775808|-9223372036854775808|-9223372036854775808
c0a6807adbb6e7c6|-2880|-2880|-2880|-2880
2578a82901c7791d|0|0|0|0
4bb991bd566e2e68|-9223372036854775808|-9223372036854775808|-9223372036854775808|-9223372036854775808
204e53d7b4534197|0|0|0|0
29645a57f876f1da|0|0|0|0
57d83992222d2aa1|-9223372036854775808|-9223372036854775808|-9223372036854775808|-9223372036854775808
914d5861fd32de9c|0|0|0|0
9323eb72969406bb|0|0|0|0
c923b85d4d9a752e|-9223372036854775808|-9223372036854775808|-9223372036854775808|-9223372036854775808
e87fa42b1775ec65|-9223372036854775808|-9223372036854775808|-9223372036854775808|-9223372036854775808
a5f233472a312a10|0|0|0|0
75c698da0139d61f|-9223372036854775808|-9223372036854775808|-9223372036854775808|-9223372036854775808
bc11921ab3d685c2|0|0|0|0
e81a301372624269|-9223372036854775808|-9223372036854775808|-9223372036854775808|-9223372036854775808
7d8b1405a4bc44c4|-9223372036854775808|-9223372036854775808|-9223372036854775808|-9223372036854775808
013e79a888b0d3c3|0|0|0|0
bba59cfedc097796|0|0|0|0
5cc861d579b2f0ad|-9223372036854775808|-9223372036854775808|-9223372036854775808|-9223372036854775808
adbebc6791f2a2b8|0|0|0|0
4c95effa52df63a7|-9223372036854775808|-9223372036854775808|-9223372036854775808|-9223372036854775808
55d11791ef4edeaa|-9223372036854775808|-9223372036854775808|-9223372036854775808|-9223372036854775808
1054e4c239acfb31|0|0|0|0
33ecd41daaf1f7ec|0|0|0|0
3467556f6a4a29cb|0|0|0|0
bb127c1108538efe|0|0|0|0
0f8c9f5a83dda5f5|0|0|0|0
5c48a32a6e4b3860|-9223372036854775808|-9223372036854775808|-9223372036854775808|-9223372036854775808
d181260ffb780a2f|-9223372036854775808|-9223372036854775808|-9223372036854775808|-9223372036854775808
de3db03599e99c92|-9223372036854775808|-9223372036854775808|-9223372036854775808|-9223372036854775808
a9a9a963631e74f9|0|0|0|0
38c72f5c80b69814|0|0|0|0
8df49d8ca09628d3|0|0|0|0
a0c5457d16dc5b66|0|0|0|0
cfe2c324c7d92c3d|-9223372036854775808|-9223372036854775808|-9223372036854775808|-9223372036854775808
b411bd5cb1078b08|0|0|0|0
4ff517af1f5be9b7|-9223372036854775808|-9223372036854775808|-9223372036854775808|-9223372036854775808
77e890e26f045f7a|-9223372036854775808|-9223372036854775808|-9223372036854775808|-9223372036854775808
e8e642b5708bcfc1|-9223372036854775808|-9223372036854775808|-9223372036854775808|-9223372036854775808
0f43b4335360c53c|0|0|0|0
63edbc4e3d2ef0db|-9223372036854775808|-9223372036854775808|-9223372036854775808|-9223372036854775808
650a03ec359b7cce|-9223372036854775808|-9223372036854775808|-9223372036854775808|-9223372036854775808
2396ff5f528ca385|0|0|0|0
30e5f7fbe7a83ab0|0|0|0|0
030de1f98d87223f|0|0|0|0
4828907784d0c762|-9223372036854775808|-9223372036854775808|-9223372036854775808|-9223372036854775808
908ee854070e2b89|0|0|0|0
2abb8d053f3b1f64|0|0|0|0
0aba0f185e92a1e3|0|0|0|0
ec5f9e00f29c9336|-9223372036854775808|-9223372036854775808|-9223372036854775808|-9223372036854775808
54b5c35900632bcd|-9223372036854775808|-9223372036854775808|-9223372036854775808|-9223372036854775808
2dd7bb1795e1e758|0|0|0|0
2a08e9a12819d3c7|0|0|0|0
ca8c679a2ad4744a|-9223372036854775808|-9223372036854775808|-9223372036854775808|-9223372036854775808
a92426078b82a851|0|0|0|0
4612b0495204468c|-9223372036854775808|-9223372036854775808|-9223372036854775808|-9223372036854775808
fa12b01d20a35beb|-9223372036854775808|-9223372036854775808|-9223372036854775808|-9223372036854775808
c2ff867c027f3e9e|-554599465874409|-554599465874409|-554599463256064|-554599463256064
0d9d78f4e1cbe515|0|0|0|0
6c1976ee601d3100|-9223372036854775808|-9223372036854775808|-9223372036854775808|-9223372036854775808
ec9bdd9ddcd81e4f|-9223372036854775808|-9223372036854775808|-9223372036854775808|-9223372036854775808
66ae137a18690632|-9223372036854775808|-9223372036854775808|-9223372036854775808|-9223372036854775808
9bc79bd2cf0a6619|0|0|0|0
f79fd2055d6edab4|-9223372036854775808|-9223372036854775808|-9223372036854775808|-9223372036854775808
e10e5be11d273ef3|-9223372036854775808|-9223372036854775808|-9223372036854775808|-9223372036854775808
0c969ac656f71f06|0|0|0|0
ac713c99afb9ef5d|0|0|0|0
46dc925105f6b7a8|-9223372036854775808|-9223372036854775808|-9223372036854775808|-9223372036854775808
3be185592daa21d7|0|0|0|0
5e771eafeb3c1d1a|-9223372036854775808|-9223372036854775808|-9223372036854775808|-9223372036854775808
a7f0ce50cb8a84e1|0|0|0|0
52583b4b99a17bdc|-9223372036854775808|-9223372036854775808|-9223372036854775808|-9223372036854775808
039b3a6e7c486afb|0|0|0|0
879c709a854bd46e|0|0|0|0
ab7f365250246aa5|0|0|0|0
a54955952cbf1b50|0|0|0|0
c46a5c51491bfe5f|-9223372036854775808|-9223372036854775808|-9223372036854775808|-9223372036854775808
e7f5288ff5cf5902|-9223372036854775808|-9223372036854775808|-9223372036854775808|-9223372036854775808
81eb3534702c24a9|0|0|0|0
9ec1c3a517b6ca04|0|0|0|0
ad362a5895150003|0|0|0|0
9904bcc77cd8fed6|0|0|0|0
636c7b116a8676ed|-9223372036854775808|-9223372036854775808|-9223372036854775808|-9223372036854775808
27e178a1f9fafbf8|0|0|0|0
60bbb775b2ddd3e7|-9223372036854775808|-9223372036854775808|-9223372036854775808|-9223372036854775808
40b0808b5df859ea|4224|4224|4224|4224
513979fc7ddc6571|-9223372036854775808|-9223372036854775808|-9223372036854775808|-9223372036854775808
f5256793043d652c|-9223372036854775808|-9223372036854775808|-9223372036854775808|-9223372036854775808
0df309f21dff1e0b|0|0|0|0
7c764e468d8e3e3e|-9223372036854775808|-9223372036854775808|-9223372036854775808|-9223372036854775808
9daee54a0c5f3435|0|0|0|0
a68cade07de2f9a0|0|0|0|0
707d72bf7c43c26f|-9223372036854775808|-9223372036854775808|-9223372036854775808|-9223372036854775808
d2b110798b60bfd2|-9223372036854775808|-9223372036854775808|-9223372036854775808|-9223372036854775808
38b8652d73cc6739|0|0|0|0
56cf5e90b9b7ed54|-9223372036854775808|-9223372036854775808|-9223372036854775808|-9223372036854775808
22de6157ed5ce513|0|0|0|0
90b9521ebe6f32a6|0|0|0|0
ed1c244f5db1c27d|-9223372036854775808|-9223372036854775808|-9223372036854775808|-9223372036854775808
d128df19ede3b448|-9223372036854775808|-9223372036854775808|-9223372036854775808|-9223372036854775808
4f3cefc70cc5e9f7|-9223372036854775808|-9223372036854775808|-9223372036854775808|-9223372036854775808
b4451de3e6062aba|0|0|0|0
e0974ca38bf14a01|-9223372036854775808|-9223372036854775808|-9223372036854775808|-9223372036854775808
1ca32240a31d027c|0|0|0|0
e66fbe3249e8751b|-9223372036854775808|-9223372036854775808|-9223372036854775808|-9223372036854775808
894035cf74137c0e|0|0|0|0
014d5a2d658541c5|0|0|0|0
075bd48daf1dcbf0|0|0|0|0
e99d80597a806a7f|-9223372036854775808|-9223372036854775808|-9223372036854775808|-9223372036854775808
d4169fade4ba3aa2|-9223372036854775808|-9223372036854775808|-9223372036854775808|-9223372036854775808
1734f1cec7842dc9|0|0|0|0
2f578fadee5744a4|0|0|0|0
4456084ecb3fee23|-9223372036854775808|-9223372036854775808|-9223372036854775808|-9223372036854775808
09c0873c6726ba76|0|0|0|0
8d98ffecde64d20d|0|0|0|0
43cea9c930e5e098|4419036608108507136|4419036608108507136|4419036737834057728|4419036737834057728
14c3324f72b36407|0|0|0|0
a1ac02b36ba28f8a|0|0|0|0
6207a2eb0b823291|-9223372036854775808|-9223372036854775808|-9223372036854775808|-9223372036854775808
a95e2acd0ec553cc|0|0|0|0
aaa51474ca65702b|0|0|0|0
1498a254eae88dde|0|0|0|0
41e270741adf9355|2474877142|2474877142|2474877184|2474877184
91c9c70b97449240|0|0|0|0
51965427b242f68f|-9223372036854775808|-9223372036854775808|-9223372036854775808|-9223372036854775808
173d3d377ab8c972|0|0|0|0
446f1e864d2c7859|-9223372036854775808|-9223372036854775808|-9223372036854775808|-9223372036854775808
7e7593a50fb9cff4|-9223372036854775808|-9223372036854775808|-9223372036854775808|-9223372036854775808
1cbec116623f1b33|0|0|0|0
58b0d5f083ac9646|-9223372036854775808|-9223372036854775808|-9223372036854775808|-9223372036854775808
92086a76fa08a59d|0|0|0|0
c5d7113f357680e8|-9223372036854775808|-9223372036854775808|-9223372036854775808|-9223372036854775808
3c24f4270e374217|0|0|0|0
aa92fe3d2c4a885a|0|0|0|0
06472ce6ce881f21|0|0|0|0
627f6bcbb6fb591c|-9223372036854775808|-9223372036854775808|-9223372036854775808|-9223372036854775808
5fc2f6c000170f3b|-9223372036854775808|-9223372036854775808|-9223372036854775808|-9223372036854775808
57b7ea9acd5a73ae|-9223372036854775808|-9223372036854775808|-9223372036854775808|-9223372036854775808
f7031227ebf728e5|-9223372036854775808|-9223372036854775808|-9223372036854775808|-9223372036854775808
26bca5d2d86c4c90|0|0|0|0
92fd0e000c3c669f|0|0|0|0
76d89b2503796c42|-9223372036854775808|-9223372036854775808|-9223372036854775808|-9223372036854775808
ff0c1f236ade46e9|-9223372036854775808|-9223372036854775808|-9223372036854775808|-9223372036854775808
bc52421e77448f44|0|0|0|0
8889fc68841b6c43|0|0|0|0
1dc09f48b1edc616|0|0|0|0
4c977b9c06463d2d|-9223372036854775808|-9223372036854775808|-9223372036854775808|-9223372036854775808
d489c2fce14a9538|-9223372036854775808|-9223372036854775808|-9223372036854775808|-9223372036854775808
7f1715440b228427|-9223372036854775808|-9223372036854775808|-9223372036854775808|-9223372036854775808
85e71b288abb152a|0|0|0|0
f13f67fff33c0fb1|-9223372036854775808|-9223372036854775808|-9223372036854775808|-9223372036854775808
447599e232c4126c|-9223372036854775808|-9223372036854775808|-9223372036854775808|-9223372036854775808
edf4ae03f1de524b|-9223372036854775808|-9223372036854775808|-9223372036854775808|-9223372036854775808
fab4c130eff62d7e|-9223372036854775808|-9223372036854775808|-9223372036854775808|-9223372036854775808
50db8f1428950275|-9223372036854775808|-9223372036854775808|-9223372036854775808|-9223372036854775808
a0ee70322fe9fae0|0|0|0|0
ab260d1ffb5dbaaf|0|0|0|0
eb3d658e42592312|-9223372036854775808|-9223372036854775808|-9223372036854775808|-9223372036854775808
227b4edf9af29979|0|0|0|0
382dc9b3cd9c8294|0|0|0|0
f39f49fab0d5e153|-9223372036854775808|-9223372036854775808|-9223372036854775808|-9223372036854775808
2bbffd41f11749e6|0|0|0|0
03aa289d310698bd|0|0|0|0
a4aa15dadd571d88|0|0|0|0
21596826a7862a37|0|0|0|0
f9dc24afdef135fa|-9223372036854775808|-9223372036854775808|-9223372036854775808|-9223372036854775808
e26a515f74170441|-9223372036854775808|-9223372036854775808|-9223372036854775808|-9223372036854775808
5ac43df390647fbc|-9223372036854775808|-9223372036854775808|-9223372036854775808|-9223372036854775808
f6c6b8675cdc395b|-9223372036854775808|-9223372036854775808|-9223372036854775808|-9223372036854775808
b5556aeef088bb4e|0|0|0|0
2ecdacb940c22005|0|0|0|0
2022768ec6529d30|0|0|0|0
0d667d2a8cd7f2bf|0|0|0|0
ce78652cd7f4ede2|-9223372036854775808|-9223372036854775808|-9223372036854775808|-9223372036854775808
a9e2246afc027009|0|0|0|0
3ffba1955aa6a9e4|1|1|1|1
759e653d26af7a63|-9223372036854775808|-9223372036854775808|-9223372036854775808|-9223372036854775808
37fc194e719621b6|0|0|0|0
4a5fec041072b84d|-9223372036854775808|-9223372036854775808|-9223372036854775808|-9223372036854775808
54686763e5d119d8|-9223372036854775808|-9223372036854775808|-9223372036854775808|-9223372036854775808
aac4786943b33447|0|0|0|0
8c7355e34629eaca|0|0|0|0
751469dcb7d1fcd1|-9223372036854775808|-9223372036854775808|-9223372036854775808|-9223372036854775808
382b8f7fa561a10c|0|0|0|0
2eb704b8c471c46b|0|0|0|0
947598c4061f1d1e|0|0|0|0
e11a180454c78195|-9223372036854775808|-9223372036854775808|-9223372036854775808|-9223372036854775808
21ef38187f7b3380|0|0|0|0
c53f528a781c0ecf|-9223372036854775808|-9223372036854775808|-9223372036854775808|-9223372036854775808
02e4d2891229ccb2|0|0|0|0
52a11bfce0e6ca99|-9223372036854775808|-9223372036854775808|-9223372036854775808|-9223372036854775808
1841b5e355880534|0|0|0|0
7ed5dfbdf2293773|-9223372036854775808|-9223372036854775808|-9223372036854775808|-9223372036854775808
048a94af65174d86|0|0|0|0
ce9fbb9c32f39bdd|-9223372036854775808|-9223372036854775808|-9223372036854775808|-9223372036854775808
a383f7231a2d8a28|0|0|0|0
055d8134723aa257|0|0|0|0
6a8e8fff72e2339a|-9223372036854775808|-9223372036854775808|-9223372036854775808|-9223372036854775808
3cf964702165f961|0|0|0|0
942bc4365e80765c|0|0|0|0
4e419403823ff37b|-9223372036854775808|-9223372036854775808|-9223372036854775808|-9223372036854775808
b9ea11dad10652ee|0|0|0|0
0de521cac52e2725|0|0|0|0
cfbfa0f24a78bdd0|-9223372036854775808|-9223372036854775808|-9223372036854775808|-9223372036854775808
ffa1c7382edb0edf|-9223372036854775808|-9223372036854775808|-9223372036854775808|-9223372036854775808
4a23d6babc14bf82|-9223372036854775808|-9223372036854775808|-9223372036854775808|-9223372036854775808
6cae106860b8a929|-9223372036854775808|-9223372036854775808|-9223372036854775808|-9223372036854775808
b1e313bb34a59484|0|0|0|0
7fbd8a2ffe041883|-9223372036854775808|-9223372036854775808|-9223372036854775808|-9223372036854775808
94c4cfa2ce87cd56|0|0|0|0
527d55b0af32436d|-9223372036854775808|-9223372036854775808|-9223372036854775808|-9223372036854775808
96ffd4e64d216e78|0|0|0|0
72afc49707ed7467|-9223372036854775808|-9223372036854775808|-9223372036854775808|-9223372036854775808
a5fab4d87cd7106a|0|0|0|0
b6dc1829a00bf9f1|0|0|0|0
4e05b9bf0fc5ffac|-9223372036854775808|-9223372036854775808|-9223372036854775808|-9223372036854775808
f9f9c248d627c68b|-9223372036854775808|-9223372036854775808|-9223372036854775808|-9223372036854775808
c87c9b112acb5cbe|-9223372036854775808|-9223372036854775808|-9223372036854775808|-9223372036854775808
7eceef09c2bf10b5|-9223372036854775808|-9223372036854775808|-9223372036854775808|-9223372036854775808
e641ddce71a03c20|-9223372036854775808|-9223372036854775808|-9223372036854775808|-9223372036854775808
561fa8e3ed05f2ef|-9223372036854775808|-9223372036854775808|-9223372036854775808|-9223372036854775808
3e9c76bdee12c652|0|0|0|0
e1ecbc34e6d10bb9|-9223372036854775808|-9223372036854775808|-9223372036854775808|-9223372036854775808
9ac599f8fda457d4|0|0|0|0
bd09fd1623411d93|0|0|0|0
49d41c655214a126|-9223372036854775808|-9223372036854775808|-9223372036854775808|-9223372036854775808
07fa2e8db417aefd|0|0|0|0
5308b6f454a1c6c8|-9223372036854775808|-9223372036854775808|-9223372036854775808|-9223372036854775808
bbd4b4c22bdcaa77|0|0|0|0
58090258b105813a|-9223372036854775808|-9223372036854775808|-9223372036854775808|-9223372036854775808
e86e8eab3f3cfe81|-9223372036854775808|-9223372036854775808|-9223372036854775808|-9223372036854775808
c7ca1eb3c4773cfc|-9223372036854775808|-9223372036854775808|-9223372036854775808|-9223372036854775808
cf8eb75cf64a3d9b|-9223372036854775808|-9223372036854775808|-9223372036854775808|-9223372036854775808
831bc8c3f63b3a8e|0|0|0|0
02cf85e9de833e45|0|0|0|0
855d39feea86ae70|0|0|0|0
7d8c0983c8cdbaff|-9223372036854775808|-9223372036854775808|-9223372036854775808|-9223372036854775808
7cc0665bddc0e122|-9223372036854775808|-9223372036854775808|-9223372036854775808|-9223372036854775808
0b2a5bbac2c8f249|0|0|0|0
68d973ac95694f24|-9223372036854775808|-9223372036854775808|-9223372036854775808|-9223372036854775808
ffc4e212392146a3|-9223372036854775808|-9223372036854775808|-9223372036854775808|-9223372036854775808
d7192b08052ac8f6|-9223372036854775808|-9223372036854775808|-9223372036854775808|-9223372036854775808
a2e4874618ccde8d|0|0|0|0
2334cd3759e39318|0|0|0|0
d5cea02967594487|-9223372036854775808|-9223372036854775808|-9223372036854775808|-9223372036854775808
044c8c1361aa860a|0|0|0|0
a3234827b6b20711|0|0|0|0
ebc77fd08f192e4c|-9223372036854775808|-9223372036854775808|-9223372036854775808|-9223372036854775808
baf7c0e81f0858ab|0|0|0|0
49aba7eeef62ec5e|-9223372036854775808|-9223372036854775808|-9223372036854775808|-9223372036854775808
540f608699c3afd5|-9223372036854775808|-9223372036854775808|-9223372036854775808|-9223372036854775808
04fbbcf9a60114c0|0|0|0|0
b8532345c2a3670f|0|0|0|0
af377fa7adfc0ff2|0|0|0|0
8d6da943b8795cd9|0|0|0|0
08f0614310197a74|0|0|0|0
273bded8252593b3|0|0|0|0
27f23b1a3e7744c6|0|0|0|0
f0e776bcecbad21d|-9223372036854775808|-9223372036854775808|-9223372036854775808|-9223372036854775808
9321e65b295bd368|0|0|0|0
5423d186b5f44297|-9223372036854775808|-9223372036854775808|-9223372036854775808|-9223372036854775808
59de2febb6431eda|-9223372036854775808|-9223372036854775808|-9223372036854775808|-9223372036854775808
ae550de4fa6413a1|0|0|0|0
efb6de56d970d39c|-9223372036854775808|-9223372036854775808|-9223372036854775808|-9223372036854775808
7773968ba30317bb|-9223372036854775808|-9223372036854775808|-9223372036854775808|-9223372036854775808
e3056ba07b8f722e|-9223372036854775808|-9223372036854775808|-9223372036854775808|-9223372036854775808
570d6e79f6096565|-9223372036854775808|-9223372036854775808|-9223372036854775808|-9223372036854775808
8e777c50e0246f10|0|0|0|0
87a280e5d537f71f|0|0|0|0
75c8dc0f3ee152c2|-9223372036854775808|-9223372036854775808|-9223372036854775808|-9223372036854775808
b8e8ac2f8ffb4b69|0|0|0|0
200a15640119d9c4|0|0|0|0
f60e42c4eb0f04c3|-9223372036854775808|-9223372036854775808|-9223372036854775808|-9223372036854775808
e5ece02765e71496|-9223372036854775808|-9223372036854775808|-9223372036854775808|-9223372036854775808
67beedf3078a89ad|-9223372036854775808|-9223372036854775808|-9223372036854775808|-9223372036854775808
13a17bdf82bf87b8|0|0|0|0
d20254c2957ea4a7|-9223372036854775808|-9223372036854775808|-9223372036854775808|-9223372036854775808
bd26a2cf7b8c4baa|0|0|0|0
aa96ec42ca8c2431|0|0|0|0
bf65b4a4b4832cec|0|0|0|0
4f83c92afb1b7acb|-9223372036854775808|-9223372036854775808|-9223372036854775808|-9223372036854775808
3ea58bc1794dcbfe|0|0|0|0
538bae2c051d5ef5|-9223372036854775808|-9223372036854775808|-9223372036854775808|-9223372036854775808
a84ed71f7045bd60|0|0|0|0
715cbb68057c6b2f|-9223372036854775808|-9223372036854775808|-9223372036854775808|-9223372036854775808
965dcbfffdcda992|0|0|0|0
4006141ca5a7bdf9|2|2|2|2
42422a82cb0f6d14|156045252126|156045252126|156045246464|156045246464
e827d819bcde99d3|-9223372036854775808|-9223372036854775808|-9223372036854775808|-9223372036854775808
a3c96608c4a73866|0|0|0|0
a0f300989925053d|0|0|0|0
671d7a1e6903b008|-9223372036854775808|-9223372036854775808|-9223372036854775808|-9223372036854775808
5a9ed1c016096ab7|-9223372036854775808|-9223372036854775808|-9223372036854775808|-9223372036854775808
6c9b7285f3830c7a|-9223372036854775808|-9223372036854775808|-9223372036854775808|-9223372036854775808
4df22d4543a338c1|-9223372036854775808|-9223372036854775808|-9223372036854775808|-9223372036854775808
984b8e0028953a3c|0|0|0|0
719bde58d67281db|-9223372036854775808|-9223372036854775808|-9223372036854775808|-9223372036854775808
5d490231106af9ce|-9223372036854775808|-9223372036854775808|-9223372036854775808|-9223372036854775808
3c73c6e679089c85|0|0|0|0
0de60fe918f9ffb0|0|0|0|0
2fc65e3672a1c33f|0|0|0|0
a5d02a1fb55e1462|0|0|0|0
1cc819147a17b489|0|0|0|0
5a637623efdf3464|-9223372036854775808|-9223372036854775808|-9223372036854775808|-9223372036854775808
990d79db0ad552e3|0|0|0|0
1adf220b5524b036|0|0|0|0
ed7dfae2b9b344cd|-9223372036854775808|-9223372036854775808|-9223372036854775808|-9223372036854775808
66abd946725d4c58|-9223372036854775808|-9223372036854775808|-9223372036854775808|-9223372036854775808
2ffb2e0ce9e594c7|0|0|0|0
2c191992a564614a|0|0|0|0
ab5c6ca36e625151|0|0|0|0
7c789696852bfb8c|-9223372036854775808|-9223372036854775808|-9223372036854775808|-9223372036854775808
28d9d8e82a692ceb|0|0|0|0
324b933481f3fb9e|0|0|0|0
fe2d4cac34141e15|-9223372036854775808|-9223372036854775808|-9223372036854775808|-9223372036854775808
0b8ff9eed8163600|0|0|0|0
26dbc2a36618ff4f|0|0|0|0
6f5ac7195d6f9332|-9223372036854775808|-9223372036854775808|-9223372036854775808|-9223372036854775808
a0fb19bc42242f19|0|0|0|0
6c4bbed660ae2fb4|-9223372036854775808|-9223372036854775808|-9223372036854775808|-9223372036854775808
64864f5393742ff3|-9223372036854775808|-9223372036854775808|-9223372036854775808|-9223372036854775808
b96a3de9930c7c06|0|0|0|0
ce510da4f99e485d|-9223372036854775808|-9223372036854775808|-9223372036854775808|-9223372036854775808
14625c4918415ca8|0|0|0|0
7fcbe67575a422d7|-9223372036854775808|-9223372036854775808|-9223372036854775808|-9223372036854775808
c091822c2dad4a1a|-1120|-1120|-1120|-1120
92c41e59cfc26de1|0|0|0|0
7199c8afb10c70dc|-9223372036854775808|-9223372036854775808|-9223372036854775808|-9223372036854775808
9dcc2fa142a07bfb|0|0|0|0
e3fa4e3af835d16e|-9223372036854775808|-9223372036854775808|-9223372036854775808|-9223372036854775808
5eb796d4d8c8e3a5|-9223372036854775808|-9223372036854775808|-9223372036854775808|-9223372036854775808
1bdaaef736af6050|0|0|0|0
6e51f3cf63931f5f|-9223372036854775808|-9223372036854775808|-9223372036854775808|-9223372036854775808
e977eafdeb1f2602|-9223372036854775808|-9223372036854775808|-9223372036854775808|-9223372036854775808
7e9a708976e62da9|-9223372036854775808|-9223372036854775808|-9223372036854775808|-9223372036854775808
16c219e0cde15f04|0|0|0|0
9b62ce3b737c3103|0|0|0|0
4d14c9994b4b9bd6|-9223372036854775808|-9223372036854775808|-9223372036854775808|-9223372036854775808
f4cb99aef18f0fed|-9223372036854775808|-9223372036854775808|-9223372036854775808|-9223372036854775808
d2e70abd0764e0f8|-9223372036854775808|-9223372036854775808|-9223372036854775808|-9223372036854775808
04cd517ce01614e7|0|0|0|0
bca395470e1ac6ea|0|0|0|0
beb620c0f8fc8e71|0|0|0|0
b46e9c157a3b9a2c|0|0|0|0
1707731ad0f96f0b|0|0|0|0
2b3eb3f556bd7b3e|0|0|0|0
8441526c59efed35|0|0|0|0
a230828a991a7ea0|0|0|0|0
0266ebf33901236f|0|0|0|0
91bf293920c9ccd2|0|0|0|0
953238fa65b6b039|0|0|0|0
132975a2f71dc254|0|0|0|0
06e8e48335ee5613|0|0|0|0
31a620ed6c0f0fa6|0|0|0|0
3be9636dd26e9b7d|0|0|0|0
71f53ab46fbcd948|-9223372036854775808|-9223372036854775808|-9223372036854775808|-9223372036854775808
a3843bb9224c6af7|0|0|0|0
c25db2b47da9d7ba|-510208898727|-510208898727|-510208901120|-510208901120
7cd333281789b301|-9223372036854775808|-9223372036854775808|-9223372036854775808|-9223372036854775808
d5fb5caee5fe777c|-9223372036854775808|-9223372036854775808|-9223372036854775808|-9223372036854775808
a81c23b6fd95061b|0|0|0|0
87082ec20a57f90e|0|0|0|0
f9f039568a923ac5|-9223372036854775808|-9223372036854775808|-9223372036854775808|-9223372036854775808
4c40a7a38eec90f0|-9223372036854775808|-9223372036854775808|-9223372036854775808|-9223372036854775808
a4d7bc0e0e940b7f|0|0|0|0
aae9041a5e0c87a2|0|0|0|0
0304fdd2c02eb6c9|0|0|0|0
9e9015aafb4859a4|0|0|0|0
ab42eac2e40b9f23|0|0|0|0
6c2cf20bd4c3d776|-9223372036854775808|-9223372036854775808|-9223372036854775808|-9223372036854775808
942c37d1f565eb0d|0|0|0|0
ff9a3f87547e4598|-9223372036854775808|-9223372036854775808|-9223372036854775808|-9223372036854775808
281f8f1317982507|0|0|0|0
02ea2f5538977c8a|0|0|0|0
cb1069f38522db91|-9223372036854775808|-9223372036854775808|-9223372036854775808|-9223372036854775808
d2028d4f80da08cc|-9223372036854775808|-9223372036854775808|-9223372036854775808|-9223372036854775808
7b5b78c476d4412b|-9223372036854775808|-9223372036854775808|-9223372036854775808|-9223372036854775808
59aaca6cd9124ade|-9223372036854775808|-9223372036854775808|-9223372036854775808|-9223372036854775808
4b139736adf8cc55|-9223372036854775808|-9223372036854775808|-9223372036854775808|-9223372036854775808
d3563dd322fa9740|-9223372036854775808|-9223372036854775808|-9223372036854775808|-9223372036854775808
86956ef776bcd78f|0|0|0|0
24841cf16fc45672|0|0|0|0
e148895c2c274159|-9223372036854775808|-9223372036854775808|-9223372036854775808|-9223372036854775808
6c04057ea88624f4|-9223372036854775808|-9223372036854775808|-9223372036854775808|-9223372036854775808
e835404d15550c33|-9223372036854775808|-9223372036854775808|-9223372036854775808|-9223372036854775808
d33171b72616f346|-9223372036854775808|-9223372036854775808|-9223372036854775808|-9223372036854775808
e515cb786bddfe9d|-9223372036854775808|-9223372036854775808|-9223372036854775808|-9223372036854775808
6a481291dc1e25e8|-9223372036854775808|-9223372036854775808|-9223372036854775808|-9223372036854775808
cbfaf5ea8d8a4317|-9223372036854775808|-9223372036854775808|-9223372036854775808|-9223372036854775808
fe3236605060b55a|-9223372036854775808|-9223372036854775808|-9223372036854775808|-9223372036854775808
8911f93f57c10821|0|0|0|0
49defbbaae934e1c|-9223372036854775808|-9223372036854775808|-9223372036854775808|-9223372036854775808
0bc819c38158203b|0|0|0|0
aa0b5842b23970ae|0|0|0|0
4f14851b07aca1e5|-9223372036854775808|-9223372036854775808|-9223372036854775808|-9223372036854775808
7cc7bad92b599190|-9223372036854775808|-9223372036854775808|-9223372036854775808|-9223372036854775808
de23b8d57e2c879f|-9223372036854775808|-9223372036854775808|-9223372036854775808|-9223372036854775808
ff1cedbf600e3942|-9223372036854775808|-9223372036854775808|-9223372036854775808|-9223372036854775808
b5e950aad3b94fe9|0|0|0|0
afcbc718cc3c2444|0|0|0|0
6354b1e5ff8b9d43|-9223372036854775808|-9223372036854775808|-9223372036854775808|-9223372036854775808
28868a6c91f56316|0|0|0|0
3366dd188f7fd62d|0|0|0|0
6c878ae6a0517a38|-9223372036854775808|-9223372036854775808|-9223372036854775808|-9223372036854775808
781cab1e53f3c527|-9223372036854775808|-9223372036854775808|-9223372036854775808|-9223372036854775808
e6a0aabdfbc2822a|-9223372036854775808|-9223372036854775808|-9223372036854775808|-9223372036854775808
5ed3ef05f19d38b1|-9223372036854775808|-9223372036854775808|-9223372036854775808|-9223372036854775808
dfb76adafa2f476c|-9223372036854775808|-9223372036854775808|-9223372036854775808|-9223372036854775808
5c8e0acf0801a34b|-9223372036854775808|-9223372036854775808|-9223372036854775808|-9223372036854775808
fbe26c797e5a6a7e|-9223372036854775808|-9223372036854775808|-9223372036854775808|-9223372036854775808
481f04ec6b76bb75|-9223372036854775808|-9223372036854775808|-9223372036854775808|-9223372036854775808
c8fbe5b0995e7fe0|-9223372036854775808|-9223372036854775808|-9223372036854775808|-9223372036854775808
f9eec3f6bbd41baf|-9223372036854775808|-9223372036854775808|-9223372036854775808|-9223372036854775808
dd9e497b46473012|-9223372036854775808|-9223372036854775808|-9223372036854775808|-9223372036854775808
86f032e5f53de279|0|0|0|0
3229c21a830f5794|0|0|0|0
b3fe0c1e86b05253|0|0|0|0
2d2a1355ab8c26e6|0|0|0|0
af48e435923471bd|0|0|0|0
6c0ef8f4fe0d4288|-9223372036854775808|-9223372036854775808|-9223372036854775808|-9223372036854775808
3af2e7f84ce5ab37|0|0|0|0
2c1be57666b9e2fa|0|0|0|0
5c48b5ca91306d41|-9223372036854775808|-9223372036854775808|-9223372036854775808|-9223372036854775808
e833f82d65f2f4bc|-9223372036854775808|-9223372036854775808|-9223372036854775808|-9223372036854775808
266b4d29abf1ca5b|0|0|0|0
55a0e1ebef42384e|-9223372036854775808|-9223372036854775808|-9223372036854775808|-9223372036854775808
47b765a1cd601905|-9223372036854775808|-9223372036854775808|-9223372036854775808|-9223372036854775808
2f24d80fc99e6230|0|0|0|0
0d57ac1060e493bf|0|0|0|0
39861feb170c3ae2|0|0|0|0
1fe28594734df909|0|0|0|0
5aa838b088e4bee4|-9223372036854775808|-9223372036854775808|-9223372036854775808|-9223372036854775808
bb657a534d042b63|0|0|0|0
8f4d5c0e37483eb6|0|0|0|0
6d07d5140e24d14d|-9223372036854775808|-9223372036854775808|-9223372036854775808|-9223372036854775808
5f4d3b2365867ed8|-9223372036854775808|-9223372036854775808|-9223372036854775808|-9223372036854775808
7e8fa0fd7cb0f547|-9223372036854775808|-9223372036854775808|-9223372036854775808|-9223372036854775808
210a6e348283d7ca|0|0|0|0
1c9978c7e133a5d1|0|0|0|0
005ca160bb63560c|0|0|0|0
b590f4eed489956b|0|0|0|0
eb91d1294ffdda1e|-9223372036854775808|-9223372036854775808|-9223372036854775808|-9223372036854775808
2b379937d1b1ba95|0|0|0|0
84c4bb5cd3ee3880|0|0|0|0
ceb978e048ceefcf|-9223372036854775808|-9223372036854775808|-9223372036854775808|-9223372036854775808
6f2f4210743a59b2|-9223372036854775808|-9223372036854775808|-9223372036854775808|-9223372036854775808
0440a6ed64c29399|0|0|0|0
fe92c72c88e15a34|-9223372036854775808|-9223372036854775808|-9223372036854775808|-9223372036854775808
0e3a934fc3082873|0|0|0|0
72189a3dfad6aa86|-9223372036854775808|-9223372036854775808|-9223372036854775808|-9223372036854775808
3a11c2f395b9f4dd|0|0|0|0
e214a05daa322f28|-9223372036854775808|-9223372036854775808|-9223372036854775808|-9223372036854775808
9dab82a219e6a357|0|0|0|0
00c40adcd59d609a|0|0|0|0
6748c2a2889fe261|-9223372036854775808|-9223372036854775808|-9223372036854775808|-9223372036854775808
3e178f28db456b5c|0|0|0|0
6fb2b4e7bf6a047b|-9223372036854775808|-9223372036854775808|-9223372036854775808|-9223372036854775808
dab727d954da4fee|-9223372036854775808|-9223372036854775808|-9223372036854775808|-9223372036854775808
3288656c5cf4a025|0|0|0|0
b7533615db6302d0|0|0|0|0
e03aa93309442fdf|-9223372036854775808|-9223372036854775808|-9223372036854775808|-9223372036854775808
a5e624297cee8c82|0|0|0|0
3fa38f2ca4b4b229|0|0|0|0
a239b3526d6a2984|0|0|0|0
fd943495377d4983|-9223372036854775808|-9223372036854775808|-9223372036854775808|-9223372036854775808
8a0506068d246a56|0|0|0|0
0292698c439cdc6d|0|0|0|0
d7fc2d9752c55378|-9223372036854775808|-9223372036854775808|-9223372036854775808|-9223372036854775808
e4d35ee19d57b567|-9223372036854775808|-9223372036854775808|-9223372036854775808|-9223372036854775808
6c2dc3384bc37d6a|-9223372036854775808|-9223372036854775808|-9223372036854775808|-9223372036854775808
e59bef9fbaae22f1|-9223372036854775808|-9223372036854775808|-9223372036854775808|-9223372036854775808
5fdd0a460d9e34ac|-9223372036854775808|-9223372036854775808|-9223372036854775808|-9223372036854775808
563921849074178b|-9223372036854775808|-9223372036854775808|-9223372036854775808|-9223372036854775808
b68f4d73eb6499be|0|0|0|0
f952983e23f1c9b5|-9223372036854775808|-9223372036854775808|-9223372036854775808|-9223372036854775808
bfedbead5e51c120|0|0|0|0
d0e19f4e023553ef|-9223372036854775808|-9223372036854775808|-9223372036854775808|-9223372036854775808
88c3da459d85d352|0|0|0|0
47e619eb627d54b9|-9223372036854775808|-9223372036854775808|-9223372036854775808|-9223372036854775808
00e29059b0242cd4|0|0|0|0
c61d8d45e7648e93|-9223372036854775808|-9223372036854775808|-9223372036854775808|-9223372036854775808
b3c2b245265e7e26|0|0|0|0
5630e6d04ab687fd|-9223372036854775808|-9223372036854775808|-9223372036854775808|-9223372036854775808
c5491b41e934ebc8|-9223372036854775808|-9223372036854775808|-9223372036854775808|-9223372036854775808
3e4d7cbad2152b77|0|0|0|0
4b6cb5b305f32e3a|-9223372036854775808|-9223372036854775808|-9223372036854775808|-9223372036854775808
8f644c5fc6d76781|0|0|0|0
47a63fc051b2b1fc|-9223372036854775808|-9223372036854775808|-9223372036854775808|-9223372036854775808
f7d92bf961c8ce9b|-9223372036854775808|-9223372036854775808|-9223372036854775808|-9223372036854775808
3f73824d0a69b78e|0|0|0|0
ba5ca9303bb23745|0|0|0|0
28e048da864f7370|0|0|0|0
2b147fbd6dd35bff|0|0|0|0
ed5fcc6e5f9d2e22|-9223372036854775808|-9223372036854775808|-9223372036854775808|-9223372036854775808
fc43007cb1b57b49|-9223372036854775808|-9223372036854775808|-9223372036854775808|-9223372036854775808
46e0fca2a9f46424|-9223372036854775808|-9223372036854775808|-9223372036854775808|-9223372036854775808
5ad3f9b40dfef7a3|-9223372036854775808|-9223372036854775808|-9223372036854775808|-9223372036854775808
da886da86ff1e5f6|-9223372036854775808|-9223372036854775808|-9223372036854775808|-9223372036854775808
90362df1862ff78d|0|0|0|0
d9bd9fb74ab5f818|-9223372036854775808|-9223372036854775808|-9223372036854775808|-9223372036854775808
1e7e7a8fe5700587|0|0|0|0
7e98da2f2a69730a|-9223372036854775808|-9223372036854775808|-9223372036854775808|-9223372036854775808
f384fa1ca8d4b011|-9223372036854775808|-9223372036854775808|-9223372036854775808|-9223372036854775808
e1db3956ae07e34c|-9223372036854775808|-9223372036854775808|-9223372036854775808|-9223372036854775808
cb31967f53c929ab|-9223372036854775808|-9223372036854775808|-9223372036854775808|-9223372036854775808
378fe5f481f6a95e|0|0|0|0
81d17051a97ee8d5|0|0|0|0
0f07025d783119c0|0|0|0|0
656f5386708f480f|-9223372036854775808|-9223372036854775808|-9223372036854775808|-9223372036854775808
f84ddf643a119cf2|-9223372036854775808|-9223372036854775808|-9223372036854775808|-9223372036854775808
f95cbe4e1a3625d9|-9223372036854775808|-9223372036854775808|-9223372036854775808|-9223372036854775808
a8397e1fe2ffcf74|0|0|0|0
480b9094f4cd84b3|-9223372036854775808|-9223372036854775808|-9223372036854775808|-9223372036854775808
4965399a548ba1c6|-9223372036854775808|-9223372036854775808|-9223372036854775808|-9223372036854775808
bcb2fcab09722b1d|0|0|0|0
f7855b97f7bd7868|-9223372036854775808|-9223372036854775808|-9223372036854775808|-9223372036854775808
27dfb46a76f94397|0|0|0|0
77260febb4a34bda|-9223372036854775808|-9223372036854775808|-9223372036854775808|-9223372036854775808
7a66f16c989efca1|-9223372036854775808|-9223372036854775808|-9223372036854775808|-9223372036854775808
0f13af228062c89c|0|0|0|0
7d7d62b99d1628bb|-9223372036854775808|-9223372036854775808|-9223372036854775808|-9223372036854775808
ce9751e9cb586f2e|-9223372036854775808|-9223372036854775808|-9223372036854775808|-9223372036854775808
91c4dc08f2e0de65|0|0|0|0
318d1437a40bb410|0|0|0|0
86ad7ebd291a181f|0|0|0|0
21140eef61001fc2|0|0|0|0
81c0d84c28185469|0|0|0|0
1867c27362ab6ec4|0|0|0|0
6fe682d8039135c3|-9223372036854775808|-9223372036854775808|-9223372036854775808|-9223372036854775808
75b423fdd018b196|-9223372036854775808|-9223372036854775808|-9223372036854775808|-9223372036854775808
4d1c5bceb02622ad|-9223372036854775808|-9223372036854775808|-9223372036854775808|-9223372036854775808
3fa2fd1d64006cb8|0|0|0|0
ccf35f23a881e5a7|-9223372036854775808|-9223372036854775808|-9223372036854775808|-9223372036854775808
4c57137f455db8aa|-9223372036854775808|-9223372036854775808|-9223372036854775808|-9223372036854775808
36f0bc889a6f4d31|0|0|0|0
f2dd976ecdc861ec|-9223372036854775808|-9223372036854775808|-9223372036854775808|-9223372036854775808
00e87b3e9a90cbcb|0|0|0|0
544675a3d91c08fe|-9223372036854775808|-9223372036854775808|-9223372036854775808|-9223372036854775808
0073cea3ada117f5|0|0|0|0
555f9d5815344260|-9223372036854775808|-9223372036854775808|-9223372036854775808|-9223372036854775808
c945dc7ec064cc2f|-9223372036854775808|-9223372036854775808|-9223372036854775808|-9223372036854775808
bbc7b6c495c5b692|0|0|0|0
a0a4404afbb506f9|0|0|0|0
1168c7bfff9c4214|0|0|0|0
06f1af21d04b0ad3|0|0|0|0
432c90c0bfc61566|4020228436724403|4020228436724403|4020228438622208|4020228438622208
cf45f416ae34de3d|-9223372036854775808|-9223372036854775808|-9223372036854775808|-9223372036854775808
50bdef604673d508|-9223372036854775808|-9223372036854775808|-9223372036854775808|-9223372036854775808
580cc9702e1aebb7|-9223372036854775808|-9223372036854775808|-9223372036854775808|-9223372036854775808
b27b39e6f295b97a|0|0|0|0
d18bc2170ebea1c1|-9223372036854775808|-9223372036854775808|-9223372036854775808|-9223372036854775808
de6b99c3927daf3c|-9223372036854775808|-9223372036854775808|-9223372036854775808|-9223372036854775808
b9a21944df5a12db|0|0|0|0
a38ae0ece70e76ce|0|0|0|0
c5748caa0fc89585|-9223372036854775808|-9223372036854775808|-9223372036854775808|-9223372036854775808
f2cf5bbbc23fc4b0|-9223372036854775808|-9223372036854775808|-9223372036854775808|-9223372036854775808
6b4b114f79a0643f|-9223372036854775808|-9223372036854775808|-9223372036854775808|-9223372036854775808
79d806fdf6ff6162|-9223372036854775808|-9223372036854775808|-9223372036854775808|-9223372036854775808
7552cd72d9a53d89|-9223372036854775808|-9223372036854775808|-9223372036854775808|-9223372036854775808
c500b32eafb74964|-9223372036854775808|-9223372036854775808|-9223372036854775808|-9223372036854775808
622f09eb2f3c03e3|-9223372036854775808|-9223372036854775808|-9223372036854775808|-9223372036854775808
08324041b200cd36|0|0|0|0
e5a1c03b1fc75dcd|-9223372036854775808|-9223372036854775808|-9223372036854775808|-9223372036854775808
e0fa2a92e94cb158|-9223372036854775808|-9223372036854775808|-9223372036854775808|-9223372036854775808
983d73d05e1555c7|0|0|0|0
02f50da917884e4a|0|0|0|0
9445397a4245fa51|0|0|0|0
a00cca251207b08c|0|0|0|0
b366a77444d2fdeb|0|0|0|0
d7b3e9924a3cb89e|-9223372036854775808|-9223372036854775808|-9223372036854775808|-9223372036854775808
465564f67fa05715|-9223372036854775808|-9223372036854775808|-9223372036854775808|-9223372036854775808
c74eb901dd033b00|-9223372036854775808|-9223372036854775808|-9223372036854775808|-9223372036854775808
ff23e4dcc23de04f|-9223372036854775808|-9223372036854775808|-9223372036854775808|-9223372036854775808
b9b06127d08a2032|0|0|0|0
451802b0bac1f819|-9223372036854775808|-9223372036854775808|-9223372036854775808|-9223372036854775808
f75b5a27d82184b4|-9223372036854775808|-9223372036854775808|-9223372036854775808|-9223372036854775808
fb7cbb4442e520f3|-9223372036854775808|-9223372036854775808|-9223372036854775808|-9223372036854775808
87019f89b675d906|0|0|0|0
7b3ce54b9946a15d|-9223372036854775808|-9223372036854775808|-9223372036854775808|-9223372036854775808
239f7a2f7a0001a8|0|0|0|0
6441f064410223d7|-9223372036854775808|-9223372036854775808|-9223372036854775808|-9223372036854775808
ce152b0c24b2771a|-9223372036854775808|-9223372036854775808|-9223372036854775808|-9223372036854775808
a32d21a2fdfe56e1|0|0|0|0
039e5187272b65dc|0|0|0|0
eee922dafa9c8cfb|-9223372036854775808|-9223372036854775808|-9223372036854775808|-9223372036854775808
2e74996840f3ce6e|0|0|0|0
3fff7b9123b15ca5|1|1|1|1
6efd2f742293a550|-9223372036854775808|-9223372036854775808|-9223372036854775808|-9223372036854775808
e5c1b42341ee405f|-9223372036854775808|-9223372036854775808|-9223372036854775808|-9223372036854775808
91d29ae16b82f302|0|0|0|0
8b439c2adc2436a9|0|0|0|0
519dc3409d3ff404|-9223372036854775808|-9223372036854775808|-9223372036854775808|-9223372036854775808
b1fe133b8c076203|0|0|0|0
fa1e2f5a2e1238d6|-9223372036854775808|-9223372036854775808|-9223372036854775808|-9223372036854775808
5d11ba4cb75ba8ed|-9223372036854775808|-9223372036854775808|-9223372036854775808|-9223372036854775808
f3c0ce1a5942c5f8|-9223372036854775808|-9223372036854775808|-9223372036854775808|-9223372036854775808
93e3bba3a1b255e7|0|0|0|0
d3b1f8616fd133ea|-9223372036854775808|-9223372036854775808|-9223372036854775808|-9223372036854775808
fcb9d3671720b771|-9223372036854775808|-9223372036854775808|-9223372036854775808|-9223372036854775808
78c6e87493edcf2c|-9223372036854775808|-9223372036854775808|-9223372036854775808|-9223372036854775808
3b423b069697c00b|0|0|0|0
50af11a1c2c0b83e|-9223372036854775808|-9223372036854775808|-9223372036854775808|-9223372036854775808
ec9be04f72c4a635|-9223372036854775808|-9223372036854775808|-9223372036854775808|-9223372036854775808
8dc43c832b4603a0|0|0|0|0
ff1d4cf8eaa2846f|-9223372036854775808|-9223372036854775808|-9223372036854775808|-9223372036854775808
5bce6311de46d9d2|-9223372036854775808|-9223372036854775808|-9223372036854775808|-9223372036854775808
47589cb94f24f939|-9223372036854775808|-9223372036854775808|-9223372036854775808|-9223372036854775808
69c623dc32b79754|-9223372036854775808|-9223372036854775808|-9223372036854775808|-9223372036854775808
ddf1b5e8f9a3c713|-9223372036854775808|-9223372036854775808|-9223372036854775808|-9223372036854775808
8c020f0e9b02eca6|0|0|0|0
c8f74819aeef747d|-9223372036854775808|-9223372036854775808|-9223372036854775808|-9223372036854775808
79cf6bb86b09fe48|-9223372036854775808|-9223372036854775808|-9223372036854775808|-9223372036854775808
61ef7efa1d36ebf7|-9223372036854775808|-9223372036854775808|-9223372036854775808|-9223372036854775808
5012176403e184ba|-9223372036854775808|-9223372036854775808|-9223372036854775808|-9223372036854775808
ff2b085bff261c01|-9223372036854775808|-9223372036854775808|-9223372036854775808|-9223372036854775808
d5bb48ea5193ec7c|-9223372036854775808|-9223372036854775808|-9223372036854775808|-9223372036854775808
5759b24124e5971b|-9223372036854775808|-9223372036854775808|-9223372036854775808|-9223372036854775808
6d03107c5070760e|-9223372036854775808|-9223372036854775808|-9223372036854775808|-9223372036854775808
c1b15a37c3e333c5|-291125187|-291125187|-291125184|-291125184
422d55b6baaf55f0|62996045143|62996045143|62996045824|62996045824
f5f4c3fb088bac7f|-9223372036854775808|-9223372036854775808|-9223372036854775808|-9223372036854775808
321046b0dc72d4a2|0|0|0|0
c471d462895d3fc9|-9223372036854775808|-9223372036854775808|-9223372036854775808|-9223372036854775808
3f4f1f812b6d6ea4|0|0|0|0
7636a01cf8fb5023|-9223372036854775808|-9223372036854775808|-9223372036854775808|-9223372036854775808
6f76f85270b4f476|-9223372036854775808|-9223372036854775808|-9223372036854775808|-9223372036854775808
e4b6ca89dd2b040d|-9223372036854775808|-9223372036854775808|-9223372036854775808|-9223372036854775808
671113f9668aaa98|-9223372036854775808|-9223372036854775808|-9223372036854775808|-9223372036854775808
c0996e4732e0e607|-1627|-1627|-1627|-1627
dc3cacab7120698a|-9223372036854775808|-9223372036854775808|-9223372036854775808|-9223372036854775808
e5ab6f3553c78491|-9223372036854775808|-9223372036854775808|-9223372036854775808|-9223372036854775808
bc89fc66e0a2bdcc|0|0|0|0
e61cbef237e7122b|-9223372036854775808|-9223372036854775808|-9223372036854775808|-9223372036854775808
6dea863fc41007de|-9223372036854775808|-9223372036854775808|-9223372036854775808|-9223372036854775808
5bb990a8de560555|-9223372036854775808|-9223372036854775808|-9223372036854775808|-9223372036854775808
90cb95120fa49c40|0|0|0|0
bc0715e0521ab88f|0|0|0|0
6ce8122386e3e372|-9223372036854775808|-9223372036854775808|-9223372036854775808|-9223372036854775808
867318dbf4a60a59|0|0|0|0
b5724de2c98679f4|0|0|0|0
65a7e5b3858efd33|-9223372036854775808|-9223372036854775808|-9223372036854775808|-9223372036854775808
a33a38aae3d55046|0|0|0|0
319ffbda5777579d|0|0|0|0
634b73562639cae8|-9223372036854775808|-9223372036854775808|-9223372036854775808|-9223372036854775808
6bf3b14254414417|-9223372036854775808|-9223372036854775808|-9223372036854775808|-9223372036854775808
470fda329d0ae25a|-9223372036854775808|-9223372036854775808|-9223372036854775808|-9223372036854775808
fe4426a76efdf121|-9223372036854775808|-9223372036854775808|-9223372036854775808|-9223372036854775808
f97c2b2d98df431c|-9223372036854775808|-9223372036854775808|-9223372036854775808|-9223372036854775808
ba426f23f83d313b|0|0|0|0
f5d0669220ec6dae|-9223372036854775808|-9223372036854775808|-9223372036854775808|-9223372036854775808
67847b4589a61ae5|-9223372036854775808|-9223372036854775808|-9223372036854775808|-9223372036854775808
221711ec343ad690|0|0|0|0
b85ca52ef800a89f|0|0|0|0
c35b8c2d3bb70642|-31015801097820424|-31015801097820424|-31015801385385984|-31015801385385984
75baa90e7f1858e9|-9223372036854775808|-9223372036854775808|-9223372036854775808|-9223372036854775808
d89d4c9e4e67b944|-9223372036854775808|-9223372036854775808|-9223372036854775808|-9223372036854775808
6b6d4a8b391fce43|-9223372036854775808|-9223372036854775808|-9223372036854775808|-9223372036854775808
8c9675d4ba510016|0|0|0|0
b655335b7b7d6f2d|0|0|0|0
5aa270c2f7cc5f38|-9223372036854775808|-9223372036854775808|-9223372036854775808|-9223372036854775808
d5f509c2f5290627|-9223372036854775808|-9223372036854775808|-9223372036854775808|-9223372036854775808
5b9b09f2925def2a|-9223372036854775808|-9223372036854775808|-9223372036854775808|-9223372036854775808
4499b7cdf70261b1|-9223372036854775808|-9223372036854775808|-9223372036854775808|-9223372036854775808
f6f851bdf94e7c6c|-9223372036854775808|-9223372036854775808|-9223372036854775808|-9223372036854775808
c75d4f2c34c8f44b|-9223372036854775808|-9223372036854775808|-9223372036854775808|-9223372036854775808
81ff231f6392a77e|0|0|0|0
da6941a41d9c7475|-9223372036854775808|-9223372036854775808|-9223372036854775808|-9223372036854775808
01eb1b3c4dc704e0|0|0|0|0
b58de556b52e7caf|0|0|0|0
5f5fc77466493d12|-9223372036854775808|-9223372036854775808|-9223372036854775808|-9223372036854775808
4cb2749f2b0d2b79|-9223372036854775808|-9223372036854775808|-9223372036854775808|-9223372036854775808
b0b3e1ac4ab62c94|0|0|0|0
9f6517205baec353|0|0|0|0
557749f61b5503e6|-9223372036854775808|-9223372036854775808|-9223372036854775808|-9223372036854775808
8578a0627f264abd|0|0|0|0
6fa23095ec376788|-9223372036854775808|-9223372036854775808|-9223372036854775808|-9223372036854775808
c97827ec9ba92c37|-9223372036854775808|-9223372036854775808|-9223372036854775808|-9223372036854775808
1527e59151168ffa|0|0|0|0
98de69166e4dd641|0|0|0|0
d283017ef83569bc|-9223372036854775808|-9223372036854775808|-9223372036854775808|-9223372036854775808
4207d47972ab5b5b|12793622101|12793622101|12793622528|12793622528
f5857c9551cfb54e|-9223372036854775808|-9223372036854775808|-9223372036854775808|-9223372036854775808
d47bf3c212421205|-9223372036854775808|-9223372036854775808|-9223372036854775808|-9223372036854775808
037bc859ecde2730|0|0|0|0
ae6bc42eded534bf|0|0|0|0
06e8879b4f3787e2|0|0|0|0
37dd407b9f1d8209|0|0|0|0
3910f385ee56d3e4|0|0|0|0
16e1c9cbf37cdc63|0|0|0|0
af2404a45f4e5bb6|0|0|0|0
40642a7f009aea4d|161|161|161|161
e3b8e06127afe3d8|-9223372036854775808|-9223372036854775808|-9223372036854775808|-9223372036854775808
39965d3ef012b647|0|0|0|0
de1a18249e71c4ca|-9223372036854775808|-9223372036854775808|-9223372036854775808|-9223372036854775808
fa6a02aec3994ed1|-9223372036854775808|-9223372036854775808|-9223372036854775808|-9223372036854775808
6af9119e53190b0c|-9223372036854775808|-9223372036854775808|-9223372036854775808|-9223372036854775808
cc174d83fd45666b|-9223372036854775808|-9223372036854775808|-9223372036854775808|-9223372036854775808
ab4196f34ab0971e|0|0|0|0
5fc7c43b8fdff395|-9223372036854775808|-9223372036854775808|-9223372036854775808|-9223372036854775808
f28a95315d553d80|-9223372036854775808|-9223372036854775808|-9223372036854775808|-9223372036854775808
0fefa2d87465d0cf|0|0|0|0
87e276ecec5ee6b2|0|0|0|0
0cc7e16ab6225c99|0|0|0|0
05df5bfe586eaf34|0|0|0|0
521c85a6d50b1973|-9223372036854775808|-9223372036854775808|-9223372036854775808|-9223372036854775808
97481dbddfea0786|0|0|0|0
fd25bff496444ddd|-9223372036854775808|-9223372036854775808|-9223372036854775808|-9223372036854775808
c2ffa0c131aad428|-556404743777602|-556404743777602|-556404758806528|-556404758806528
84ca9f89ccf6a457|0|0|0|0
b85b3708d4ec8d9a|0|0|0|0
05fb5d77e1ddcb61|0|0|0|0
9dede523debe605c|0|0|0|0
97ef57e2f638157b|0|0|0|0
de237e2e16824cee|-9223372036854775808|-9223372036854775808|-9223372036854775808|-9223372036854775808
28e5ad46feff1925|0|0|0|0
c6e4feebf64147d0|-9223372036854775808|-9223372036854775808|-9223372036854775808|-9223372036854775808
cbeaef042f9150df|-9223372036854775808|-9223372036854775808|-9223372036854775808|-9223372036854775808
f0a2299db0dc5982|-9223372036854775808|-9223372036854775808|-9223372036854775808|-9223372036854775808
faa305a10f34bb29|-9223372036854775808|-9223372036854775808|-9223372036854775808|-9223372036854775808
585adacfe762be84|-9223372036854775808|-9223372036854775808|-9223372036854775808|-9223372036854775808
33f36010b31a7a83|0|0|0|0
55392717c8150756|-9223372036854775808|-9223372036854775808|-9223372036854775808|-9223372036854775808
529a1b785ecb756d|-9223372036854775808|-9223372036854775808|-9223372036854775808|-9223372036854775808
fb1d221f44dd3878|-9223372036854775808|-9223372036854775808|-9223372036854775808|-9223372036854775808
e3640cc54f25f667|-9223372036854775808|-9223372036854775808|-9223372036854775808|-9223372036854775808
28656ecbb443ea6a|0|0|0|0
7ccc557c40544bf1|-9223372036854775808|-9223372036854775808|-9223372036854775808|-9223372036854775808
8d37ab38d72a69ac|0|0|0|0
db4e1d856564688b|-9223372036854775808|-9223372036854775808|-9223372036854775808|-9223372036854775808
8c698827b6d1d6be|0|0|0|0
8c2fa974986882b5|0|0|0|0
95cb560c69f74620|0|0|0|0
8c90ad9c9448b4ef|0|0|0|0
dc972ba05d0ce052|-9223372036854775808|-9223372036854775808|-9223372036854775808|-9223372036854775808
a43646599dad9db9|0|0|0|0
1cd0acdd88d801d4|0|0|0|0
6fd0eddb2eabff93|-9223372036854775808|-9223372036854775808|-9223372036854775808|-9223372036854775808
6d8349ffe3fc5b26|-9223372036854775808|-9223372036854775808|-9223372036854775808|-9223372036854775808
00b04a32911960fd|0|0|0|0
3447c9679f3c10c8|0|0|0|0
2af960cde5b1ac77|0|0|0|0
032cd12b3174db3a|0|0|0|0
cf54f8ea7275d081|-9223372036854775808|-9223372036854775808|-9223372036854775808|-9223372036854775808
e222bea32fa226fc|-9223372036854775808|-9223372036854775808|-9223372036854775808|-9223372036854775808
5a37da0f48eb5f9b|-9223372036854775808|-9223372036854775808|-9223372036854775808|-9223372036854775808
ca1a40fb366c348e|-9223372036854775808|-9223372036854775808|-9223372036854775808|-9223372036854775808
2b48e931f5253045|0|0|0|0
f1c13aff160c3870|-9223372036854775808|-9223372036854775808|-9223372036854775808|-9223372036854775808
61a587d400bcfcff|-9223372036854775808|-9223372036854775808|-9223372036854775808|-9223372036854775808
5227960ece8d7b22|-9223372036854775808|-9223372036854775808|-9223372036854775808|-9223372036854775808
b2597a7239260449|0|0|0|0
b9ce8d2809b37924|0|0|0|0
b8f0b118e700a8a3|0|0|0|0
15ae9d92710d02f6|0|0|0|0
79a07b040c57108d|-9223372036854775808|-9223372036854775808|-9223372036854775808|-9223372036854775808
baf871b3d1fc5d18|0|0|0|0
e8c90e0461eac687|-9223372036854775808|-9223372036854775808|-9223372036854775808|-9223372036854775808
6724612846bc600a|-9223372036854775808|-9223372036854775808|-9223372036854775808|-9223372036854775808
90df0c93b7fb5911|0|0|0|0
4d848974e2aa984c|-9223372036854775808|-9223372036854775808|-9223372036854775808|-9223372036854775808
ea06695aa52dfaab|-9223372036854775808|-9223372036854775808|-9223372036854775808|-9223372036854775808
9450ce9c795e665e|0|0|0|0
f4bbae119e7e21d5|-9223372036854775808|-9223372036854775808|-9223372036854775808|-9223372036854775808
c07c7a1e53551ec0|-455|-455|-455|-455
40e52b96bd5f290f|43356|43356|43356|43356
6e7de926d03b29f2|-9223372036854775808|-9223372036854775808|-9223372036854775808|-9223372036854775808
a42d830c2d76eed9|0|0|0|0
ebd62477661a2474|-9223372036854775808|-9223372036854775808|-9223372036854775808|-9223372036854775808
b69a4890899975b3|0|0|0|0
15e8e2e3edf3fec6|0|0|0|0
3f30e00fe7ed841d|0|0|0|0
7cba1fe911931d68|-9223372036854775808|-9223372036854775808|-9223372036854775808|-9223372036854775808
773be9d207624497|-9223372036854775808|-9223372036854775808|-9223372036854775808|-9223372036854775808
c5693a2dc39778da|-9223372036854775808|-9223372036854775808|-9223372036854775808|-9223372036854775808
5bdf3eee8cdde5a1|-9223372036854775808|-9223372036854775808|-9223372036854775808|-9223372036854775808
aef591ef4208bd9c|0|0|0|0
2f0fe01c94cd39bb|0|0|0|0
7611f8cc0cf56c2e|-9223372036854775808|-9223372036854775808|-9223372036854775808|-9223372036854775808
5f05b4d69dfc5765|-9223372036854775808|-9223372036854775808|-9223372036854775808|-9223372036854775808
3c2a3c2ac5e6f910|0|0|0|0
8ffe10610ce0391f|0|0|0|0
7ac827daea32ecc2|-9223372036854775808|-9223372036854775808|-9223372036854775808|-9223372036854775808
72ea0b30cab95d69|-9223372036854775808|-9223372036854775808|-9223372036854775808|-9223372036854775808
58222cb8197103c4|-9223372036854775808|-9223372036854775808|-9223372036854775808|-9223372036854775808
f66381d3e23766c3|-9223372036854775808|-9223372036854775808|-9223372036854775808|-9223372036854775808
55c873feea9e4e96|-9223372036854775808|-9223372036854775808|-9223372036854775808|-9223372036854775808
5903ab890385bbad|-9223372036854775808|-9223372036854775808|-9223372036854775808|-9223372036854775808
feae3d4a85b551b8|-9223372036854775808|-9223372036854775808|-9223372036854775808|-9223372036854775808
831a9e109be926a7|0|0|0|0
85bb6f4b1cc325aa|0|0|0|0
0e6da29d39567631|0|0|0|0
0dd9959a46c196ec|0|0|0|0
28d56fae58aa1ccb|0|0|0|0
8451425ef7be45fe|0|0|0|0
d59457440d68d0f5|-9223372036854775808|-9223372036854775808|-9223372036854775808|-9223372036854775808
cd15c037ad16c760|-9223372036854775808|-9223372036854775808|-9223372036854775808|-9223372036854775808
8b66f1793c312d2f|0|0|0|0
17ec71f731d1c392|0|0|0|0
0e41f379f5464ff9|0|0|0|0
3f91cd0c6e5d1714|0|0|0|0
ec0faefaeadb7bd3|-9223372036854775808|-9223372036854775808|-9223372036854775808|-9223372036854775808
e0b672b5d838f266|-9223372036854775808|-9223372036854775808|-9223372036854775808|-9223372036854775808
e25970c39708b73d|-9223372036854775808|-9223372036854775808|-9223372036854775808|-9223372036854775808
bcd82dff9957fa08|0|0|0|0
d770505677906cb7|-9223372036854775808|-9223372036854775808|-9223372036854775808|-9223372036854775808
12597f833c3c667a|0|0|0|0
662b497861de0ac1|-9223372036854775808|-9223372036854775808|-9223372036854775808|-9223372036854775808
988bd78fe11a243c|0|0|0|0
053a15fa67e5a3db|0|0|0|0
358ec0da8985f3ce|0|0|0|0
3ce9ceb0a6cc8e85|0|0|0|0
9edf140b337989b0|0|0|0|0
9e438e8db283053f|0|0|0|0
060c99da19b4ae62|0|0|0|0
481c62beb5b6c689|-9223372036854775808|-9223372036854775808|-9223372036854775808|-9223372036854775808
fca5f391cec35e64|-9223372036854775808|-9223372036854775808|-9223372036854775808|-9223372036854775808
aa38e102dbc6b4e3|0|0|0|0
51b78448d930ea36|-9223372036854775808|-9223372036854775808|-9223372036854775808|-9223372036854775808
92b3728ac29f76cd|0|0|0|0
020e588e4ab01658|0|0|0|0
9f8f302694a916c7|0|0|0|0
8c107c2f51403b4a|0|0|0|0
e767191d972da351|-9223372036854775808|-9223372036854775808|-9223372036854775808|-9223372036854775808
e50506fb4897658c|-9223372036854775808|-9223372036854775808|-9223372036854775808|-9223372036854775808
cededa8d7fe0ceeb|-9223372036854775808|-9223372036854775808|-9223372036854775808|-9223372036854775808
36079f642b59759e|0|0|0|0
476d405e54709015|-9223372036854775808|-9223372036854775808|-9223372036854775808|-9223372036854775808
3ce37ff2bee44000|0|0|0|0
889083b70146c14f|0|0|0|0
c05772c141b8ad32|-93|-93|-93|-93
feacb4c3c8e3c119|-9223372036854775808|-9223372036854775808|-9223372036854775808|-9223372036854775808
f0a3b1da13c8d9b4|-9223372036854775808|-9223372036854775808|-9223372036854775808|-9223372036854775808
8395e7d13b7a11f3|0|0|0|0
a143a6df91333606|0|0|0|0
f951a7ba1eb2fa5d|-9223372036854775808|-9223372036854775808|-9223372036854775808|-9223372036854775808
7589f3497b32a6a8|-9223372036854775808|-9223372036854775808|-9223372036854775808|-9223372036854775808
0135dd049fc424d7|0|0|0|0
9ee03e75a04ba41a|0|0|0|0
a8683201e63e3fe1|0|0|0|0
669f62cc4bfe5adc|-9223372036854775808|-9223372036854775808|-9223372036854775808|-9223372036854775808
817099cbb43c9dfb|0|0|0|0
67d47a052f85cb6e|-9223372036854775808|-9223372036854775808|-9223372036854775808|-9223372036854775808
5a3f7c95c0ddd5a5|-9223372036854775808|-9223372036854775808|-9223372036854775808|-9223372036854775808
103c9b0b406bea50|0|0|0|0
65e049ddf42d615f|-9223372036854775808|-9223372036854775808|-9223372036854775808|-9223372036854775808
c79bd4aa46fac002|-9223372036854775808|-9223372036854775808|-9223372036854775808|-9223372036854775808
b6cfbff02fe63fa9|0|0|0|0
6865e118d5d28904|-9223372036854775808|-9223372036854775808|-9223372036854775808|-9223372036854775808
566638daeeb69303|-9223372036854775808|-9223372036854775808|-9223372036854775808|-9223372036854775808
96a6edd6f52cd5d6|0|0|0|0
aba87f1b4bec41ed|0|0|0|0
c87a2cb33f94aaf8|-9223372036854775808|-9223372036854775808|-9223372036854775808|-9223372036854775808
616ed56d07b296e7|-9223372036854775808|-9223372036854775808|-9223372036854775808|-9223372036854775808
807048d4531ba0ea|0|0|0|0
136882086848e071|0|0|0|0
2a3cff9ea154042c|0|0|0|0
84719f497eda110b|0|0|0|0
9281fe42a197f53e|0|0|0|0
3cd69985e6dd5f35|0|0|0|0
42ce3cfd846588a0|66494600366865|66494600366865|66494599790592|66494599790592
2c15b085a127e56f|0|0|0|0
1ad692c793d7e6d2|0|0|0|0
ea012b05c0174239|-9223372036854775808|-9223372036854775808|-9223372036854775808|-9223372036854775808
052f9304bc856c54|0|0|0|0
06531d6f487d3813|0|0|0|0
f4fe31e31b4ac9a6|-9223372036854775808|-9223372036854775808|-9223372036854775808|-9223372036854775808
a69aab8783344d7d|0|0|0|0
8fba83d32fcb2348|0|0|0|0
396d5fb10d856cf7|0|0|0|0
9f3f31c048ad31ba|0|0|0|0
fbfe5b9cd2c68501|-9223372036854775808|-9223372036854775808|-9223372036854775808|-9223372036854775808
210354d535dd617c|0|0|0|0
25d79048cfda281b|0|0|0|0
b3b17e09165cf30e|0|0|0|0
031ad2e7a1782cc5|0|0|0|0
423ec22e82661af0|132106846822|132106846822|132106846208|132106846208
f2ba61f978674d7f|-9223372036854775808|-9223372036854775808|-9223372036854775808|-9223372036854775808
1889e1892fed21a2|0|0|0|0
8f37cbddb30fc8c9|0|0|0|0
8ce8146ccec683a4|0|0|0|0
c0ebc9a71a0f0123|-56909|-56909|-56909|-56909
364c02050afa1176|0|0|0|0
5d83814d25b41d0d|-9223372036854775808|-9223372036854775808|-9223372036854775808|-9223372036854775808
dfd76580b70b0f98|-9223372036854775808|-9223372036854775808|-9223372036854775808|-9223372036854775808
79659db6d48da707|-9223372036854775808|-9223372036854775808|-9223372036854775808|-9223372036854775808
87f3b457e53d568a|0|0|0|0
83782a5207702d91|0|0|0|0
461e75e97e1f72cc|-9223372036854775808|-9223372036854775808|-9223372036854775808|-9223372036854775808
0db4675a1d9de32b|0|0|0|0
3e2061ec7be1c4de|0|0|0|0
d44757653bf73e55|-9223372036854775808|-9223372036854775808|-9223372036854775808|-9223372036854775808
d7685763ad42a140|-9223372036854775808|-9223372036854775808|-9223372036854775808|-9223372036854775808
24d242df545c998f|0|0|0|0
ea11e93990177072|-9223372036854775808|-9223372036854775808|-9223372036854775808|-9223372036854775808
6084482936a8d359|-9223372036854775808|-9223372036854775808|-9223372036854775808|-9223372036854775808
e3908681c2bacef4|-9223372036854775808|-9223372036854775808|-9223372036854775808|-9223372036854775808
39c83cf7c2ecee33|0|0|0|0
995b62548ce7ad46|0|0|0|0
2ceeadd94cd4b09d|0|0|0|0
27e763a163c96fe8|0|0|0|0
7a27bc9d725c4517|-9223372036854775808|-9223372036854775808|-9223372036854775808|-9223372036854775808
9983c429e2490f5a|0|0|0|0
3f019e04a43eda21|0|0|0|0
718d9ceec5df381c|-9223372036854775808|-9223372036854775808|-9223372036854775808|-9223372036854775808
6f0f822174c6423b|-9223372036854775808|-9223372036854775808|-9223372036854775808|-9223372036854775808
b216a7bbe9736aae|0|0|0|0
a4e9ecc601e393e5|0|0|0|0
76d541db43101b90|-9223372036854775808|-9223372036854775808|-9223372036854775808|-9223372036854775808
8c5ebe2d89b8c99f|0|0|0|0
bf5f822e6673d342|0|0|0|0
94697135fcfb61e9|0|0|0|0
897a53d34dc74e44|0|0|0|0
39550d6a40d7ff43|0|0|0|0
c52f259dfb009d16|-9223372036854775808|-9223372036854775808|-9223372036854775808|-9223372036854775808
e53a52a55a3f082d|-9223372036854775808|-9223372036854775808|-9223372036854775808|-9223372036854775808
7e6a9b5b37bb4438|-9223372036854775808|-9223372036854775808|-9223372036854775808|-9223372036854775808
cf207144fec24727|-9223372036854775808|-9223372036854775808|-9223372036854775808|-9223372036854775808
dd0341101e8d5c2a|-9223372036854775808|-9223372036854775808|-9223372036854775808|-9223372036854775808
e64de581936b8ab1|-9223372036854775808|-9223372036854775808|-9223372036854775808|-9223372036854775808
64d9eb498021b16c|-9223372036854775808|-9223372036854775808|-9223372036854775808|-9223372036854775808
9412023f8834454b|0|0|0|0
adadda696f9ee47e|0|0|0|0
f40493ddcf062d75|-9223372036854775808|-9223372036854775808|-9223372036854775808|-9223372036854775808
092c58d89d2389e0|0|0|0|0
d4274e84f76cddaf|-9223372036854775808|-9223372036854775808|-9223372036854775808|-9223372036854775808
9987578d725f4a12|0|0|0|0
b59213b6cc607479|0|0|0|0
82cd060174910194|0|0|0|0
c8507e763fd13453|-9223372036854775808|-9223372036854775808|-9223372036854775808|-9223372036854775808
a295eed41071e0e6|0|0|0|0
a750cc6887dc23bd|0|0|0|0
8e5d1f3af7d58c88|0|0|0|0
4d4b32baa3d0ad37|-9223372036854775808|-9223372036854775808|-9223372036854775808|-9223372036854775808
4ed9281e6e073cfa|-9223372036854775808|-9223372036854775808|-9223372036854775808|-9223372036854775808
85f6d1b09b6f3f41|0|0|0|0
42c7859a972bdebc|51725183375293|51725183375293|51725184532480|51725184532480
f0b8025ec108ec5b|-9223372036854775808|-9223372036854775808|-9223372036854775808|-9223372036854775808
b0a33045e831324e|0|0|0|0
5e8c95409f680b05|-9223372036854775808|-9223372036854775808|-9223372036854775808|-9223372036854775808
e31625a48011ec30|-9223372036854775808|-9223372036854775808|-9223372036854775808|-9223372036854775808
8dced5ef16a9d5bf|0|0|0|0
4168eda55076d4e2|13069610|13069610|13069611|13069611
79c434900f710b09|-9223372036854775808|-9223372036854775808|-9223372036854775808|-9223372036854775808
39414121dafce8e4|0|0|0|0
161784812a198d63|0|0|0|0
9e242755b9a878b6|0|0|0|0
1f27af8d77d5034d|0|0|0|0
05f47a4e7c4d48d8|0|0|0|0
b49ce388add87747|0|0|0|0
b0d75ea569f3b1ca|0|0|0|0
c9c4fa42ef02f7d1|-9223372036854775808|-9223372036854775808|-9223372036854775808|-9223372036854775808
e4906fdebc82c00c|-9223372036854775808|-9223372036854775808|-9223372036854775808|-9223372036854775808
cb5660644ea5376b|-9223372036854775808|-9223372036854775808|-9223372036854775808|-9223372036854775808
2a78bc90c637541e|0|0|0|0
ad4a9fba1f522c95|0|0|0|0
ef165f016bb04280|-9223372036854775808|-9223372036854775808|-9223372036854775808|-9223372036854775808
e3bf95000ae0b1cf|-9223372036854775808|-9223372036854775808|-9223372036854775808|-9223372036854775808
615648da4a9773b2|-9223372036854775808|-9223372036854775808|-9223372036854775808|-9223372036854775808
75bdf3a865062599|-9223372036854775808|-9223372036854775808|-9223372036854775808|-9223372036854775808
ec9de9d914300434|-9223372036854775808|-9223372036854775808|-9223372036854775808|-9223372036854775808
1507960138320a73|0|0|0|0
9e4e7707e4516486|0|0|0|0
08c1c2ebc492a6dd|0|0|0|0
481ba13300977928|-9223372036854775808|-9223372036854775808|-9223372036854775808|-9223372036854775808
fc77daea9b6aa557|-9223372036854775808|-9223372036854775808|-9223372036854775808|-9223372036854775808
2b3e744940cfba9a|0|0|0|0
74a93ce5bd1fb461|-9223372036854775808|-9223372036854775808|-9223372036854775808|-9223372036854775808
1207cec1b8eb555c|0|0|0|0
69731dc536aa267b|-9223372036854775808|-9223372036854775808|-9223372036854775808|-9223372036854775808
d68ae15be5fe49ee|-9223372036854775808|-9223372036854775808|-9223372036854775808|-9223372036854775808
2377e1893b4d9225|0|0|0|0
1d18b513eb138cd0|0|0|0|0
c409d25cb1c271df|-9223372036854775808|-9223372036854775808|-9223372036854775808|-9223372036854775808
a11a322727de2682|0|0|0|0
d3048dbd3038c429|-9223372036854775808|-9223372036854775808|-9223372036854775808|-9223372036854775808
d57bbb27f28f5384|-9223372036854775808|-9223372036854775808|-9223372036854775808|-9223372036854775808
d2706b4480dbab83|-9223372036854775808|-9223372036854775808|-9223372036854775808|-9223372036854775808
eea88b434f59a456|-9223372036854775808|-9223372036854775808|-9223372036854775808|-9223372036854775808
a11201c590be0e6d|0|0|0|0
a1abe61773691d78|0|0|0|0
b4d47ee52d583767|0|0|0|0
2a13f92c8658576a|0|0|0|0
8a542ff8c0fe74f1|0|0|0|0
3a237325bc6a9eac|0|0|0|0
2dac96ff64f8b98b|0|0|0|0
bc706ec35d1313be|0|0|0|0
8c5c455fb0233bb5|0|0|0|0
f70322bee490cb20|-9223372036854775808|-9223372036854775808|-9223372036854775808|-9223372036854775808
66f383a4b34015ef|-9223372036854775808|-9223372036854775808|-9223372036854775808|-9223372036854775808
2f005631fca7ed52|0|0|0|0
429a363b2861e6b9|7205055764601|7205055764601|7205055627264|7205055627264
6c1ad0ecd7bfd6d4|-9223372036854775808|-9223372036854775808|-9223372036854775808|-9223372036854775808
ead70ddc09177093|-9223372036854775808|-9223372036854775808|-9223372036854775808|-9223372036854775808
866539965aee3826|0|0|0|0
f04dee09174039fd|-9223372036854775808|-9223372036854775808|-9223372036854775808|-9223372036854775808
d79cc4b2c6b735c8|-9223372036854775808|-9223372036854775808|-9223372036854775808|-9223372036854775808
a0f3e04276b22d77|0|0|0|0
985f452f038a883a|0|0|0|0
0d0c61c8d2183981|0|0|0|0
9ad8d4deae459bfc|0|0|0|0
d4ba1336bbb1f09b|-9223372036854775808|-9223372036854775808|-9223372036854775808|-9223372036854775808
377d1c794a42b18e|0|0|0|0
17aa3c259adc2945|0|0|0|0
b3833973e9bcfd70|0|0|0|0
7da988c0918a9dff|-9223372036854775808|-9223372036854775808|-9223372036854775808|-9223372036854775808
6297bbf4fa91c822|-9223372036854775808|-9223372036854775808|-9223372036854775808|-9223372036854775808
d00bc21ae91a8d49|-9223372036854775808|-9223372036854775808|-9223372036854775808|-9223372036854775808
86acec1904a68e24|0|0|0|0
4ba1d8aad42659a3|-9223372036854775808|-9223372036854775808|-9223372036854775808|-9223372036854775808
b91e4b5ad87c1ff6|0|0|0|0
82fdbbd63b42298d|0|0|0|0
ffef9b2e3fb6c218|-9223372036854775808|-9223372036854775808|-9223372036854775808|-9223372036854775808
09ac0971ecc98787|0|0|0|0
6fddcd4086a34d0a|-9223372036854775808|-9223372036854775808|-9223372036854775808|-9223372036854775808
85a87d4e74260211|0|0|0|0
85f9e1a17d014d4c|0|0|0|0
a7ee6cf62336cbab|0|0|0|0
028f4aa5a59a235e|0|0|0|0
c35cbc8108c15ad5|-32354246926363476|-32354246926363476|-32354246338805760|-32354246338805760
3c7f1c77876d23c0|0|0|0|0
f7454a93b9130a0f|-9223372036854775808|-9223372036854775808|-9223372036854775808|-9223372036854775808
32cd4ffb4078b6f2|0|0|0|0
77535cc1823bb7d9|-9223372036854775808|-9223372036854775808|-9223372036854775808|-9223372036854775808
6b5e7599e9687974|-9223372036854775808|-9223372036854775808|-9223372036854775808|-9223372036854775808
dcab4998f38966b3|-9223372036854775808|-9223372036854775808|-9223372036854775808|-9223372036854775808
e1a37f1fdab05bc6|-9223372036854775808|-9223372036854775808|-9223372036854775808|-9223372036854775808
ee691f48182cdd1d|-9223372036854775808|-9223372036854775808|-9223372036854775808|-9223372036854775808
aff7a503c6dcc268|0|0|0|0
a8a7f14c772f4597|0|0|0|0
1d8d63c7b31fa5da|0|0|0|0
d766ad706720cea1|-9223372036854775808|-9223372036854775808|-9223372036854775808|-9223372036854775808
50cd45276e62b29c|-9223372036854775808|-9223372036854775808|-9223372036854775808|-9223372036854775808
af13d5149a284abb|0|0|0|0
4173371a1066692e|20148641|20148641|20148642|20148642
22746121875bd065|0|0|0|0
5116209995b63e10|-9223372036854775808|-9223372036854775808|-9223372036854775808|-9223372036854775808
082bce12908a5a1f|0|0|0|0
24b18131aa79b9c2|0|0|0|0
f9a9bfe507de6669|-9223372036854775808|-9223372036854775808|-9223372036854775808|-9223372036854775808
b69f84f6756a98c4|0|0|0|0
d2afc5ea970197c3|-9223372036854775808|-9223372036854775808|-9223372036854775808|-9223372036854775808
43198ce78577eb96|1797950105582309|1797950105582309|1797950082646016|1797950082646016
27dfc58291a954ad|0|0|0|0
13c9ccd037de36b8|0|0|0|0
df4f42bc7fb467a7|-9223372036854775808|-9223372036854775808|-9223372036854775808|-9223372036854775808
0e08011cd1bc92aa|0|0|0|0
29bed7ca37419f31|0|0|0|0
317d0f856f6ecbec|0|0|0|0
4df5f0be45676dcb|-9223372036854775808|-9223372036854775808|-9223372036854775808|-9223372036854775808
b31713d9a53482fe|0|0|0|0
0618cecfb47489f5|0|0|0|0
27f0456187ed4c60|0|0|0|0
ddad8cbc88e18e2f|-9223372036854775808|-9223372036854775808|-9223372036854775808|-9223372036854775808
36c12c4ba1f1d092|0|0|0|0
e58ba775225b98f9|-9223372036854775808|-9223372036854775808|-9223372036854775808|-9223372036854775808
49b56fa06751ec14|-9223372036854775808|-9223372036854775808|-9223372036854775808|-9223372036854775808
7310b23b1c8fecd3|-9223372036854775808|-9223372036854775808|-9223372036854775808|-9223372036854775808
890b3a38ddffcf66|0|0|0|0
08ccc203e3a0903d|0|0|0|0
f01b2a19b1b01f08|-9223372036854775808|-9223372036854775808|-9223372036854775808|-9223372036854775808
8f746a4a0269edb7|0|0|0|0
6419f118a077137a|-9223372036854775808|-9223372036854775808|-9223372036854775808|-9223372036854775808
fb4187f6cd0173c1|-9223372036854775808|-9223372036854775808|-9223372036854775808|-9223372036854775808
8c25deb7646a993c|0|0|0|0
ef7dd3a1801534db|-9223372036854775808|-9223372036854775808|-9223372036854775808|-9223372036854775808
738cabf4c7d170ce|-9223372036854775808|-9223372036854775808|-9223372036854775808|-9223372036854775808
2e5bcb40ce148785|0|0|0|0
b1befcaebca74eb0|0|0|0|0
09c0a37a2d49a63f|0|0|0|0
31df52bbed7dfb62|0|0|0|0
a0f57a879e4c4f89|0|0|0|0
8c74a5f99d037364|0|0|0|0
1dfd7f1c207565e3|0|0|0|0
4f37cb059ab50736|-9223372036854775808|-9223372036854775808|-9223372036854775808|-9223372036854775808
1784793a323b8fcd|0|0|0|0
55a04009e6877b58|-9223372036854775808|-9223372036854775808|-9223372036854775808|-9223372036854775808
c5619a8a9da0d7c7|-9223372036854775808|-9223372036854775808|-9223372036854775808|-9223372036854775808
fc3882b7228c284a|-9223372036854775808|-9223372036854775808|-9223372036854775808|-9223372036854775808
be19a45efd194c51|0|0|0|0
ad4ff05f78db1a8c|0|0|0|0
0ce1973feb929feb|0|0|0|0
ce6683b8f54a329e|-9223372036854775808|-9223372036854775808|-9223372036854775808|-9223372036854775808
f523adae4284c915|-9223372036854775808|-9223372036854775808|-9223372036854775808|-9223372036854775808
c944f5cccdb94500|-9223372036854775808|-9223372036854775808|-9223372036854775808|-9223372036854775808
1cb128df3333a24f|0|0|0|0
c9525a4180fb3a32|-9223372036854775808|-9223372036854775808|-9223372036854775808|-9223372036854775808
06236248fc898a19|0|0|0|0
5b29e30d63a42eb4|-9223372036854775808|-9223372036854775808|-9223372036854775808|-9223372036854775808
a9b98b588d3302f3|0|0|0|0
41e35c63f3449306|2598576026|2598576026|2598576128|2598576128
9a4cd15d19e3535d|0|0|0|0
5f1a521c6bd94ba8|-9223372036854775808|-9223372036854775808|-9223372036854775808|-9223372036854775808
d667b875a1ea25d7|-9223372036854775808|-9223372036854775808|-9223372036854775808|-9223372036854775808
048c96ce7078d11a|0|0|0|0
b4db458c188228e1|0|0|0|0
5ceac0b96f854fdc|-9223372036854775808|-9223372036854775808|-9223372036854775808|-9223372036854775808
a71790637f80aefb|0|0|0|0
6d5fa13493ebc86e|-9223372036854775808|-9223372036854775808|-9223372036854775808|-9223372036854775808
249b1231404e4ea5|0|0|0|0
31fde0fbe0382f50|0|0|0|0
f8b5bbd08a50825f|-9223372036854775808|-9223372036854775808|-9223372036854775808|-9223372036854775808
220cd2084d868d02|0|0|0|0
4f0047f1022c48a9|-9223372036854775808|-9223372036854775808|-9223372036854775808|-9223372036854775808
3330f3fdc7991e04|0|0|0|0
9c6bfcdbab89c403|0|0|0|0
0b36f61c709b72d6|0|0|0|0
db3fb28b3f40daed|-9223372036854775808|-9223372036854775808|-9223372036854775808|-9223372036854775808
25ab63c10a5a8ff8|0|0|0|0
08ac609c2216d7e7|0|0|0|0
2f21aad987fa0dea|0|0|0|0
28ee48fe7c750971|0|0|0|0
c7831bc1f26e392c|-9223372036854775808|-9223372036854775808|-9223372036854775808|-9223372036854775808
cf7b63b799c0620b|-9223372036854775808|-9223372036854775808|-9223372036854775808|-9223372036854775808
806e6a0ec343323e|0|0|0|0
1eebf8e2463a1835|0|0|0|0
3492606cf4790da0|0|0|0|0
11789b8e6c91466f|0|0|0|0
cb4efa5e117cf3d2|-9223372036854775808|-9223372036854775808|-9223372036854775808|-9223372036854775808
25da72bb488d8b39|0|0|0|0
c97e9c24e4874154|-9223372036854775808|-9223372036854775808|-9223372036854775808|-9223372036854775808
c5acf13c327aa913|-9223372036854775808|-9223372036854775808|-9223372036854775808|-9223372036854775808
b5d7600bbce6a6a6|0|0|0|0
1c581f2bdf3d267d|0|0|0|0
9dc4b7f20e004848|0|0|0|0
ac9e76450337edf7|0|0|0|0
6e773cd71c0cdeba|-9223372036854775808|-9223372036854775808|-9223372036854775808|-9223372036854775808
87177888226aee01|0|0|0|0
a75ac591e2dad67c|0|0|0|0
c6617a860e72b91b|-9223372036854775808|-9223372036854775808|-9223372036854775808|-9223372036854775808
276443b32c1d700e|0|0|0|0
6b04b9bcb35125c5|-9223372036854775808|-9223372036854775808|-9223372036854775808|-9223372036854775808
e4a79bb23610dff0|-9223372036854775808|-9223372036854775808|-9223372036854775808|-9223372036854775808
e3d7da226e26ee7f|-9223372036854775808|-9223372036854775808|-9223372036854775808|-9223372036854775808
fb438bfb287b6ea2|-9223372036854775808|-9223372036854775808|-9223372036854775808|-9223372036854775808
3ef0bee3cd4651c9|0|0|0|0
627a5aea355398a4|-9223372036854775808|-9223372036854775808|-9223372036854775808|-9223372036854775808
41d9a6eb5746b223|1721478493|1721478493|1721478528|1721478528
c443085873932e76|-9223372036854775808|-9223372036854775808|-9223372036854775808|-9223372036854775808
cf3a6d945f01360d|-9223372036854775808|-9223372036854775808|-9223372036854775808|-9223372036854775808
be0ee5be95ff7498|0|0|0|0
2a32ed6d0c9e6807|0|0|0|0
d82fa53c64ee438a|-9223372036854775808|-9223372036854775808|-9223372036854775808|-9223372036854775808
76675f2b301cd691|-9223372036854775808|-9223372036854775808|-9223372036854775808|-9223372036854775808
10481eeda95027cc|0|0|0|0
2733989837f8b42b|0|0|0|0
3e0ce2d1d08781de|0|0|0|0
e5ad764656dc7755|-9223372036854775808|-9223372036854775808|-9223372036854775808|-9223372036854775808
9a4d2aa34bd4a640|0|0|0|0
64617a318d827a8f|-9223372036854775808|-9223372036854775808|-9223372036854775808|-9223372036854775808
159f7bdf5b5efd72|0|0|0|0
61f7a6a7822f9c59|-9223372036854775808|-9223372036854775808|-9223372036854775808|-9223372036854775808
35ec184be42323f4|0|0|0|0
331f8007dd6edf33|0|0|0|0
4bc0877cf14e0a46|-9223372036854775808|-9223372036854775808|-9223372036854775808|-9223372036854775808
f8186bf1dbf6099d|-9223372036854775808|-9223372036854775808|-9223372036854775808|-9223372036854775808
9d05d6c8e4cd14e8|0|0|0|0
47d5c0aaf7db4617|-9223372036854775808|-9223372036854775808|-9223372036854775808|-9223372036854775808
49e4c3fbf01b3c5a|-9223372036854775808|-9223372036854775808|-9223372036854775808|-9223372036854775808
9e2a247c8783c321|0|0|0|0
7bd36b0885932d1c|-9223372036854775808|-9223372036854775808|-9223372036854775808|-9223372036854775808
359f943c06f3533b|0|0|0|0
86617732dbce67ae|0|0|0|0
834cf1fb00650ce5|0|0|0|0
de4f4cb5a7d96090|-9223372036854775808|-9223372036854775808|-9223372036854775808|-9223372036854775808
d16289324354ea9f|-9223372036854775808|-9223372036854775808|-9223372036854775808|-9223372036854775808
3481b8c2b044a042|0|0|0|0
c8d19648dd626ae9|-9223372036854775808|-9223372036854775808|-9223372036854775808|-9223372036854775808
1878fd1c1a5ae344|0|0|0|0
9b23ffd526b43043|0|0|0|0
3cb08f2524043a16|0|0|0|0
fa727776bbc4a12d|-9223372036854775808|-9223372036854775808|-9223372036854775808|-9223372036854775808
8dae44b8b01e2938|0|0|0|0
42d543f780bf8827|93526637608480|93526637608480|93526637412352|93526637412352
55481da07050c92a|-9223372036854775808|-9223372036854775808|-9223372036854775808|-9223372036854775808
8c58078a56d8b3b1|0|0|0|0
62e69b7bdea8e66c|-9223372036854775808|-9223372036854775808|-9223372036854775808|-9223372036854775808
4a5f716d1243964b|-9223372036854775808|-9223372036854775808|-9223372036854775808|-9223372036854775808
dcd520de727f217e|-9223372036854775808|-9223372036854775808|-9223372036854775808|-9223372036854775808
0163fa7c0fb3e675|0|0|0|0
e806a1c8d7740ee0|-9223372036854775808|-9223372036854775808|-9223372036854775808|-9223372036854775808
23c28706928f3eaf|0|0|0|0
b0d51f1a3a895712|0|0|0|0
b56244186937bd79|0|0|0|0
c231fbf2509fd694|-77241405599|-77241405599|-77241409536|-77241409536
e03623d64317a553|-9223372036854775808|-9223372036854775808|-9223372036854775808|-9223372036854775808
fcef50e05ae2bde6|-9223372036854775808|-9223372036854775808|-9223372036854775808|-9223372036854775808
2d66cfcc3c55fcbd|0|0|0|0
23c58aa170e7b188|0|0|0|0
94f84559755c2e37|0|0|0|0
5ea1457b8d8be9fa|-9223372036854775808|-9223372036854775808|-9223372036854775808|-9223372036854775808
0b7a5246a894a841|0|0|0|0
8b93c77292d653bc|0|0|0|0
3c306121a70a7d5b|0|0|0|0
7d015b988266af4e|-9223372036854775808|-9223372036854775808|-9223372036854775808|-9223372036854775808
62fec88404d20405|-9223372036854775808|-9223372036854775808|-9223372036854775808|-9223372036854775808
c8e1d966d339b130|-9223372036854775808|-9223372036854775808|-9223372036854775808|-9223372036854775808
2c56abfa186276bf|0|0|0|0
934c20b0eaca21e2|0|0|0|0
9fa1058154489409|0|0|0|0
8b0dcfd09ed6fde4|0|0|0|0
ce0bb98d00da3e63|-9223372036854775808|-9223372036854775808|-9223372036854775808|-9223372036854775808
e79aa9a7165695b6|-9223372036854775808|-9223372036854775808|-9223372036854775808|-9223372036854775808
3fc0afc803d31c4d|0|0|0|0
e017df5cb35eadd8|-9223372036854775808|-9223372036854775808|-9223372036854775808|-9223372036854775808
dce9ac75c6023847|-9223372036854775808|-9223372036854775808|-9223372036854775808|-9223372036854775808
4f7ab1e8b5099eca|-9223372036854775808|-9223372036854775808|-9223372036854775808|-9223372036854775808
38fcde75f370a0d1|0|0|0|0
e7f5b30847a0750c|-9223372036854775808|-9223372036854775808|-9223372036854775808|-9223372036854775808
16ac65bbd8a9086b|0|0|0|0
350a4db09292111e|0|0|0|0
dd24029e10086595|-9223372036854775808|-9223372036854775808|-9223372036854775808|-9223372036854775808
71d90d784eff4780|-9223372036854775808|-9223372036854775808|-9223372036854775808|-9223372036854775808
25dade241c3f92cf|0|0|0|0
7db2dcd45ee400b2|-9223372036854775808|-9223372036854775808|-9223372036854775808|-9223372036854775808
e2da5a1a016dee99|-9223372036854775808|-9223372036854775808|-9223372036854775808|-9223372036854775808
8ecf757d0c255934|0|0|0|0
703391dcfc7cfb73|-9223372036854775808|-9223372036854775808|-9223372036854775808|-9223372036854775808
7c0b9f34d80cc186|-9223372036854775808|-9223372036854775808|-9223372036854775808|-9223372036854775808
6e08f465b0a4ffdd|-9223372036854775808|-9223372036854775808|-9223372036854775808|-9223372036854775808
8a444dd866f81e28|0|0|0|0
b32e8a039542a657|0|0|0|0
5ada57a3e946e79a|-9223372036854775808|-9223372036854775808|-9223372036854775808|-9223372036854775808
d7788521aa659d61|-9223372036854775808|-9223372036854775808|-9223372036854775808|-9223372036854775808
2afd0bdcb9cc4a5c|0|0|0|0
20e89d9e90c0377b|0|0|0|0
8ff42725934e46ee|0|0|0|0
33a14aa1a1e00b25|0|0|0|0
d53dbd6d09d9d1d0|-9223372036854775808|-9223372036854775808|-9223372036854775808|-9223372036854775808
0a50672d9fd792df|0|0|0|0
11c9a615b1f3f382|0|0|0|0
e16d25b897c0cd29|-9223372036854775808|-9223372036854775808|-9223372036854775808|-9223372036854775808
0dd1648edeefe884|0|0|0|0
1f9bb312b0c0dc83|0|0|0|0
581afc35f2f24156|-9223372036854775808|-9223372036854775808|-9223372036854775808|-9223372036854775808
9a7a5b046974a76d|0|0|0|0
622100592e690278|-9223372036854775808|-9223372036854775808|-9223372036854775808|-9223372036854775808
a775c82447ee7867|0|0|0|0
a4c0a9349200c46a|0|0|0|0
afa7118eccac9df1|0|0|0|0
c51c3fdb0d5ed3ac|-9223372036854775808|-9223372036854775808|-9223372036854775808|-9223372036854775808
c4f874e69f310a8b|-9223372036854775808|-9223372036854775808|-9223372036854775808|-9223372036854775808
4ed3fe1dae2850be|-9223372036854775808|-9223372036854775808|-9223372036854775808|-9223372036854775808
b77d7ef1fb21f4b5|0|0|0|0
77ed9ed81e1e5020|-9223372036854775808|-9223372036854775808|-9223372036854775808|-9223372036854775808
3124bb7b6f1b76ef|0|0|0|0
331f329e4c56fa52|0|0|0|0
b53c528b929a2fb9|0|0|0|0
c3750d2fecdbabd4|-94807583989873984|-94807583989873984|-94807580538306560|-94807580538306560
a8d0ea8e86a6e193|0|0|0|0
dbe218495b341526|-9223372036854775808|-9223372036854775808|-9223372036854775808|-9223372036854775808
3beb9fe86d2b12fd|0|0|0|0
cc2db3b0afa65ac8|-9223372036854775808|-9223372036854775808|-9223372036854775808|-9223372036854775808
963aec9f9516ae77|0|0|0|0
bfd5d76c4c34353a|0|0|0|0
5a6590b875bea281|-9223372036854775808|-9223372036854775808|-9223372036854775808|-9223372036854775808
813313351d9d10fc|0|0|0|0
fbc43f47ca1c819b|-9223372036854775808|-9223372036854775808|-9223372036854775808|-9223372036854775808
d247d5b215ed2e8e|-9223372036854775808|-9223372036854775808|-9223372036854775808|-9223372036854775808
62d11881bcd72245|-9223372036854775808|-9223372036854775808|-9223372036854775808|-9223372036854775808
c3d1b8805161c270|-5107646325521498112|-5107646325521498112|-5107646576659005440|-5107646576659005440
8634e3bc303c3eff|0|0|0|0
d076f418b3aa1522|-9223372036854775808|-9223372036854775808|-9223372036854775808|-9223372036854775808
3489d43651931649|0|0|0|0
018d5f91eacda324|0|0|0|0
b1f35f13e5700aa3|0|0|0|0
db1218d6763f3cf6|-9223372036854775808|-9223372036854775808|-9223372036854775808|-9223372036854775808
99820600a2f1428d|0|0|0|0
5e0d6767e3e52718|-9223372036854775808|-9223372036854775808|-9223372036854775808|-9223372036854775808
60ef9e03960c4887|-9223372036854775808|-9223372036854775808|-9223372036854775808|-9223372036854775808
762a6ff9ba1e3a0a|-9223372036854775808|-9223372036854775808|-9223372036854775808|-9223372036854775808
8a6e164e6d54ab11|0|0|0|0
2dda5a92cd0c024c|0|0|0|0
19fffb0ddde39cab|0|0|0|0
2cf2bc0ed6a9e05e|0|0|0|0
35cd4e9a784893d5|0|0|0|0
4ec67ce4647928c0|-9223372036854775808|-9223372036854775808|-9223372036854775808|-9223372036854775808
ec8459da73aaeb0f|-9223372036854775808|-9223372036854775808|-9223372036854775808|-9223372036854775808
3b2d542d5aca43f2|0|0|0|0
dafc44f1a88480d9|-9223372036854775808|-9223372036854775808|-9223372036854775808|-9223372036854775808
de026217bceace74|-9223372036854775808|-9223372036854775808|-9223372036854775808|-9223372036854775808
a1c204bc429d57b3|0|0|0|0
5db537b6eac0b8c6|-9223372036854775808|-9223372036854775808|-9223372036854775808|-9223372036854775808
a94f10f02a30361d|0|0|0|0
addb9fdd679a6768|0|0|0|0
3729dca8d6604697|0|0|0|0
c8bdb70f533bd2da|-9223372036854775808|-9223372036854775808|-9223372036854775808|-9223372036854775808
e1465037b767b7a1|-9223372036854775808|-9223372036854775808|-9223372036854775808|-9223372036854775808
543f7e755570a79c|-9223372036854775808|-9223372036854775808|-9223372036854775808|-9223372036854775808
df7d3e41bd275bbb|-9223372036854775808|-9223372036854775808|-9223372036854775808|-9223372036854775808
50db2ce6a5ab662e|-9223372036854775808|-9223372036854775808|-9223372036854775808|-9223372036854775808
4252e9683eff4965|324901338109|324901338109|324901339136|324901339136
008cd93363798310|0|0|0|0
fe506a52c4187b1f|-9223372036854775808|-9223372036854775808|-9223372036854775808|-9223372036854775808
8bc0d29371d486c2|0|0|0|0
892c95b06f876f69|0|0|0|0
d9231b32c6982dc4|-9223372036854775808|-9223372036854775808|-9223372036854775808|-9223372036854775808
6095138e31efc8c3|-9223372036854775808|-9223372036854775808|-9223372036854775808|-9223372036854775808
7bb6dcb470a58896|-9223372036854775808|-9223372036854775808|-9223372036854775808|-9223372036854775808
ebdc7a5bea90edad|-9223372036854775808|-9223372036854775808|-9223372036854775808|-9223372036854775808
755ccf57ca7b1bb8|-9223372036854775808|-9223372036854775808|-9223372036854775808|-9223372036854775808
71af209a63e3a8a7|-9223372036854775808|-9223372036854775808|-9223372036854775808|-9223372036854775808
1119591e3449ffaa|0|0|0|0
8c4481992430c831|0|0|0|0
a81eacce97d000ec|0|0|0|0
1d918ef270c8becb|0|0|0|0
f87b253ab17ebffe|-9223372036854775808|-9223372036854775808|-9223372036854775808|-9223372036854775808
02a1ec4932c442f5|0|0|0|0
84376db8f5b7d160|0|0|0|0
3b0b6aedb675ef2f|0|0|0|0
3e2c41b5b625dd92|0|0|0|0
8e458a4812f4e1f9|0|0|0|0
4ba253f43a7ac114|-9223372036854775808|-9223372036854775808|-9223372036854775808|-9223372036854775808
84a5e1b875685dd3|0|0|0|0
27e896daa11aac66|0|0|0|0
8a19ab7c23fc693d|0|0|0|0
ec84bb0bdf7c4408|-9223372036854775808|-9223372036854775808|-9223372036854775808|-9223372036854775808
e49ecd61dea76eb7|-9223372036854775808|-9223372036854775808|-9223372036854775808|-9223372036854775808
4cbf51a4ef45c07a|-9223372036854775808|-9223372036854775808|-9223372036854775808|-9223372036854775808
5880be5fe028dcc1|-9223372036854775808|-9223372036854775808|-9223372036854775808|-9223372036854775808
5019ddcc6c6f0e3c|-9223372036854775808|-9223372036854775808|-9223372036854775808|-9223372036854775808
cfd8a7a237e8c5db|-9223372036854775808|-9223372036854775808|-9223372036854775808|-9223372036854775808
6512957671f0edce|-9223372036854775808|-9223372036854775808|-9223372036854775808|-9223372036854775808
f06380e115a08085|-9223372036854775808|-9223372036854775808|-9223372036854775808|-9223372036854775808
b1aa64bdadc913b0|0|0|0|0
b6bd57ddf9f4473f|0|0|0|0
23139eeb425b4862|0|0|0|0
92fafa9d2365d889|0|0|0|0
d711f8526a778864|-9223372036854775808|-9223372036854775808|-9223372036854775808|-9223372036854775808
f898c2710d4816e3|-9223372036854775808|-9223372036854775808|-9223372036854775808|-9223372036854775808
9c63429cc68d2436|0|0|0|0
921e43f1fe9ba8cd|0|0|0|0
2998f1170cd2e058|0|0|0|0
e878acb788fc98c7|-9223372036854775808|-9223372036854775808|-9223372036854775808|-9223372036854775808
676424125b6c154a|-9223372036854775808|-9223372036854775808|-9223372036854775808|-9223372036854775808
a30c80500408f551|0|0|0|0
16aa10d7f2d2cf8c|0|0|0|0
c03868d797e870eb|-24|-24|-24|-24
a25e1edf780eef9e|0|0|0|0
1797cbf0d9dd0215|0|0|0|0
8e379cdb59824a00|0|0|0|0
6949a8426804834f|-9223372036854775808|-9223372036854775808|-9223372036854775808|-9223372036854775808
0fea43445e51c732|0|0|0|0
476b11d3e5b35319|-9223372036854775808|-9223372036854775808|-9223372036854775808|-9223372036854775808
36d81a2217b383b4|0|0|0|0
11e3ca78480ff3f3|0|0|0|0
5f1ce9cfaca9f006|-9223372036854775808|-9223372036854775808|-9223372036854775808|-9223372036854775808
35c576e11ad7ac5d|0|0|0|0
4c50a46d9bf3f0a8|-9223372036854775808|-9223372036854775808|-9223372036854775808|-9223372036854775808
8e466116577426d7|0|0|0|0
6afcc3bc6539fe1a|-9223372036854775808|-9223372036854775808|-9223372036854775808|-9223372036854775808
89deee9724ca11e1|0|0|0|0
b63766c8e1c044dc|0|0|0|0
67ba78d26c68bffb|-9223372036854775808|-9223372036854775808|-9223372036854775808|-9223372036854775808
883549593e25c56e|0|0|0|0
d8c994f23202c7a5|-9223372036854775808|-9223372036854775808|-9223372036854775808|-9223372036854775808
1c241bc551f87450|0|0|0|0
332c6b0c1457a35f|0|0|0|0
742e69eb4f265a02|-9223372036854775808|-9223372036854775808|-9223372036854775808|-9223372036854775808
aa580484e2f651a9|0|0|0|0
5e0fdbc3c293b304|-9223372036854775808|-9223372036854775808|-9223372036854775808|-9223372036854775808
80639b3fd280f503|0|0|0|0
d6552a77705e0fd6|-9223372036854775808|-9223372036854775808|-9223372036854775808|-9223372036854775808
2846474d215973ed|0|0|0|0
b0be83bd099474f8|0|0|0|0
e5c9013400df18e7|-9223372036854775808|-9223372036854775808|-9223372036854775808|-9223372036854775808
6784c7eade6c7aea|-9223372036854775808|-9223372036854775808|-9223372036854775808|-9223372036854775808
0d8870e2e3a53271|0|0|0|0
7a83fe4cd73c6e2c|-9223372036854775808|-9223372036854775808|-9223372036854775808|-9223372036854775808
558dd264f74ab30b|-9223372036854775808|-9223372036854775808|-9223372036854775808|-9223372036854775808
00c49e7cf7c26f3e|0|0|0|0
7b51e97720dad135|-9223372036854775808|-9223372036854775808|-9223372036854775808|-9223372036854775808
63f6fe84cb8092a0|-9223372036854775808|-9223372036854775808|-9223372036854775808|-9223372036854775808
7462fd485cdea76f|-9223372036854775808|-9223372036854775808|-9223372036854775808|-9223372036854775808
389b4919273600d2|0|0|0|0
e394f6f57887d439|-9223372036854775808|-9223372036854775808|-9223372036854775808|-9223372036854775808
fc8fc784fabd1654|-9223372036854775808|-9223372036854775808|-9223372036854775808|-9223372036854775808
a53595b5c79c1a13|0|0|0|0
751331694fd683a6|-9223372036854775808|-9223372036854775808|-9223372036854775808|-9223372036854775808
699cecbb5309ff7d|-9223372036854775808|-9223372036854775808|-9223372036854775808|-9223372036854775808
d28c604255a96d48|-9223372036854775808|-9223372036854775808|-9223372036854775808|-9223372036854775808
51364d5d0e4e6ef7|-9223372036854775808|-9223372036854775808|-9223372036854775808|-9223372036854775808
3c0ec8f64e008bba|0|0|0|0
6ff466fb7e135701|-9223372036854775808|-9223372036854775808|-9223372036854775808|-9223372036854775808
1284b782a88c4b7c|0|0|0|0
a050c3f0f0af4a1b|0|0|0|0
0219570561b1ed0e|0|0|0|0
d76e254d896e1ec5|-9223372036854775808|-9223372036854775808|-9223372036854775808|-9223372036854775808
e3d55c2925afa4f0|-9223372036854775808|-9223372036854775808|-9223372036854775808|-9223372036854775808
8d66eacef9ca8f7f|0|0|0|0
22c83a9e961dbba2|0|0|0|0
817d0c546800dac9|0|0|0|0
866658b5af14ada4|0|0|0|0
d8c515b3c0a26323|-9223372036854775808|-9223372036854775808|-9223372036854775808|-9223372036854775808
fc5995c17a804b76|-9223372036854775808|-9223372036854775808|-9223372036854775808|-9223372036854775808
bbd9e91819124f0d|0|0|0|0
5d1bb9945367d998|-9223372036854775808|-9223372036854775808|-9223372036854775808|-9223372036854775808
fccb2fb4eb132907|-9223372036854775808|-9223372036854775808|-9223372036854775808|-9223372036854775808
c32e037ac033308a|-4224037523396677|-4224037523396677|-4224037521719296|-4224037521719296
0d441de25dcd7f91|0|0|0|0
5c0243c9b234dccc|-9223372036854775808|-9223372036854775808|-9223372036854775808|-9223372036854775808
67a21f8896f7852b|-9223372036854775808|-9223372036854775808|-9223372036854775808|-9223372036854775808
ff85878e92013ede|-9223372036854775808|-9223372036854775808|-9223372036854775808|-9223372036854775808
84730866bf05b055|0|0|0|0
d4e1cfec3b5aab40|-9223372036854775808|-9223372036854775808|-9223372036854775808|-9223372036854775808
b563ca540d8c5b8f|0|0|0|0
7810b100b8ba8a72|-9223372036854775808|-9223372036854775808|-9223372036854775808|-9223372036854775808
f5d7d7fa673a6559|-9223372036854775808|-9223372036854775808|-9223372036854775808|-9223372036854775808
e184bb717dbf78f4|-9223372036854775808|-9223372036854775808|-9223372036854775808|-9223372036854775808
1adf9711e514d033|0|0|0|0
79eda22ce1086746|-9223372036854775808|-9223372036854775808|-9223372036854775808|-9223372036854775808
6b3b98e094db629d|-9223372036854775808|-9223372036854775808|-9223372036854775808|-9223372036854775808
95798361f944b9e8|0|0|0|0
15437859f4be4717|0|0|0|0
d2159e9e9681695a|-9223372036854775808|-9223372036854775808|-9223372036854775808|-9223372036854775808
35225b74a8ccac21|0|0|0|0
e1ec26c527fb221c|-9223372036854775808|-9223372036854775808|-9223372036854775808|-9223372036854775808
d8e69d33bec4643b|-9223372036854775808|-9223372036854775808|-9223372036854775808|-9223372036854775808
2f04f9a9c7fd64ae|0|0|0|0
dd7fc383152a85e5|-9223372036854775808|-9223372036854775808|-9223372036854775808|-9223372036854775808
70999fcab296a590|-9223372036854775808|-9223372036854775808|-9223372036854775808|-9223372036854775808
202325de34d50b9f|0|0|0|0
d9d5f629e9296d42|-9223372036854775808|-9223372036854775808|-9223372036854775808|-9223372036854775808
f5aaa9aeb04d73e9|-9223372036854775808|-9223372036854775808|-9223372036854775808|-9223372036854775808
2107081d04227844|0|0|0|0
b799e55dfab46143|0|0|0|0
e598d907055bd716|-9223372036854775808|-9223372036854775808|-9223372036854775808|-9223372036854775808
c2574690300e3a2d|-399872409656|-399872409656|-399872425984|-399872425984
4bbeba24b0f50e38|-9223372036854775808|-9223372036854775808|-9223372036854775808|-9223372036854775808
ab21066d8b20c927|0|0|0|0
8fe7326d57a8362a|0|0|0|0
30d31991d149dcb1|0|0|0|0
6b268d9364e41b6c|-9223372036854775808|-9223372036854775808|-9223372036854775808|-9223372036854775808
262db058e2f6e74b|0|0|0|0
ac3c1e453c335e7e|0|0|0|0
1abc24a16fa59f75|0|0|0|0
847cb4904cb893e0|0|0|0|0
5d8bc0a096959faf|-9223372036854775808|-9223372036854775808|-9223372036854775808|-9223372036854775808
6730f0ae8ec76412|-9223372036854775808|-9223372036854775808|-9223372036854775808|-9223372036854775808
65226def91930679|-9223372036854775808|-9223372036854775808|-9223372036854775808|-9223372036854775808
68907f972ee2ab94|-9223372036854775808|-9223372036854775808|-9223372036854775808|-9223372036854775808
bcd6b73675821653|0|0|0|0
d5a4c04bcaa79ae6|-9223372036854775808|-9223372036854775808|-9223372036854775808|-9223372036854775808
3b870a522c93d5bd|0|0|0|0
46729bc6a76dd688|-9223372036854775808|-9223372036854775808|-9223372036854775808|-9223372036854775808
b596cf00204baf37|0|0|0|0
7d976b467fa496fa|-9223372036854775808|-9223372036854775808|-9223372036854775808|-9223372036854775808
a8b749c625be1141|0|0|0|0
05cb21393b34c8bc|0|0|0|0
0d2f514a34b00e5b|0|0|0|0
19ebc667f0702c4e|0|0|0|0
f2654c32d27ffd05|-9223372036854775808|-9223372036854775808|-9223372036854775808|-9223372036854775808
24f0d85836557630|0|0|0|0
1003cb38f3ff17bf|0|0|0|0
28ff6ca5ee316ee2|0|0|0|0
40fe1b3efda41d09|123315|123315|123315|123315
68898d1e89e512e4|-9223372036854775808|-9223372036854775808|-9223372036854775808|-9223372036854775808
d255564987beef63|-9223372036854775808|-9223372036854775808|-9223372036854775808|-9223372036854775808
0efa425d4558b2b6|0|0|0|0
0451fef73495354d|0|0|0|0
17ce993d1ce412d8|0|0|0|0
c2e672e1488ff947|-197461293694922|-197461293694922|-197461289205760|-197461289205760
aa8ce7604fb38bca|0|0|0|0
0700ba7960e249d1|0|0|0|0
2654394144722a0c|0|0|0|0
927a7bf6ab50d96b|0|0|0|0
b7c58f417fc0ce1e|0|0|0|0
f7b49411f2029e95|-9223372036854775808|-9223372036854775808|-9223372036854775808|-9223372036854775808
2543f08157424c80|0|0|0|0
7287d751b88273cf|-9223372036854775808|-9223372036854775808|-9223372036854775808|-9223372036854775808
c0dda516f9448db2|-30356|-30356|-30356|-30356
05ade5731b59b799|0|0|0|0
11b492ea904eae34|0|0|0|0
455534f831ebec73|-9223372036854775808|-9223372036854775808|-9223372036854775808|-9223372036854775808
08c7309d8b1c1e86|0|0|0|0
7a94952eea7b58dd|-9223372036854775808|-9223372036854775808|-9223372036854775808|-9223372036854775808
f65f5616b4ccc328|-9223372036854775808|-9223372036854775808|-9223372036854775808|-9223372036854775808
f9095453ca7ea757|-9223372036854775808|-9223372036854775808|-9223372036854775808|-9223372036854775808
9aaaab5e9e52149a|0|0|0|0
48e676a139af8661|-9223372036854775808|-9223372036854775808|-9223372036854775808|-9223372036854775808
6ef9138f31613f5c|-9223372036854775808|-9223372036854775808|-9223372036854775808|-9223372036854775808
161a64bf147a487b|0|0|0|0
c96e2e8dee7243ee|-9223372036854775808|-9223372036854775808|-9223372036854775808|-9223372036854775808
8204913ec2b68425|0|0|0|0
15f42816a29416d0|0|0|0|0
8eda9ba809d0b3df|0|0|0|0
56120af91f1dc082|-9223372036854775808|-9223372036854775808|-9223372036854775808|-9223372036854775808
edb7b00ad5ccd629|-9223372036854775808|-9223372036854775808|-9223372036854775808|-9223372036854775808
5785c678fc847d84|-9223372036854775808|-9223372036854775808|-9223372036854775808|-9223372036854775808
0511929d52ca0d83|0|0|0|0
2ad5b4dc82dede56|0|0|0|0
b1cf0e0578ef406d|0|0|0|0
fc694afdc5dce778|-9223372036854775808|-9223372036854775808|-9223372036854775808|-9223372036854775808
7c985da5aee8b967|-9223372036854775808|-9223372036854775808|-9223372036854775808|-9223372036854775808
e3d4cafda73d316a|-9223372036854775808|-9223372036854775808|-9223372036854775808|-9223372036854775808
efce38f7f35ec6f1|-9223372036854775808|-9223372036854775808|-9223372036854775808|-9223372036854775808
35a0f6671a0708ac|0|0|0|0
8736a46f240d5b8b|0|0|0|0
782c0c4d7a118dbe|-9223372036854775808|-9223372036854775808|-9223372036854775808|-9223372036854775808
9080595e0964adb5|0|0|0|0
dff83fab669fd520|-9223372036854775808|-9223372036854775808|-9223372036854775808|-9223372036854775808
5bd3d975d7dad7ef|-9223372036854775808|-9223372036854775808|-9223372036854775808|-9223372036854775808
e0b686c91c1a0752|-9223372036854775808|-9223372036854775808|-9223372036854775808|-9223372036854775808
88dd78866c5678b9|0|0|0|0
50f1a18f182b80d4|-9223372036854775808|-9223372036854775808|-9223372036854775808|-9223372036854775808
0a9e8f78b75a5293|0|0|0|0
ecdabe99b4cdf226|-9223372036854775808|-9223372036854775808|-9223372036854775808|-9223372036854775808
8d3065a522d9ebfd|0|0|0|0
8fb2e02eaa097fc8|0|0|0|0
890fe9ac50df2f77|0|0|0|0
172b22d0db71e23a|0|0|0|0
7493cbb6ed690b81|-9223372036854775808|-9223372036854775808|-9223372036854775808|-9223372036854775808
9a4261a8cda885fc|0|0|0|0
df80dc5a842b129b|-9223372036854775808|-9223372036854775808|-9223372036854775808|-9223372036854775808
df41d6d0696bab8e|-9223372036854775808|-9223372036854775808|-9223372036854775808|-9223372036854775808
222174fceb161b45|0|0|0|0
97a577ab9cfa8770|0|0|0|0
2786f43fecd1dfff|0|0|0|0
4f7fb1b1c9d66222|-9223372036854775808|-9223372036854775808|-9223372036854775808|-9223372036854775808
27feb1c4028f9f49|0|0|0|0
f2fcacef0c28b824|-9223372036854775808|-9223372036854775808|-9223372036854775808|-9223372036854775808
5907513e2addbba3|-9223372036854775808|-9223372036854775808|-9223372036854775808|-9223372036854775808
5fe9b91a1a5659f6|-9223372036854775808|-9223372036854775808|-9223372036854775808|-9223372036854775808
54b4375bd3645b8d|-9223372036854775808|-9223372036854775808|-9223372036854775808|-9223372036854775808
19e114e20e878c18|0|0|0|0
e0c77f246db30987|-9223372036854775808|-9223372036854775808|-9223372036854775808|-9223372036854775808
b9334015b12d270a|0|0|0|0
c45b6dd533875411|-9223372036854775808|-9223372036854775808|-9223372036854775808|-9223372036854775808
a842b43f22cab74c|0|0|0|0
d9a0939de5346dab|-9223372036854775808|-9223372036854775808|-9223372036854775808|-9223372036854775808
8745fe16dc8d9d5e|0|0|0|0
1ac927987d13ccd5|0|0|0|0
c803ca203a792dc0|-9223372036854775808|-9223372036854775808|-9223372036854775808|-9223372036854775808
94bc0d07fd26cc0f|0|0|0|0
ab67c348ef2fd0f2|0|0|0|0
eab9c960305149d9|-9223372036854775808|-9223372036854775808|-9223372036854775808|-9223372036854775808
333ea9c130a12374|0|0|0|0
8df3194886d548b3|0|0|0|0
65f51751ee2515c6|-9223372036854775808|-9223372036854775808|-9223372036854775808|-9223372036854775808
a4fa63e4adf78f1d|0|0|0|0
1c6f08ab43cc0c68|0|0|0|0
203f4ff634f54797|0|0|0|0
6ff7d39a73ebffda|-9223372036854775808|-9223372036854775808|-9223372036854775808|-9223372036854775808
ec3096ca0db2a0a1|-9223372036854775808|-9223372036854775808|-9223372036854775808|-9223372036854775808
4779eac347329c9c|-9223372036854775808|-9223372036854775808|-9223372036854775808|-9223372036854775808
ab3c4e840dca6cbb|0|0|0|0
0ae943849cc4632e|0|0|0|0
50d9f66954e6c265|-9223372036854775808|-9223372036854775808|-9223372036854775808|-9223372036854775808
33e468e77f30c810|0|0|0|0
f308b1e2b78a9c1f|-9223372036854775808|-9223372036854775808|-9223372036854775808|-9223372036854775808
623830e0104353c2|-9223372036854775808|-9223372036854775808|-9223372036854775808|-9223372036854775808
676f501a91b47869|-9223372036854775808|-9223372036854775808|-9223372036854775808|-9223372036854775808
cec25eb15cf9c2c4|-9223372036854775808|-9223372036854775808|-9223372036854775808|-9223372036854775808
038d6d70c301f9c3|0|0|0|0
41cc82a27c272596|956646648|956646648|956646656|956646656
f65f82f59e3c86ad|-9223372036854775808|-9223372036854775808|-9223372036854775808|-9223372036854775808
7e73fbca8d8c00b8|-9223372036854775808|-9223372036854775808|-9223372036854775808|-9223372036854775808
53bfad5d5876e9a7|-9223372036854775808|-9223372036854775808|-9223372036854775808|-9223372036854775808
bac14cb9146b6caa|0|0|0|0
3316b1d39023f131|0|0|0|0
60dd5c540fe535ec|-9223372036854775808|-9223372036854775808|-9223372036854775808|-9223372036854775808
0fbd210eeace0fcb|0|0|0|0
cb8fcae8ec9cfcfe|-9223372036854775808|-9223372036854775808|-9223372036854775808|-9223372036854775808
06de96f31857fbf5|0|0|0|0
d0e1b56146765660|-9223372036854775808|-9223372036854775808|-9223372036854775808|-9223372036854775808
b8b772f1d4ee502f|0|0|0|0
59723b693e6dea92|-9223372036854775808|-9223372036854775808|-9223372036854775808|-9223372036854775808
70747e3e57122af9|-9223372036854775808|-9223372036854775808|-9223372036854775808|-9223372036854775808
6f328dc037d79614|-9223372036854775808|-9223372036854775808|-9223372036854775808|-9223372036854775808
edf3b4890564ced3|-9223372036854775808|-9223372036854775808|-9223372036854775808|-9223372036854775808
9062b96bf1898966|0|0|0|0
7c4d6910e81c423d|-9223372036854775808|-9223372036854775808|-9223372036854775808|-9223372036854775808
29e69b7372bc6908|0|0|0|0
53b0e1f51c48efb7|-9223372036854775808|-9223372036854775808|-9223372036854775808|-9223372036854775808
10787965f8a86d7a|0|0|0|0
7d25a9c12b5445c1|-9223372036854775808|-9223372036854775808|-9223372036854775808|-9223372036854775808
43839aa14927833c|176577346087708544|176577346087708544|176577341173006336|176577341173006336
c8783da49f6056db|-9223372036854775808|-9223372036854775808|-9223372036854775808|-9223372036854775808
51e159da57e46ace|-9223372036854775808|-9223372036854775808|-9223372036854775808|-9223372036854775808
2683ae580d707985|0|0|0|0
8593268f56ded8b0|0|0|0|0
499fedc22882e83f|-9223372036854775808|-9223372036854775808|-9223372036854775808|-9223372036854775808
6a6be8efe84c9562|-9223372036854775808|-9223372036854775808|-9223372036854775808|-9223372036854775808
e5ff0d0ed5036189|-9223372036854775808|-9223372036854775808|-9223372036854775808|-9223372036854775808
a91bd7c8871f9d64|0|0|0|0
cd00e77bb23ec7e3|-9223372036854775808|-9223372036854775808|-9223372036854775808|-9223372036854775808
764e6a732cb94136|-9223372036854775808|-9223372036854775808|-9223372036854775808|-9223372036854775808
8dbb4a9ab7bfc1cd|0|0|0|0
1dd7af070d924558|0|0|0|0
478c22a866bc59c7|-9223372036854775808|-9223372036854775808|-9223372036854775808|-9223372036854775808
bc014852cbe0024a|0|0|0|0
f1d05e423bfc9e51|-9223372036854775808|-9223372036854775808|-9223372036854775808|-9223372036854775808
bcb2da2b067e848c|0|0|0|0
858840e094e241eb|0|0|0|0
0a06b26683a7ac9e|0|0|0|0
51720a70aa793b15|-9223372036854775808|-9223372036854775808|-9223372036854775808|-9223372036854775808
ebb2d2a9b23f4f00|-9223372036854775808|-9223372036854775808|-9223372036854775808|-9223372036854775808
e213200dafb9644f|-9223372036854775808|-9223372036854775808|-9223372036854775808|-9223372036854775808
829c26a5a9bc5432|0|0|0|0
57a09e3814611c19|-9223372036854775808|-9223372036854775808|-9223372036854775808|-9223372036854775808
863292b87ff6d8b4|0|0|0|0
22f6380e7c10e4f3|0|0|0|0
2e729a1b8d634d06|0|0|0|0
e7654532b190055d|-9223372036854775808|-9223372036854775808|-9223372036854775808|-9223372036854775808
77397b425b8295a8|-9223372036854775808|-9223372036854775808|-9223372036854775808|-9223372036854775808
a4d08785d06227d7|0|0|0|0
cce90a254e8f2b1a|-9223372036854775808|-9223372036854775808|-9223372036854775808|-9223372036854775808
87875bb89b15fae1|0|0|0|0
2cfa87b4f2af39dc|0|0|0|0
944e3b888af4d0fb|0|0|0|0
50ab3615fe33c26e|-9223372036854775808|-9223372036854775808|-9223372036854775808|-9223372036854775808
8d6f3da725fb40a5|0|0|0|0
f4b59126e5acb950|-9223372036854775808|-9223372036854775808|-9223372036854775808|-9223372036854775808
551212e1a242c45f|-9223372036854775808|-9223372036854775808|-9223372036854775808|-9223372036854775808
ec0610831bda2702|-9223372036854775808|-9223372036854775808|-9223372036854775808|-9223372036854775808
f6042a4362445aa9|-9223372036854775808|-9223372036854775808|-9223372036854775808|-9223372036854775808
3202d77f16c24804|0|0|0|0
c535ce49739c2603|-9223372036854775808|-9223372036854775808|-9223372036854775808|-9223372036854775808
84845e74c474acd6|0|0|0|0
ab63585182360ced|0|0|0|0
0e3470608d4259f8|0|0|0|0
73013d77b40b59e7|-9223372036854775808|-9223372036854775808|-9223372036854775808|-9223372036854775808
8aa0cec22672e7ea|0|0|0|0
4b8e6e8f2dd95b71|-9223372036854775808|-9223372036854775808|-9223372036854775808|-9223372036854775808
e0f7efed9fbea32c|-9223372036854775808|-9223372036854775808|-9223372036854775808|-9223372036854775808
5950bba5a779040b|-9223372036854775808|-9223372036854775808|-9223372036854775808|-9223372036854775808
110b3e440f15ac3e|0|0|0|0
3792c69706bf8a35|0|0|0|0
c769ea38597c17a0|-9223372036854775808|-9223372036854775808|-9223372036854775808|-9223372036854775808
35272f288210086f|0|0|0|0
4d789b7ca5030dd2|-9223372036854775808|-9223372036854775808|-9223372036854775808|-9223372036854775808
820c2f0fe0061d39|0|0|0|0
22384cad4f26eb54|0|0|0|0
720afd8217e18b13|-9223372036854775808|-9223372036854775808|-9223372036854775808|-9223372036854775808
73bcff1ca41a60a6|-9223372036854775808|-9223372036854775808|-9223372036854775808|-9223372036854775808
cc78162a6e9ad87d|-9223372036854775808|-9223372036854775808|-9223372036854775808|-9223372036854775808
96c4f83156c69248|0|0|0|0
f35c61e03ec8eff7|-9223372036854775808|-9223372036854775808|-9223372036854775808|-9223372036854775808
9d29bbabae8838ba|0|0|0|0
020feb1475bfc001|0|0|0|0
ca551e49d6f1c07c|-9223372036854775808|-9223372036854775808|-9223372036854775808|-9223372036854775808
26fd55c1868fdb1b|0|0|0|0
5958d6ca871a6a0e|-9223372036854775808|-9223372036854775808|-9223372036854775808|-9223372036854775808
4a562c70b3cf17c5|-9223372036854775808|-9223372036854775808|-9223372036854775808|-9223372036854775808
739548baa14269f0|-9223372036854775808|-9223372036854775808|-9223372036854775808|-9223372036854775808
db6ccc982b52307f|-9223372036854775808|-9223372036854775808|-9223372036854775808|-9223372036854775808
d4ed1f4b48d408a2|-9223372036854775808|-9223372036854775808|-9223372036854775808|-9223372036854775808
056c974f133f63c9|0|0|0|0
e9c272cb8c09c2a4|-9223372036854775808|-9223372036854775808|-9223372036854775808|-9223372036854775808
c151920a66221423|-4605993|-4605993|-4605993|-4605993
7370c5f4efc16876|-9223372036854775808|-9223372036854775808|-9223372036854775808|-9223372036854775808
59af95d0e3e7680d|-9223372036854775808|-9223372036854775808|-9223372036854775808|-9223372036854775808
2c6979233f443e98|0|0|0|0
66b439197febea07|-9223372036854775808|-9223372036854775808|-9223372036854775808|-9223372036854775808
23967874c70c1d8a|0|0|0|0
143cc2d920822891|0|0|0|0
18d05813e8cd91cc|0|0|0|0
15af6f474a9a562b|0|0|0|0
1d91c801904efbde|0|0|0|0
1fceb9210472e955|0|0|0|0
213a2399cbd4b040|0|0|0|0
748dcc03e47a3c8f|-9223372036854775808|-9223372036854775808|-9223372036854775808|-9223372036854775808
cbb47cc9782a1772|-9223372036854775808|-9223372036854775808|-9223372036854775808|-9223372036854775808
b667940575c92e59|0|0|0|0
03817762df8fcdf4|0|0|0|0
29b41883e9dec133|0|0|0|0
447c0dad2c16c446|-9223372036854775808|-9223372036854775808|-9223372036854775808|-9223372036854775808
a4b76fa20784bb9d|0|0|0|0
4602e341f1305ee8|-9223372036854775808|-9223372036854775808|-9223372036854775808|-9223372036854775808
f19eb0d979054817|-9223372036854775808|-9223372036854775808|-9223372036854775808|-9223372036854775808
cb120e47a57b965a|-9223372036854775808|-9223372036854775808|-9223372036854775808|-9223372036854775808
b49cc09298199521|0|0|0|0
d7a9d8aefd17171c|-9223372036854775808|-9223372036854775808|-9223372036854775808|-9223372036854775808
bf4d4b08ac39753b|0|0|0|0
b5831d137e0061ae|0|0|0|0
f877ba3cd033fee5|-9223372036854775808|-9223372036854775808|-9223372036854775808|-9223372036854775808
203513a9b347ea90|0|0|0|0
abdf4e126e392c9f|0|0|0|0
a057dde3e1223a42|0|0|0|0
f870e10f05bc7ce9|-9223372036854775808|-9223372036854775808|-9223372036854775808|-9223372036854775808
79ded3ba5b1e0d44|-9223372036854775808|-9223372036854775808|-9223372036854775808|-9223372036854775808
d52f3fd6ccd89243|-9223372036854775808|-9223372036854775808|-9223372036854775808|-9223372036854775808
a7815b206f077416|0|0|0|0
46b8ccf2471bd32d|-9223372036854775808|-9223372036854775808|-9223372036854775808|-9223372036854775808
b4b55c288a3ff338|0|0|0|0
f3095f7a2de60a27|-9223372036854775808|-9223372036854775808|-9223372036854775808|-9223372036854775808
3c39d780a493a32a|0|0|0|0
b096838192bf05b1|0|0|0|0
4db4b40e62d3506c|-9223372036854775808|-9223372036854775808|-9223372036854775808|-9223372036854775808
cdca98e70a4e384b|-9223372036854775808|-9223372036854775808|-9223372036854775808|-9223372036854775808
4d2793a49cbb9b7e|-9223372036854775808|-9223372036854775808|-9223372036854775808|-9223372036854775808
f39c71b07edb5875|-9223372036854775808|-9223372036854775808|-9223372036854775808|-9223372036854775808
a6320af24cf118e0|0|0|0|0
9d14d758138000af|0|0|0|0
51174c1e3f197112|-9223372036854775808|-9223372036854775808|-9223372036854775808|-9223372036854775808
7a272da7d5724f79|-9223372036854775808|-9223372036854775808|-9223372036854775808|-9223372036854775808
98bc3c485f598094|0|0|0|0
818eb6cce7108753|0|0|0|0
98cc8e872fc077e6|0|0|0|0
586dd3fee895aebd|-9223372036854775808|-9223372036854775808|-9223372036854775808|-9223372036854775808
fa91dee7eb67fb88|-9223372036854775808|-9223372036854775808|-9223372036854775808|-9223372036854775808
e72a7125b49f3037|-9223372036854775808|-9223372036854775808|-9223372036854775808|-9223372036854775808
74855c5d145143fa|-9223372036854775808|-9223372036854775808|-9223372036854775808|-9223372036854775808
95ab135ca2eb7a41|0|0|0|0
21770460e0473dbc|0|0|0|0
cbee09a079f99f5b|-9223372036854775808|-9223372036854775808|-9223372036854775808|-9223372036854775808
52cfa1cf024da94e|-9223372036854775808|-9223372036854775808|-9223372036854775808|-9223372036854775808
14a91f339871f605|0|0|0|0
109e226ff9653b30|0|0|0|0
498272d4b97fb8bf|-9223372036854775808|-9223372036854775808|-9223372036854775808|-9223372036854775808
27c59aac2aacbbe2|0|0|0|0
824fa1f89b83a609|0|0|0|0
027aa5d7ec2727e4|0|0|0|0
d0ae2650cec7a063|-9223372036854775808|-9223372036854775808|-9223372036854775808|-9223372036854775808
d758797d16aecfb6|-9223372036854775808|-9223372036854775808|-9223372036854775808|-9223372036854775808
8eabf9239a1b4e4d|0|0|0|0
681ce4e108dd77d8|-9223372036854775808|-9223372036854775808|-9223372036854775808|-9223372036854775808
8cc133e64581ba47|0|0|0|0
723439be09f178ca|-9223372036854775808|-9223372036854775808|-9223372036854775808|-9223372036854775808
a4e525bec757f2d1|0|0|0|0
e344c7f002f7df0c|-9223372036854775808|-9223372036854775808|-9223372036854775808|-9223372036854775808
3ed5a7c0d69caa6b|0|0|0|0
c092ff725dc38b1e|-1215|-1215|-1215|-1215
ac72cb805540d795|0|0|0|0
1a2db347d4795180|0|0|0|0
ca62a3d5efa954cf|-9223372036854775808|-9223372036854775808|-9223372036854775808|-9223372036854775808
f866611de9b91ab2|-9223372036854775808|-9223372036854775808|-9223372036854775808|-9223372036854775808
154bbaa742c98099|0|0|0|0
c3826561f0ac0334|-165696668954551936|-165696668954551936|-165696677183750144|-165696677183750144
5c6f2950e87edd73|-9223372036854775808|-9223372036854775808|-9223372036854775808|-9223372036854775808
eced66dacd7f7b86|-9223372036854775808|-9223372036854775808|-9223372036854775808|-9223372036854775808
18acfe540215b1dd|0|0|0|0
7e616c933a156828|-9223372036854775808|-9223372036854775808|-9223372036854775808|-9223372036854775808
d8a3339a4b1ea857|-9223372036854775808|-9223372036854775808|-9223372036854775808|-9223372036854775808
8ec76eff2ff1419a|0|0|0|0
8b906e19fafd6f61|0|0|0|0
511014336faa345c|-9223372036854775808|-9223372036854775808|-9223372036854775808|-9223372036854775808
60e3f6b6d1d8597b|-9223372036854775808|-9223372036854775808|-9223372036854775808|-9223372036854775808
c26cdfd7c76a40ee|-992116357970|-992116357970|-992116342784|-992116342784
4addbe4f2dd0fd25|-9223372036854775808|-9223372036854775808|-9223372036854775808|-9223372036854775808
93d1b07005425bd0|0|0|0|0
c228383cffadd4df|-52011368406|-52011368406|-52011368448|-52011368448
a36803a13f5b8d82|0|0|0|0
3eddf36b7a5cdf29|0|0|0|0
8dacaf9a9b4d1284|0|0|0|0
bf8b634676f73e83|0|0|0|0
f9986163cf1f7b56|-9223372036854775808|-9223372036854775808|-9223372036854775808|-9223372036854775808
dd00a9d94f2dd96d|-9223372036854775808|-9223372036854775808|-9223372036854775808|-9223372036854775808
822af35e89c4cc78|0|0|0|0
b7ad16cc7246fa67|0|0|0|0
9268afe1960d9e6a|0|0|0|0
0171912dc514eff1|0|0|0|0
1ec8831832633dac|0|0|0|0
87fe190d038dac8b|0|0|0|0
841548a990cecabe|0|0|0|0
8032c8166aeb66b5|0|0|0|0
cb8a75cc0e155a20|-9223372036854775808|-9223372036854775808|-9223372036854775808|-9223372036854775808
07864c28fd7e38ef|0|0|0|0
8e9905d63bf11452|0|0|0|0
fcfdf9a74596c1b9|-9223372036854775808|-9223372036854775808|-9223372036854775808|-9223372036854775808
5235fd32a9af55d4|-9223372036854775808|-9223372036854775808|-9223372036854775808|-9223372036854775808
b2b01660ab31c393|0|0|0|0
80d4464837bbcf26|0|0|0|0
c9417d53c84cc4fd|-9223372036854775808|-9223372036854775808|-9223372036854775808|-9223372036854775808
703c373a05e0a4c8|-9223372036854775808|-9223372036854775808|-9223372036854775808|-9223372036854775808
1558ad6fba0bb077|0|0|0|0
85cf978a81438f3a|0|0|0|0
466b9501c9177481|-9223372036854775808|-9223372036854775808|-9223372036854775808|-9223372036854775808
fe92ff7c0e67fafc|-9223372036854775808|-9223372036854775808|-9223372036854775808|-9223372036854775808
f5517ec6f9dda39b|-9223372036854775808|-9223372036854775808|-9223372036854775808|-9223372036854775808
b52b333f14be288e|0|0|0|0
71ebc88db5991445|-9223372036854775808|-9223372036854775808|-9223372036854775808|-9223372036854775808
d46981bd1c874c70|-9223372036854775808|-9223372036854775808|-9223372036854775808|-9223372036854775808
118b1004d74b80ff|0|0|0|0
310d25380d16af22|0|0|0|0
8bf960038c102849|0|0|0|0
317818ccb8b7cd24|0|0|0|0
80a6da53b46f6ca3|0|0|0|0
b6a6f07a94c176f6|0|0|0|0
1b66f6005c9b748d|0|0|0|0
0de3d55e0f9df118|0|0|0|0
7973e27f83bdca87|-9223372036854775808|-9223372036854775808|-9223372036854775808|-9223372036854775808
2431d9963bd0140a|0|0|0|0
07c3e66456bdfd11|0|0|0|0
c1e255dcce3d6c4c|-2460935793|-2460935793|-2460935680|-2460935680
2835dce249293eab|0|0|0|0
6394653c87455a5e|-9223372036854775808|-9223372036854775808|-9223372036854775808|-9223372036854775808
e0c81af5a72305d5|-9223372036854775808|-9223372036854775808|-9223372036854775808|-9223372036854775808
4e46ce26596d32c0|-9223372036854775808|-9223372036854775808|-9223372036854775808|-9223372036854775808
30ec21f96586ad0f|0|0|0|0
c20bf819cda95df2|-15015819701|-15015819701|-15015819264|-15015819264
ae2a0c10a9a212d9|0|0|0|0
5f91dba6948b7874|-9223372036854775808|-9223372036854775808|-9223372036854775808|-9223372036854775808
90b554cbd03139b3|0|0|0|0
a2ae09d9b4dd72c6|0|0|0|0
9de01f423382e81d|0|0|0|0
192b1ae2ab71b168|0|0|0|0
35be8183a2ee4897|0|0|0|0
1f98ce3ee5302cda|0|0|0|0
7c0a4cecfa0189a1|-9223372036854775808|-9223372036854775808|-9223372036854775808|-9223372036854775808
6b882e3b93a8919c|-9223372036854775808|-9223372036854775808|-9223372036854775808|-9223372036854775808
742e6efb9c117dbb|-9223372036854775808|-9223372036854775808|-9223372036854775808|-9223372036854775808
ff192d86c5b1602e|-9223372036854775808|-9223372036854775808|-9223372036854775808|-9223372036854775808
f991d12359123b65|-9223372036854775808|-9223372036854775808|-9223372036854775808|-9223372036854775808
0d31bde538dc0d10|0|0|0|0
03758bc37ae0bd1f|0|0|0|0
add80e3755c620c2|0|0|0|0
7e27d6eafe658169|-9223372036854775808|-9223372036854775808|-9223372036854775808|-9223372036854775808
6059ddf6888f57c4|-9223372036854775808|-9223372036854775808|-9223372036854775808|-9223372036854775808
bfd414845a382ac3|0|0|0|0
32a04f2e77fcc296|0|0|0|0
858180703cac1fad|0|0|0|0
14069c51d110e5b8|0|0|0|0
f08f00f86d6e2aa7|-9223372036854775808|-9223372036854775808|-9223372036854775808|-9223372036854775808
c393f6974220d9aa|-359625860316555904|-359625860316555904|-359625858031288320|-359625858031288320
880e66830b1b1a31|0|0|0|0
9f35543427ae6aec|0|0|0|0
2f8bc417c37760cb|0|0|0|0
8233728b268f39fe|0|0|0|0
6b24e64ff52fb4f5|-9223372036854775808|-9223372036854775808|-9223372036854775808|-9223372036854775808
0c78d3bdca28db60|0|0|0|0
af6eb5edf44ab12f|0|0|0|0
b8a2cfda0ac9f792|0|0|0|0
ed8719e37eb373f9|-9223372036854775808|-9223372036854775808|-9223372036854775808|-9223372036854775808
0f809ffcaf686b14|0|0|0|0
dbe2f002dc853fd3|-9223372036854775808|-9223372036854775808|-9223372036854775808|-9223372036854775808
592153fd9f4c6666|-9223372036854775808|-9223372036854775808|-9223372036854775808|-9223372036854775808
bdc1aee6c0001b3d|0|0|0|0
426b692dbb708e08|941829774212|941829774212|941829783552|941829783552
c008c29acb4e70b7|-3|-3|-3|-3
78ad55d98c9f1a7a|-9223372036854775808|-9223372036854775808|-9223372036854775808|-9223372036854775808
834083683e83aec1|0|0|0|0
b88f72484a93f83c|0|0|0|0
f8bd9790c67be7db|-9223372036854775808|-9223372036854775808|-9223372036854775808|-9223372036854775808
aec9bedb49abe7ce|0|0|0|0
0701d2ac45847285|0|0|0|0
6346a7bb07e89db0|-9223372036854775808|-9223372036854775808|-9223372036854775808|-9223372036854775808
39bae16fc8f5893f|0|0|0|0
c4569891af51e262|-9223372036854775808|-9223372036854775808|-9223372036854775808|-9223372036854775808
c7f2202c4324ea89|-9223372036854775808|-9223372036854775808|-9223372036854775808|-9223372036854775808
7f9df0c842fbb264|-9223372036854775808|-9223372036854775808|-9223372036854775808|-9223372036854775808
f39788f61f5978e3|-9223372036854775808|-9223372036854775808|-9223372036854775808|-9223372036854775808
ecef132d9d395e36|-9223372036854775808|-9223372036854775808|-9223372036854775808|-9223372036854775808
b8c00d5ceda7dacd|0|0|0|0
a7f6f06b38c5aa58|0|0|0|0
65e87a9846e01ac7|-9223372036854775808|-9223372036854775808|-9223372036854775808|-9223372036854775808
d241bcca43e7ef4a|-9223372036854775808|-9223372036854775808|-9223372036854775808|-9223372036854775808
ba5ffbc734f44751|0|0|0|0
af01a55f03de398c|0|0|0|0
f0027726f28012eb|-9223372036854775808|-9223372036854775808|-9223372036854775808|-9223372036854775808
de20391ce814699e|-9223372036854775808|-9223372036854775808|-9223372036854775808|-9223372036854775808
e9fd28b844597415|-9223372036854775808|-9223372036854775808|-9223372036854775808|-9223372036854775808
6d45d00327f05400|-9223372036854775808|-9223372036854775808|-9223372036854775808|-9223372036854775808
967cf8ae1a52454f|0|0|0|0
1505ca81333ae132|0|0|0|0
6eb7b6891892e519|-9223372036854775808|-9223372036854775808|-9223372036854775808|-9223372036854775808
080c97b0ec6e2db4|0|0|0|0
7688d5393935d5f3|-9223372036854775808|-9223372036854775808|-9223372036854775808|-9223372036854775808
7b69d9806570aa06|-9223372036854775808|-9223372036854775808|-9223372036854775808|-9223372036854775808
1121817e6e0c5e5d|0|0|0|0
92f2eadffa853aa8|0|0|0|0
f275aea31cb428d7|-9223372036854775808|-9223372036854775808|-9223372036854775808|-9223372036854775808
bc6c642efc78581a|0|0|0|0
206d57c60b65e3e1|0|0|0|0
77bc8d77f2522edc|-9223372036854775808|-9223372036854775808|-9223372036854775808|-9223372036854775808
fdd13735eb24e1fb|-9223372036854775808|-9223372036854775808|-9223372036854775808|-9223372036854775808
e5aab44da415bf6e|-9223372036854775808|-9223372036854775808|-9223372036854775808|-9223372036854775808
1476255eac37b9a5|0|0|0|0
fc80b21feb54fe50|-9223372036854775808|-9223372036854775808|-9223372036854775808|-9223372036854775808
cd18c8e24411e55f|-9223372036854775808|-9223372036854775808|-9223372036854775808|-9223372036854775808
c5c2d73f83a1f402|-9223372036854775808|-9223372036854775808|-9223372036854775808|-9223372036854775808
07c55204101663a9|0|0|0|0
11ee85841424dd04|0|0|0|0
7670ce7a9edb5703|-9223372036854775808|-9223372036854775808|-9223372036854775808|-9223372036854775808
fc4056e13cdf49d6|-9223372036854775808|-9223372036854775808|-9223372036854775808|-9223372036854775808
37ef28c8f1d6a5ed|0|0|0|0
03e9e0a4e5643ef8|0|0|0|0
89c27dea4b9b9ae7|0|0|0|0
a4927359300d54ea|0|0|0|0
bb7ae31ceb118471|0|0|0|0
88f9c0929bf4d82c|0|0|0|0
f816760dba4b550b|-9223372036854775808|-9223372036854775808|-9223372036854775808|-9223372036854775808
da9c455ad93ce93e|-9223372036854775808|-9223372036854775808|-9223372036854775808|-9223372036854775808
b8e65bd487e84335|0|0|0|0
26c571baee6b9ca0|0|0|0|0
918df4e3ec25696f|0|0|0|0
f86a7b4c5ae41ad2|-9223372036854775808|-9223372036854775808|-9223372036854775808|-9223372036854775808
106f86a60f086639|0|0|0|0
8c7b126631c4c054|0|0|0|0
e183a987334afc13|-9223372036854775808|-9223372036854775808|-9223372036854775808|-9223372036854775808
9ea2e38689b23da6|0|0|0|0
cc5355adc1efb17d|-9223372036854775808|-9223372036854775808|-9223372036854775808|-9223372036854775808
76bc1e6c6157b748|-9223372036854775808|-9223372036854775808|-9223372036854775808|-9223372036854775808
9d0d22f5a4a770f7|0|0|0|0
a8c84fc50da3e5ba|0|0|0|0
492a853099702901|-9223372036854775808|-9223372036854775808|-9223372036854775808|-9223372036854775808
2c85c4c9be0b357c|0|0|0|0
552eaf6fe0146c1b|-9223372036854775808|-9223372036854775808|-9223372036854775808|-9223372036854775808
e0120b0d6c56e70e|-9223372036854775808|-9223372036854775808|-9223372036854775808|-9223372036854775808
a094e63cc27410c5|0|0|0|0
0c3971cdf8c92ef0|0|0|0|0
