64||false|4056c00000000000|0
32||false|42b60000|0
64| |false|4056c00000000000|0
32| |false|42b60000|0
64|null|true|0000000000000000|0
32|null|true|00000000|0
64|nul|false|4056c00000000000|0
32|nul|false|42b60000|0
64|true|false|4056c00000000000|0
32|true|false|42b60000|0
64|"1"|false|4056c00000000000|0
32|"1"|false|42b60000|0
64|[]|false|4056c00000000000|0
32|[]|false|42b60000|0
64|[1]|false|4056c00000000000|0
32|[1]|false|42b60000|0
64|[[]]|false|4056c00000000000|0
32|[[]]|false|42b60000|0
64|{}|false|4056c00000000000|0
32|{}|false|42b60000|0
64|{"x":1}|false|4056c00000000000|0
32|{"x":1}|false|42b60000|0
64|{"x":1,"x":2}|false|4056c00000000000|0
32|{"x":1,"x":2}|false|42b60000|0
64|[1,]|false|4056c00000000000|0
32|[1,]|false|42b60000|0
64|[1|false|4056c00000000000|0
32|[1|false|42b60000|0
64|[1,2] 3|false|4056c00000000000|0
32|[1,2] 3|false|42b60000|0
64|1 2|true|3ff0000000000000|0
32|1 2|true|3f800000|0
64|1e|false|4056c00000000000|0
32|1e|false|42b60000|0
64|01|true|0000000000000000|0
32|01|true|00000000|0
64|-0|true|8000000000000000|0
32|-0|true|80000000|0
64|0.0|true|0000000000000000|0
32|0.0|true|00000000|0
64|-0.0|true|8000000000000000|0
32|-0.0|true|80000000|0
64|1.234567890123456789|true|3ff3c0ca428c59fb|0
32|1.234567890123456789|true|3f9e0652|0
64|3.4028234663852886e38|true|47efffffe0000000|0
32|3.4028234663852886e38|true|7f7fffff|0
64|3.4028235677973366e38|true|47effffff0000000|0
32|3.4028235677973366e38|true|7f7fffff|0
64|1.7976931348623157e308|true|7fefffffffffffff|0
32|1.7976931348623157e308|false|7f7fffff|0
64|1.7976931348623159e308|false|7fefffffffffffff|0
32|1.7976931348623159e308|false|7f7fffff|0
64|2.2250738585072014e-308|true|0010000000000000|0
32|2.2250738585072014e-308|true|00000000|0
64|4.9406564584124654e-324|true|0000000000000001|0
32|4.9406564584124654e-324|true|00000000|0
64|1e9999|false|7fefffffffffffff|0
32|1e9999|false|7f7fffff|0
64|-1e9999|false|ffefffffffffffff|0
32|-1e9999|false|ff7fffff|0
64|1e-350|true|0000000000000000|0
32|1e-350|true|00000000|0
64|-1e-350|true|8000000000000000|0
32|-1e-350|true|80000000|0
64|1.234567890123456789e-350|true|0000000000000000|0
32|1.234567890123456789e-350|true|00000000|0
64|-9.999999999999999999e-350|true|8000000000000000|0
32|-9.999999999999999999e-350|true|80000000|0
64|1e-349|true|0000000000000000|0
32|1e-349|true|00000000|0
64|-1e-349|true|8000000000000000|0
32|-1e-349|true|80000000|0
64|1.234567890123456789e-349|true|0000000000000000|0
32|1.234567890123456789e-349|true|00000000|0
64|-9.999999999999999999e-349|true|8000000000000000|0
32|-9.999999999999999999e-349|true|80000000|0
64|1e-348|true|0000000000000000|0
32|1e-348|true|00000000|0
64|-1e-348|true|8000000000000000|0
32|-1e-348|true|80000000|0
64|1.234567890123456789e-348|true|0000000000000000|0
32|1.234567890123456789e-348|true|00000000|0
64|-9.999999999999999999e-348|true|8000000000000000|0
32|-9.999999999999999999e-348|true|80000000|0
64|1e-347|true|0000000000000000|0
32|1e-347|true|00000000|0
64|-1e-347|true|8000000000000000|0
32|-1e-347|true|80000000|0
64|1.234567890123456789e-347|true|0000000000000000|0
32|1.234567890123456789e-347|true|00000000|0
64|-9.999999999999999999e-347|true|8000000000000000|0
32|-9.999999999999999999e-347|true|80000000|0
64|1e-346|true|0000000000000000|0
32|1e-346|true|00000000|0
64|-1e-346|true|8000000000000000|0
32|-1e-346|true|80000000|0
64|1.234567890123456789e-346|true|0000000000000000|0
32|1.234567890123456789e-346|true|00000000|0
64|-9.999999999999999999e-346|true|8000000000000000|0
32|-9.999999999999999999e-346|true|80000000|0
64|1e-345|true|0000000000000000|0
32|1e-345|true|00000000|0
64|-1e-345|true|8000000000000000|0
32|-1e-345|true|80000000|0
64|1.234567890123456789e-345|true|0000000000000000|0
32|1.234567890123456789e-345|true|00000000|0
64|-9.999999999999999999e-345|true|8000000000000000|0
32|-9.999999999999999999e-345|true|80000000|0
64|1e-344|true|0000000000000000|0
32|1e-344|true|00000000|0
64|-1e-344|true|8000000000000000|0
32|-1e-344|true|80000000|0
64|1.234567890123456789e-344|true|0000000000000000|0
32|1.234567890123456789e-344|true|00000000|0
64|-9.999999999999999999e-344|true|8000000000000000|0
32|-9.999999999999999999e-344|true|80000000|0
64|1e-343|true|0000000000000000|0
32|1e-343|true|00000000|0
64|-1e-343|true|8000000000000000|0
32|-1e-343|true|80000000|0
64|1.234567890123456789e-343|true|0000000000000000|0
32|1.234567890123456789e-343|true|00000000|0
64|-9.999999999999999999e-343|true|8000000000000000|0
32|-9.999999999999999999e-343|true|80000000|0
64|1e-342|true|0000000000000000|0
32|1e-342|true|00000000|0
64|-1e-342|true|8000000000000000|0
32|-1e-342|true|80000000|0
64|1.234567890123456789e-342|true|0000000000000000|0
32|1.234567890123456789e-342|true|00000000|0
64|-9.999999999999999999e-342|true|8000000000000000|0
32|-9.999999999999999999e-342|true|80000000|0
64|1e-341|true|0000000000000000|0
32|1e-341|true|00000000|0
64|-1e-341|true|8000000000000000|0
32|-1e-341|true|80000000|0
64|1.234567890123456789e-341|true|0000000000000000|0
32|1.234567890123456789e-341|true|00000000|0
64|-9.999999999999999999e-341|true|8000000000000000|0
32|-9.999999999999999999e-341|true|80000000|0
64|1e-340|true|0000000000000000|0
32|1e-340|true|00000000|0
64|-1e-340|true|8000000000000000|0
32|-1e-340|true|80000000|0
64|1.234567890123456789e-340|true|0000000000000000|0
32|1.234567890123456789e-340|true|00000000|0
64|-9.999999999999999999e-340|true|8000000000000000|0
32|-9.999999999999999999e-340|true|80000000|0
64|1e-339|true|0000000000000000|0
32|1e-339|true|00000000|0
64|-1e-339|true|8000000000000000|0
32|-1e-339|true|80000000|0
64|1.234567890123456789e-339|true|0000000000000000|0
32|1.234567890123456789e-339|true|00000000|0
64|-9.999999999999999999e-339|true|8000000000000000|0
32|-9.999999999999999999e-339|true|80000000|0
64|1e-338|true|0000000000000000|0
32|1e-338|true|00000000|0
64|-1e-338|true|8000000000000000|0
32|-1e-338|true|80000000|0
64|1.234567890123456789e-338|true|0000000000000000|0
32|1.234567890123456789e-338|true|00000000|0
64|-9.999999999999999999e-338|true|8000000000000000|0
32|-9.999999999999999999e-338|true|80000000|0
64|1e-337|true|0000000000000000|0
32|1e-337|true|00000000|0
64|-1e-337|true|8000000000000000|0
32|-1e-337|true|80000000|0
64|1.234567890123456789e-337|true|0000000000000000|0
32|1.234567890123456789e-337|true|00000000|0
64|-9.999999999999999999e-337|true|8000000000000000|0
32|-9.999999999999999999e-337|true|80000000|0
64|1e-336|true|0000000000000000|0
32|1e-336|true|00000000|0
64|-1e-336|true|8000000000000000|0
32|-1e-336|true|80000000|0
64|1.234567890123456789e-336|true|0000000000000000|0
32|1.234567890123456789e-336|true|00000000|0
64|-9.999999999999999999e-336|true|8000000000000000|0
32|-9.999999999999999999e-336|true|80000000|0
64|1e-335|true|0000000000000000|0
32|1e-335|true|00000000|0
64|-1e-335|true|8000000000000000|0
32|-1e-335|true|80000000|0
64|1.234567890123456789e-335|true|0000000000000000|0
32|1.234567890123456789e-335|true|00000000|0
64|-9.999999999999999999e-335|true|8000000000000000|0
32|-9.999999999999999999e-335|true|80000000|0
64|1e-334|true|0000000000000000|0
32|1e-334|true|00000000|0
64|-1e-334|true|8000000000000000|0
32|-1e-334|true|80000000|0
64|1.234567890123456789e-334|true|0000000000000000|0
32|1.234567890123456789e-334|true|00000000|0
64|-9.999999999999999999e-334|true|8000000000000000|0
32|-9.999999999999999999e-334|true|80000000|0
64|1e-333|true|0000000000000000|0
32|1e-333|true|00000000|0
64|-1e-333|true|8000000000000000|0
32|-1e-333|true|80000000|0
64|1.234567890123456789e-333|true|0000000000000000|0
32|1.234567890123456789e-333|true|00000000|0
64|-9.999999999999999999e-333|true|8000000000000000|0
32|-9.999999999999999999e-333|true|80000000|0
64|1e-332|true|0000000000000000|0
32|1e-332|true|00000000|0
64|-1e-332|true|8000000000000000|0
32|-1e-332|true|80000000|0
64|1.234567890123456789e-332|true|0000000000000000|0
32|1.234567890123456789e-332|true|00000000|0
64|-9.999999999999999999e-332|true|8000000000000000|0
32|-9.999999999999999999e-332|true|80000000|0
64|1e-331|true|0000000000000000|0
32|1e-331|true|00000000|0
64|-1e-331|true|8000000000000000|0
32|-1e-331|true|80000000|0
64|1.234567890123456789e-331|true|0000000000000000|0
32|1.234567890123456789e-331|true|00000000|0
64|-9.999999999999999999e-331|true|8000000000000000|0
32|-9.999999999999999999e-331|true|80000000|0
64|1e-330|true|0000000000000000|0
32|1e-330|true|00000000|0
64|-1e-330|true|8000000000000000|0
32|-1e-330|true|80000000|0
64|1.234567890123456789e-330|true|0000000000000000|0
32|1.234567890123456789e-330|true|00000000|0
64|-9.999999999999999999e-330|true|8000000000000000|0
32|-9.999999999999999999e-330|true|80000000|0
64|1e-329|true|0000000000000000|0
32|1e-329|true|00000000|0
64|-1e-329|true|8000000000000000|0
32|-1e-329|true|80000000|0
64|1.234567890123456789e-329|true|0000000000000000|0
32|1.234567890123456789e-329|true|00000000|0
64|-9.999999999999999999e-329|true|8000000000000000|0
32|-9.999999999999999999e-329|true|80000000|0
64|1e-328|true|0000000000000000|0
32|1e-328|true|00000000|0
64|-1e-328|true|8000000000000000|0
32|-1e-328|true|80000000|0
64|1.234567890123456789e-328|true|0000000000000000|0
32|1.234567890123456789e-328|true|00000000|0
64|-9.999999999999999999e-328|true|8000000000000000|0
32|-9.999999999999999999e-328|true|80000000|0
64|1e-327|true|0000000000000000|0
32|1e-327|true|00000000|0
64|-1e-327|true|8000000000000000|0
32|-1e-327|true|80000000|0
64|1.234567890123456789e-327|true|0000000000000000|0
32|1.234567890123456789e-327|true|00000000|0
64|-9.999999999999999999e-327|true|8000000000000000|0
32|-9.999999999999999999e-327|true|80000000|0
64|1e-326|true|0000000000000000|0
32|1e-326|true|00000000|0
64|-1e-326|true|8000000000000000|0
32|-1e-326|true|80000000|0
64|1.234567890123456789e-326|true|0000000000000000|0
32|1.234567890123456789e-326|true|00000000|0
64|-9.999999999999999999e-326|true|8000000000000000|0
32|-9.999999999999999999e-326|true|80000000|0
64|1e-325|true|0000000000000000|0
32|1e-325|true|00000000|0
64|-1e-325|true|8000000000000000|0
32|-1e-325|true|80000000|0
64|1.234567890123456789e-325|true|0000000000000000|0
32|1.234567890123456789e-325|true|00000000|0
64|-9.999999999999999999e-325|true|8000000000000000|0
32|-9.999999999999999999e-325|true|80000000|0
64|1e-324|true|0000000000000000|0
32|1e-324|true|00000000|0
64|-1e-324|true|8000000000000000|0
32|-1e-324|true|80000000|0
64|1.234567890123456789e-324|true|0000000000000000|0
32|1.234567890123456789e-324|true|00000000|0
64|-9.999999999999999999e-324|true|8000000000000002|0
32|-9.999999999999999999e-324|true|80000000|0
64|1e-323|true|0000000000000002|0
32|1e-323|true|00000000|0
64|-1e-323|true|8000000000000002|0
32|-1e-323|true|80000000|0
64|1.234567890123456789e-323|true|0000000000000002|0
32|1.234567890123456789e-323|true|00000000|0
64|-9.999999999999999999e-323|true|8000000000000014|0
32|-9.999999999999999999e-323|true|80000000|0
64|1e-322|true|0000000000000014|0
32|1e-322|true|00000000|0
64|-1e-322|true|8000000000000014|0
32|-1e-322|true|80000000|0
64|1.234567890123456789e-322|true|0000000000000019|0
32|1.234567890123456789e-322|true|00000000|0
64|-9.999999999999999999e-322|true|80000000000000ca|0
32|-9.999999999999999999e-322|true|80000000|0
64|1e-321|true|00000000000000ca|0
32|1e-321|true|00000000|0
64|-1e-321|true|80000000000000ca|0
32|-1e-321|true|80000000|0
64|1.234567890123456789e-321|true|00000000000000fa|0
32|1.234567890123456789e-321|true|00000000|0
64|-9.999999999999999999e-321|true|80000000000007e8|0
32|-9.999999999999999999e-321|true|80000000|0
64|1e-320|true|00000000000007e8|0
32|1e-320|true|00000000|0
64|-1e-320|true|80000000000007e8|0
32|-1e-320|true|80000000|0
64|1.234567890123456789e-320|true|00000000000009c3|0
32|1.234567890123456789e-320|true|00000000|0
64|-9.999999999999999999e-320|true|8000000000004f10|0
32|-9.999999999999999999e-320|true|80000000|0
64|1e-319|true|0000000000004f10|0
32|1e-319|true|00000000|0
64|-1e-319|true|8000000000004f10|0
32|-1e-319|true|80000000|0
64|1.234567890123456789e-319|true|000000000000619c|0
32|1.234567890123456789e-319|true|00000000|0
64|-9.999999999999999999e-319|true|80000000000316a2|0
32|-9.999999999999999999e-319|true|80000000|0
64|1e-318|true|00000000000316a2|0
32|1e-318|true|00000000|0
64|-1e-318|true|80000000000316a2|0
32|-1e-318|true|80000000|0
64|1.234567890123456789e-318|true|000000000003d017|0
32|1.234567890123456789e-318|true|00000000|0
64|-9.999999999999999999e-318|true|80000000001ee257|0
32|-9.999999999999999999e-318|true|80000000|0
64|1e-317|true|00000000001ee257|0
32|1e-317|true|00000000|0
64|-1e-317|true|80000000001ee257|0
32|-1e-317|true|80000000|0
64|1.234567890123456789e-317|true|00000000002620e9|0
32|1.234567890123456789e-317|true|00000000|0
64|-9.999999999999999999e-317|true|800000000134d761|0
32|-9.999999999999999999e-317|true|80000000|0
64|1e-316|true|000000000134d761|0
32|1e-316|true|00000000|0
64|-1e-316|true|800000000134d761|0
32|-1e-316|true|80000000|0
64|1.234567890123456789e-316|true|00000000017d491c|0
32|1.234567890123456789e-316|true|00000000|0
64|-9.999999999999999999e-316|true|800000000c1069cd|0
32|-9.999999999999999999e-316|true|80000000|0
64|1e-315|true|000000000c1069cd|0
32|1e-315|true|00000000|0
64|-1e-315|true|800000000c1069cd|0
32|-1e-315|true|80000000|0
64|1.234567890123456789e-315|true|000000000ee4db1b|0
32|1.234567890123456789e-315|true|00000000|0
64|-9.999999999999999999e-315|true|8000000078a42205|0
32|-9.999999999999999999e-315|true|80000000|0
64|1e-314|true|0000000078a42205|0
32|1e-314|true|00000000|0
64|-1e-314|true|8000000078a42205|0
32|-1e-314|true|80000000|0
64|1.234567890123456789e-314|true|0000000094f08f0c|0
32|1.234567890123456789e-314|true|00000000|0
64|-9.999999999999999999e-314|true|80000004b6695433|0
32|-9.999999999999999999e-314|true|80000000|0
64|1e-313|true|00000004b6695433|0
32|1e-313|true|00000000|0
64|-1e-313|true|80000004b6695433|0
32|-1e-313|true|80000000|0
64|1.234567890123456789e-313|true|00000005d165967a|0
32|1.234567890123456789e-313|true|00000000|0
64|-9.999999999999999999e-313|true|8000002f201d49fb|0
32|-9.999999999999999999e-313|true|80000000|0
64|1e-312|true|0000002f201d49fb|0
32|1e-312|true|00000000|0
64|-1e-312|true|8000002f201d49fb|0
32|-1e-312|true|80000000|0
64|1.234567890123456789e-312|true|0000003a2df7e0c6|0
32|1.234567890123456789e-312|true|00000000|0
64|-9.999999999999999999e-312|true|800001d74124e3d1|0
32|-9.999999999999999999e-312|true|80000000|0
64|1e-311|true|000001d74124e3d1|0
32|1e-311|true|00000000|0
64|-1e-311|true|800001d74124e3d1|0
32|-1e-311|true|80000000|0
64|1.234567890123456789e-311|true|00000245cbaec7ba|0
32|1.234567890123456789e-311|true|00000000|0
64|-9.999999999999999999e-311|true|800012688b70e62b|0
32|-9.999999999999999999e-311|true|80000000|0
64|1e-310|true|000012688b70e62b|0
32|1e-310|true|00000000|0
64|-1e-310|true|800012688b70e62b|0
32|-1e-310|true|80000000|0
64|1.234567890123456789e-310|true|000016b9f4d3cd48|0
32|1.234567890123456789e-310|true|00000000|0
64|-9.999999999999999999e-310|true|8000b8157268fdaf|0
32|-9.999999999999999999e-310|true|80000000|0
64|1e-309|true|0000b8157268fdaf|0
32|1e-309|true|00000000|0
64|-1e-309|true|8000b8157268fdaf|0
32|-1e-309|true|80000000|0
64|1.234567890123456789e-309|true|0000e343904604d0|0
32|1.234567890123456789e-309|true|00000000|0
64|-9.999999999999999999e-309|true|800730d67819e8d2|0
32|-9.999999999999999999e-309|true|80000000|0
64|1e-308|true|000730d67819e8d2|0
32|1e-308|true|00000000|0
64|-1e-308|true|800730d67819e8d2|0
32|-1e-308|true|80000000|0
64|1.234567890123456789e-308|true|0008e0a3a2bc301f|0
32|1.234567890123456789e-308|true|00000000|0
64|-9.999999999999999999e-308|true|8031fa182c40c60d|0
32|-9.999999999999999999e-308|true|80000000|0
64|1e-307|true|0031fa182c40c60d|0
32|1e-307|true|00000000|0
64|-1e-307|true|8031fa182c40c60d|0
32|-1e-307|true|80000000|0
64|1.234567890123456789e-307|true|0036319916d6784e|0
32|1.234567890123456789e-307|true|00000000|0
64|-9.999999999999999999e-307|true|8066789e3750f791|0
32|-9.999999999999999999e-307|true|80000000|0
64|1e-306|true|0066789e3750f791|0
32|1e-306|true|00000000|0
64|-1e-306|true|8066789e3750f791|0
32|-1e-306|true|80000000|0
64|1.234567890123456789e-306|true|006bbdff5c8c1662|0
32|1.234567890123456789e-306|true|00000000|0
64|-9.999999999999999999e-306|true|809c16c5c5253575|0
32|-9.999999999999999999e-306|true|80000000|0
64|1e-305|true|009c16c5c5253575|0
32|1e-305|true|00000000|0
64|-1e-305|true|809c16c5c5253575|0
32|-1e-305|true|80000000|0
64|1.234567890123456789e-305|true|00a156bf99d78dfd|0
32|1.234567890123456789e-305|true|00000000|0
64|-9.999999999999999999e-305|true|80d18e3b9b374169|0
32|-9.999999999999999999e-305|true|80000000|0
64|1e-304|true|00d18e3b9b374169|0
32|1e-304|true|00000000|0
64|-1e-304|true|80d18e3b9b374169|0
32|-1e-304|true|80000000|0
64|1.234567890123456789e-304|true|00d5ac6f804d717c|0
32|1.234567890123456789e-304|true|00000000|0
64|-9.999999999999999999e-304|true|8105f1ca820511c3|0
32|-9.999999999999999999e-304|true|80000000|0
64|1e-303|true|0105f1ca820511c3|0
32|1e-303|true|00000000|0
64|-1e-303|true|8105f1ca820511c3|0
32|-1e-303|true|80000000|0
64|1.234567890123456789e-303|true|010b178b6060cddb|0
32|1.234567890123456789e-303|true|00000000|0
64|-9.999999999999999999e-303|true|813b6e3d22865634|0
32|-9.999999999999999999e-303|true|80000000|0
64|1e-302|true|013b6e3d22865634|0
32|1e-302|true|00000000|0
64|-1e-302|true|813b6e3d22865634|0
32|-1e-302|true|80000000|0
64|1.234567890123456789e-302|true|0140eeb71c3c80a9|0
32|1.234567890123456789e-302|true|00000000|0
64|-9.999999999999999999e-302|true|817124e63593f5e1|0
32|-9.999999999999999999e-302|true|80000000|0
64|1e-301|true|017124e63593f5e1|0
32|1e-301|true|00000000|0
64|-1e-301|true|817124e63593f5e1|0
32|-1e-301|true|80000000|0
64|1.234567890123456789e-301|true|01752a64e34ba0d3|0
32|1.234567890123456789e-301|true|00000000|0
64|-9.999999999999999999e-301|true|81a56e1fc2f8f359|0
32|-9.999999999999999999e-301|true|80000000|0
64|1e-300|true|01a56e1fc2f8f359|0
32|1e-300|true|00000000|0
64|-1e-300|true|81a56e1fc2f8f359|0
32|-1e-300|true|80000000|0
64|1.234567890123456789e-300|true|01aa74fe1c1e8908|0
32|1.234567890123456789e-300|true|00000000|0
64|-9.999999999999999999e-300|true|81dac9a7b3b7302f|0
32|-9.999999999999999999e-300|true|80000000|0
64|1e-299|true|01dac9a7b3b7302f|0
32|1e-299|true|00000000|0
64|-1e-299|true|81dac9a7b3b7302f|0
32|-1e-299|true|80000000|0
64|1.234567890123456789e-299|true|01e0891ed19315a5|0
32|1.234567890123456789e-299|true|00000000|0
64|-9.999999999999999999e-299|true|8210be08d0527e1d|0
32|-9.999999999999999999e-299|true|80000000|0
64|1e-298|true|0210be08d0527e1d|0
32|1e-298|true|00000000|0
64|-1e-298|true|8210be08d0527e1d|0
32|-1e-298|true|80000000|0
64|1.234567890123456789e-298|true|0214ab6685f7db0e|0
32|1.234567890123456789e-298|true|00000000|0
64|-9.999999999999999999e-298|true|8244ed8b04671da5|0
32|-9.999999999999999999e-298|true|80000000|0
64|1e-297|true|0244ed8b04671da5|0
32|1e-297|true|00000000|0
64|-1e-297|true|8244ed8b04671da5|0
32|-1e-297|true|80000000|0
64|1.234567890123456789e-297|true|0249d6402775d1d2|0
32|1.234567890123456789e-297|true|00000000|0
64|-9.999999999999999999e-297|true|827a28edc580e50e|0
32|-9.999999999999999999e-297|true|80000000|0
64|1e-296|true|027a28edc580e50e|0
32|1e-296|true|00000000|0
64|-1e-296|true|827a28edc580e50e|0
32|-1e-296|true|80000000|0
64|1.234567890123456789e-296|true|028025e818a9a323|0
32|1.234567890123456789e-296|true|00000000|0
64|-9.999999999999999999e-296|true|82b059949b708f29|0
32|-9.999999999999999999e-296|true|80000000|0
64|1e-295|true|02b059949b708f29|0
32|1e-295|true|00000000|0
64|-1e-295|true|82b059949b708f29|0
32|-1e-295|true|80000000|0
64|1.234567890123456789e-295|true|02b42f621ed40bec|0
32|1.234567890123456789e-295|true|00000000|0
64|-9.999999999999999999e-295|true|82e46ff9c24cb2f3|0
32|-9.999999999999999999e-295|true|80000000|0
64|1e-294|true|02e46ff9c24cb2f3|0
32|1e-294|true|00000000|0
64|-1e-294|true|82e46ff9c24cb2f3|0
32|-1e-294|true|80000000|0
64|1.234567890123456789e-294|true|02e93b3aa6890ee7|0
32|1.234567890123456789e-294|true|00000000|0
64|-9.999999999999999999e-294|true|83198bf832dfdfb0|0
32|-9.999999999999999999e-294|true|80000000|0
64|1e-293|true|03198bf832dfdfb0|0
32|1e-293|true|00000000|0
64|-1e-293|true|83198bf832dfdfb0|0
32|-1e-293|true|80000000|0
64|1.234567890123456789e-293|true|031f8a09502b52a1|0
32|1.234567890123456789e-293|true|00000000|0
64|-9.999999999999999999e-293|true|834feef63f97d79c|0
32|-9.999999999999999999e-293|true|80000000|0
64|1e-292|true|034feef63f97d79c|0
32|1e-292|true|00000000|0
64|-1e-292|true|834feef63f97d79c|0
32|-1e-292|true|80000000|0
64|1.234567890123456789e-292|true|0353b645d21b13a5|0
32|1.234567890123456789e-292|true|00000000|0
64|-9.999999999999999999e-292|true|8383f559e7bee6c1|0
32|-9.999999999999999999e-292|true|80000000|0
64|1e-291|true|0383f559e7bee6c1|0
32|1e-291|true|00000000|0
64|-1e-291|true|8383f559e7bee6c1|0
32|-1e-291|true|80000000|0
64|1.234567890123456789e-291|true|0388a3d746a1d88e|0
32|1.234567890123456789e-291|true|00000000|0
64|-9.999999999999999999e-291|true|83b8f2b061aea072|0
32|-9.999999999999999999e-291|true|80000000|0
64|1e-290|true|03b8f2b061aea072|0
32|1e-290|true|00000000|0
64|-1e-290|true|83b8f2b061aea072|0
32|-1e-290|true|80000000|0
64|1.234567890123456789e-290|true|03becccd184a4eb1|0
32|1.234567890123456789e-290|true|00000000|0
64|-9.999999999999999999e-290|true|83ef2f5c7a1a488e|0
32|-9.999999999999999999e-290|true|80000000|0
64|1e-289|true|03ef2f5c7a1a488e|0
32|1e-289|true|00000000|0
64|-1e-289|true|83ef2f5c7a1a488e|0
32|-1e-289|true|80000000|0
64|1.234567890123456789e-289|true|03f340002f2e712f|0
32|1.234567890123456789e-289|true|00000000|0
64|-9.999999999999999999e-289|true|84237d99cc506d59|0
32|-9.999999999999999999e-289|true|80000000|0
64|1e-288|true|04237d99cc506d59|0
32|1e-288|true|00000000|0
64|-1e-288|true|84237d99cc506d59|0
32|-1e-288|true|80000000|0
64|1.234567890123456789e-288|true|042810003afa0d7a|0
32|1.234567890123456789e-288|true|00000000|0
64|-9.999999999999999999e-288|true|84585d003f6488af|0
32|-9.999999999999999999e-288|true|80000000|0
64|1e-287|true|04585d003f6488af|0
32|1e-287|true|00000000|0
64|-1e-287|true|84585d003f6488af|0
32|-1e-287|true|80000000|0
64|1.234567890123456789e-287|true|045e140049b890d9|0
32|1.234567890123456789e-287|true|00000000|0
64|-9.999999999999999999e-287|true|848e74404f3daadb|0
32|-9.999999999999999999e-287|true|80000000|0
64|1e-286|true|048e74404f3daadb|0
32|1e-286|true|00000000|0
64|-1e-286|true|848e74404f3daadb|0
32|-1e-286|true|80000000|0
64|1.234567890123456789e-286|true|0492cc802e135a88|0
32|1.234567890123456789e-286|true|00000000|0
64|-9.999999999999999999e-286|true|84c308a831868ac9|0
32|-9.999999999999999999e-286|true|80000000|0
64|1e-285|true|04c308a831868ac9|0
32|1e-285|true|00000000|0
64|-1e-285|true|84c308a831868ac9|0
32|-1e-285|true|80000000|0
64|1.234567890123456789e-285|true|04c77fa039983129|0
32|1.234567890123456789e-285|true|00000000|0
64|-9.999999999999999999e-285|true|84f7cad23de82d7b|0
32|-9.999999999999999999e-285|true|80000000|0
64|1e-284|true|04f7cad23de82d7b|0
32|1e-284|true|00000000|0
64|-1e-284|true|84f7cad23de82d7b|0
32|-1e-284|true|80000000|0
64|1.234567890123456789e-284|true|04fd5f8847fe3d74|0
32|1.234567890123456789e-284|true|00000000|0
64|-9.999999999999999999e-284|true|852dbd86cd6238d9|0
32|-9.999999999999999999e-284|true|80000000|0
64|1e-283|true|052dbd86cd6238d9|0
32|1e-283|true|00000000|0
64|-1e-283|true|852dbd86cd6238d9|0
32|-1e-283|true|80000000|0
64|1.234567890123456789e-283|true|05325bb52cfee668|0
32|1.234567890123456789e-283|true|00000000|0
64|-9.999999999999999999e-283|true|85629674405d6388|0
32|-9.999999999999999999e-283|true|80000000|0
64|1e-282|true|05629674405d6388|0
32|1e-282|true|00000000|0
64|-1e-282|true|85629674405d6388|0
32|-1e-282|true|80000000|0
64|1.234567890123456789e-282|true|0566f2a2783ea003|0
32|1.234567890123456789e-282|true|00000000|0
64|-9.999999999999999999e-282|true|85973c115074bc6a|0
32|-9.999999999999999999e-282|true|80000000|0
64|1e-281|true|05973c115074bc6a|0
32|1e-281|true|00000000|0
64|-1e-281|true|85973c115074bc6a|0
32|-1e-281|true|80000000|0
64|1.234567890123456789e-281|true|059caf4b164e4803|0
32|1.234567890123456789e-281|true|00000000|0
64|-9.999999999999999999e-281|true|85cd0b15a491eb84|0
32|-9.999999999999999999e-281|true|80000000|0
64|1e-280|true|05cd0b15a491eb84|0
32|1e-280|true|00000000|0
64|-1e-280|true|85cd0b15a491eb84|0
32|-1e-280|true|80000000|0
64|1.234567890123456789e-280|true|05d1ed8eedf0ed02|0
32|1.234567890123456789e-280|true|00000000|0
64|-9.999999999999999999e-280|true|860226ed86db3333|0
32|-9.999999999999999999e-280|true|80000000|0
64|1e-279|true|060226ed86db3333|0
32|1e-279|true|00000000|0
64|-1e-279|true|860226ed86db3333|0
32|-1e-279|true|80000000|0
64|1.234567890123456789e-279|true|060668f2a96d2842|0
32|1.234567890123456789e-279|true|00000000|0
64|-9.999999999999999999e-279|true|8636b0a8e891ffff|0
32|-9.999999999999999999e-279|true|80000000|0
64|1e-278|true|0636b0a8e891ffff|0
32|1e-278|true|00000000|0
64|-1e-278|true|8636b0a8e891ffff|0
32|-1e-278|true|80000000|0
64|1.234567890123456789e-278|true|063c032f53c87253|0
32|1.234567890123456789e-278|true|00000000|0
64|-9.999999999999999999e-278|true|866c5cd322b67fff|0
32|-9.999999999999999999e-278|true|80000000|0
64|1e-277|true|066c5cd322b67fff|0
32|1e-277|true|00000000|0
64|-1e-277|true|866c5cd322b67fff|0
32|-1e-277|true|80000000|0
64|1.234567890123456789e-277|true|067181fd945d4774|0
32|1.234567890123456789e-277|true|00000000|0
64|-9.999999999999999999e-277|true|86a1ba03f5b21000|0
32|-9.999999999999999999e-277|true|80000000|0
64|1e-276|true|06a1ba03f5b21000|0
32|1e-276|true|00000000|0
64|-1e-276|true|86a1ba03f5b21000|0
32|-1e-276|true|80000000|0
64|1.234567890123456789e-276|true|06a5e27cf9749951|0
32|1.234567890123456789e-276|true|00000000|0
64|-9.999999999999999999e-276|true|86d62884f31e93ff|0
32|-9.999999999999999999e-276|true|80000000|0
64|1e-275|true|06d62884f31e93ff|0
32|1e-275|true|00000000|0
64|-1e-275|true|86d62884f31e93ff|0
32|-1e-275|true|80000000|0
64|1.234567890123456789e-275|true|06db5b1c37d1bfa5|0
32|1.234567890123456789e-275|true|00000000|0
64|-9.999999999999999999e-275|true|870bb2a62fe638ff|0
32|-9.999999999999999999e-275|true|80000000|0
64|1e-274|true|070bb2a62fe638ff|0
32|1e-274|true|00000000|0
64|-1e-274|true|870bb2a62fe638ff|0
32|-1e-274|true|80000000|0
64|1.234567890123456789e-274|true|071118f1a2e317c7|0
32|1.234567890123456789e-274|true|00000000|0
64|-9.999999999999999999e-274|true|87414fa7ddefe3a0|0
32|-9.999999999999999999e-274|true|80000000|0
64|1e-273|true|07414fa7ddefe3a0|0
32|1e-273|true|00000000|0
64|-1e-273|true|87414fa7ddefe3a0|0
32|-1e-273|true|80000000|0
64|1.234567890123456789e-273|true|07455f2e0b9bddb9|0
32|1.234567890123456789e-273|true|00000000|0
64|-9.999999999999999999e-273|true|8775a391d56bdc87|0
32|-9.999999999999999999e-273|true|80000000|0
64|1e-272|true|0775a391d56bdc87|0
32|1e-272|true|00000000|0
64|-1e-272|true|8775a391d56bdc87|0
32|-1e-272|true|80000000|0
64|1.234567890123456789e-272|true|077ab6f98e82d527|0
32|1.234567890123456789e-272|true|00000000|0
64|-9.999999999999999999e-272|true|87ab0c764ac6d3a9|0
32|-9.999999999999999999e-272|true|80000000|0
64|1e-271|true|07ab0c764ac6d3a9|0
32|1e-271|true|00000000|0
64|-1e-271|true|87ab0c764ac6d3a9|0
32|-1e-271|true|80000000|0
64|1.234567890123456789e-271|true|07b0b25bf911c539|0
32|1.234567890123456789e-271|true|00000000|0
64|-9.999999999999999999e-271|true|87e0e7c9eebc444a|0
32|-9.999999999999999999e-271|true|80000000|0
64|1e-270|true|07e0e7c9eebc444a|0
32|1e-270|true|00000000|0
64|-1e-270|true|87e0e7c9eebc444a|0
32|-1e-270|true|80000000|0
64|1.234567890123456789e-270|true|07e4def2f7563687|0
32|1.234567890123456789e-270|true|00000000|0
64|-9.999999999999999999e-270|true|881521bc6a6b555c|0
32|-9.999999999999999999e-270|true|80000000|0
64|1e-269|true|081521bc6a6b555c|0
32|1e-269|true|00000000|0
64|-1e-269|true|881521bc6a6b555c|0
32|-1e-269|true|80000000|0
64|1.234567890123456789e-269|true|081a16afb52bc428|0
32|1.234567890123456789e-269|true|00000000|0
64|-9.999999999999999999e-269|true|884a6a2b85062ab3|0
32|-9.999999999999999999e-269|true|80000000|0
64|1e-268|true|084a6a2b85062ab3|0
32|1e-268|true|00000000|0
64|-1e-268|true|884a6a2b85062ab3|0
32|-1e-268|true|80000000|0
64|1.234567890123456789e-268|true|08504e2dd13b5a99|0
32|1.234567890123456789e-268|true|00000000|0
64|-9.999999999999999999e-268|true|8880825b3323dab0|0
32|-9.999999999999999999e-268|true|80000000|0
64|1e-267|true|0880825b3323dab0|0
32|1e-267|true|00000000|0
64|-1e-267|true|8880825b3323dab0|0
32|-1e-267|true|80000000|0
64|1.234567890123456789e-267|true|088461b9458a3140|0
32|1.234567890123456789e-267|true|00000000|0
64|-9.999999999999999999e-267|true|88b4a2f1ffecd15c|0
32|-9.999999999999999999e-267|true|80000000|0
64|1e-266|true|08b4a2f1ffecd15c|0
32|1e-266|true|00000000|0
64|-1e-266|true|88b4a2f1ffecd15c|0
32|-1e-266|true|80000000|0
64|1.234567890123456789e-266|true|08b97a2796ecbd8f|0
32|1.234567890123456789e-266|true|00000000|0
64|-9.999999999999999999e-266|true|88e9cbae7fe805b3|0
32|-9.999999999999999999e-266|true|80000000|0
64|1e-265|true|08e9cbae7fe805b3|0
32|1e-265|true|00000000|0
64|-1e-265|true|88e9cbae7fe805b3|0
32|-1e-265|true|80000000|0
64|1.234567890123456789e-265|true|08efd8b17ca7ecf3|0
32|1.234567890123456789e-265|true|00000000|0
64|-9.999999999999999999e-265|true|89201f4d0ff10390|0
32|-9.999999999999999999e-265|true|80000000|0
64|1e-264|true|09201f4d0ff10390|0
32|1e-264|true|00000000|0
64|-1e-264|true|89201f4d0ff10390|0
32|-1e-264|true|80000000|0
64|1.234567890123456789e-264|true|0923e76eede8f418|0
32|1.234567890123456789e-264|true|00000000|0
64|-9.999999999999999999e-264|true|8954272053ed4474|0
32|-9.999999999999999999e-264|true|80000000|0
64|1e-263|true|0954272053ed4474|0
32|1e-263|true|00000000|0
64|-1e-263|true|8954272053ed4474|0
32|-1e-263|true|80000000|0
64|1.234567890123456789e-263|true|0958e14aa963311e|0
32|1.234567890123456789e-263|true|00000000|0
64|-9.999999999999999999e-263|true|898930e868e89591|0
32|-9.999999999999999999e-263|true|80000000|0
64|1e-262|true|098930e868e89591|0
32|1e-262|true|00000000|0
64|-1e-262|true|898930e868e89591|0
32|-1e-262|true|80000000|0
64|1.234567890123456789e-262|true|098f199d53bbfd66|0
32|1.234567890123456789e-262|true|00000000|0
64|-9.999999999999999999e-262|true|89bf7d228322baf5|0
32|-9.999999999999999999e-262|true|80000000|0
64|1e-261|true|09bf7d228322baf5|0
32|1e-261|true|00000000|0
64|-1e-261|true|89bf7d228322baf5|0
32|-1e-261|true|80000000|0
64|1.234567890123456789e-261|true|09c3700254557e5f|0
32|1.234567890123456789e-261|true|00000000|0
64|-9.999999999999999999e-261|true|89f3ae3591f5b4d9|0
32|-9.999999999999999999e-261|true|80000000|0
64|1e-260|true|09f3ae3591f5b4d9|0
32|1e-260|true|00000000|0
64|-1e-260|true|89f3ae3591f5b4d9|0
32|-1e-260|true|80000000|0
64|1.234567890123456789e-260|true|09f84c02e96addf7|0
32|1.234567890123456789e-260|true|00000000|0
64|-9.999999999999999999e-260|true|8a2899c2f6732210|0
32|-9.999999999999999999e-260|true|80000000|0
64|1e-259|true|0a2899c2f6732210|0
32|1e-259|true|00000000|0
64|-1e-259|true|8a2899c2f6732210|0
32|-1e-259|true|80000000|0
64|1.234567890123456789e-259|true|0a2e5f03a3c59575|0
32|1.234567890123456789e-259|true|00000000|0
64|-9.999999999999999999e-259|true|8a5ec033b40fea93|0
32|-9.999999999999999999e-259|true|80000000|0
64|1e-258|true|0a5ec033b40fea93|0
32|1e-258|true|00000000|0
64|-1e-258|true|8a5ec033b40fea93|0
32|-1e-258|true|80000000|0
64|1.234567890123456789e-258|true|0a62fb62465b7d69|0
32|1.234567890123456789e-258|true|00000000|0
64|-9.999999999999999999e-258|true|8a9338205089f29c|0
32|-9.999999999999999999e-258|true|80000000|0
64|1e-257|true|0a9338205089f29c|0
32|1e-257|true|00000000|0
64|-1e-257|true|8a9338205089f29c|0
32|-1e-257|true|80000000|0
64|1.234567890123456789e-257|true|0a97ba3ad7f25cc4|0
32|1.234567890123456789e-257|true|00000000|0
64|-9.999999999999999999e-257|true|8ac8062864ac6f43|0
32|-9.999999999999999999e-257|true|80000000|0
64|1e-256|true|0ac8062864ac6f43|0
32|1e-256|true|00000000|0
64|-1e-256|true|8ac8062864ac6f43|0
32|-1e-256|true|80000000|0
64|1.234567890123456789e-256|true|0acda8c98deef3f4|0
32|1.234567890123456789e-256|true|00000000|0
64|-9.999999999999999999e-256|true|8afe07b27dd78b14|0
32|-9.999999999999999999e-256|true|80000000|0
64|1e-255|true|0afe07b27dd78b14|0
32|1e-255|true|00000000|0
64|-1e-255|true|8afe07b27dd78b14|0
32|-1e-255|true|80000000|0
64|1.234567890123456789e-255|true|0b02897df8b55879|0
32|1.234567890123456789e-255|true|00000000|0
64|-9.999999999999999999e-255|true|8b32c4cf8ea6b6ec|0
32|-9.999999999999999999e-255|true|80000000|0
64|1e-254|true|0b32c4cf8ea6b6ec|0
32|1e-254|true|00000000|0
64|-1e-254|true|8b32c4cf8ea6b6ec|0
32|-1e-254|true|80000000|0
64|1.234567890123456789e-254|true|0b372bdd76e2ae97|0
32|1.234567890123456789e-254|true|00000000|0
64|-9.999999999999999999e-254|true|8b677603725064a8|0
32|-9.999999999999999999e-254|true|80000000|0
64|1e-253|true|0b677603725064a8|0
32|1e-253|true|00000000|0
64|-1e-253|true|8b677603725064a8|0
32|-1e-253|true|80000000|0
64|1.234567890123456789e-253|true|0b6cf6d4d49b5a3d|0
32|1.234567890123456789e-253|true|00000000|0
64|-9.999999999999999999e-253|true|8b9d53844ee47dd1|0
32|-9.999999999999999999e-253|true|80000000|0
64|1e-252|true|0b9d53844ee47dd1|0
32|1e-252|true|00000000|0
64|-1e-252|true|8b9d53844ee47dd1|0
32|-1e-252|true|80000000|0
64|1.234567890123456789e-252|true|0ba21a4504e11866|0
32|1.234567890123456789e-252|true|00000000|0
64|-9.999999999999999999e-252|true|8bd25432b14ecea3|0
32|-9.999999999999999999e-252|true|80000000|0
64|1e-251|true|0bd25432b14ecea3|0
32|1e-251|true|00000000|0
64|-1e-251|true|8bd25432b14ecea3|0
32|-1e-251|true|80000000|0
64|1.234567890123456789e-251|true|0bd6a0d646195e7f|0
32|1.234567890123456789e-251|true|00000000|0
64|-9.999999999999999999e-251|true|8c06e93f5da2824c|0
32|-9.999999999999999999e-251|true|80000000|0
64|1e-250|true|0c06e93f5da2824c|0
32|1e-250|true|00000000|0
64|-1e-250|true|8c06e93f5da2824c|0
32|-1e-250|true|80000000|0
64|1.234567890123456789e-250|true|0c0c490bd79fb61f|0
32|1.234567890123456789e-250|true|00000000|0
64|-9.999999999999999999e-250|true|8c3ca38f350b22df|0
32|-9.999999999999999999e-250|true|80000000|0
64|1e-249|true|0c3ca38f350b22df|0
32|1e-249|true|00000000|0
64|-1e-249|true|8c3ca38f350b22df|0
32|-1e-249|true|80000000|0
64|1.234567890123456789e-249|true|0c41ada766c3d1d4|0
32|1.234567890123456789e-249|true|00000000|0
64|-9.999999999999999999e-249|true|8c71e6398126f5cb|0
32|-9.999999999999999999e-249|true|80000000|0
64|1e-248|true|0c71e6398126f5cb|0
32|1e-248|true|00000000|0
64|-1e-248|true|8c71e6398126f5cb|0
32|-1e-248|true|80000000|0
64|1.234567890123456789e-248|true|0c7619114074c648|0
32|1.234567890123456789e-248|true|00000000|0
64|-9.999999999999999999e-248|true|8ca65fc7e170b33e|0
32|-9.999999999999999999e-248|true|80000000|0
64|1e-247|true|0ca65fc7e170b33e|0
32|1e-247|true|00000000|0
64|-1e-247|true|8ca65fc7e170b33e|0
32|-1e-247|true|80000000|0
64|1.234567890123456789e-247|true|0cab9f559091f7db|0
32|1.234567890123456789e-247|true|00000000|0
64|-9.999999999999999999e-247|true|8cdbf7b9d9cce00d|0
32|-9.999999999999999999e-247|true|80000000|0
64|1e-246|true|0cdbf7b9d9cce00d|0
32|1e-246|true|00000000|0
64|-1e-246|true|8cdbf7b9d9cce00d|0
32|-1e-246|true|80000000|0
64|1.234567890123456789e-246|true|0ce143957a5b3ae9|0
32|1.234567890123456789e-246|true|00000000|0
64|-9.999999999999999999e-246|true|8d117ad428200c08|0
32|-9.999999999999999999e-246|true|80000000|0
64|1e-245|true|0d117ad428200c08|0
32|1e-245|true|00000000|0
64|-1e-245|true|8d117ad428200c08|0
32|-1e-245|true|80000000|0
64|1.234567890123456789e-245|true|0d15947ad8f209a3|0
32|1.234567890123456789e-245|true|00000000|0
64|-9.999999999999999999e-245|true|8d45d98932280f0a|0
32|-9.999999999999999999e-245|true|80000000|0
64|1e-244|true|0d45d98932280f0a|0
32|1e-244|true|00000000|0
64|-1e-244|true|8d45d98932280f0a|0
32|-1e-244|true|80000000|0
64|1.234567890123456789e-244|true|0d4af9998f2e8c0b|0
32|1.234567890123456789e-244|true|00000000|0
64|-9.999999999999999999e-244|true|8d7b4feb7eb212cd|0
32|-9.999999999999999999e-244|true|80000000|0
64|1e-243|true|0d7b4feb7eb212cd|0
32|1e-243|true|00000000|0
64|-1e-243|true|8d7b4feb7eb212cd|0
32|-1e-243|true|80000000|0
64|1.234567890123456789e-243|true|0d80dbfff97d1787|0
32|1.234567890123456789e-243|true|00000000|0
64|-9.999999999999999999e-243|true|8db111f32f2f4bc0|0
32|-9.999999999999999999e-243|true|80000000|0
64|1e-242|true|0db111f32f2f4bc0|0
32|1e-242|true|00000000|0
64|-1e-242|true|8db111f32f2f4bc0|0
32|-1e-242|true|80000000|0
64|1.234567890123456789e-242|true|0db512fff7dc5d69|0
32|1.234567890123456789e-242|true|00000000|0
64|-9.999999999999999999e-242|true|8de5566ffafb1eb0|0
32|-9.999999999999999999e-242|true|80000000|0
64|1e-241|true|0de5566ffafb1eb0|0
32|1e-241|true|00000000|0
64|-1e-241|true|8de5566ffafb1eb0|0
32|-1e-241|true|80000000|0
64|1.234567890123456789e-241|true|0dea57bff5d374c3|0
32|1.234567890123456789e-241|true|00000000|0
64|-9.999999999999999999e-241|true|8e1aac0bf9b9e65c|0
32|-9.999999999999999999e-241|true|80000000|0
64|1e-240|true|0e1aac0bf9b9e65c|0
32|1e-240|true|00000000|0
64|-1e-240|true|8e1aac0bf9b9e65c|0
32|-1e-240|true|80000000|0
64|1.234567890123456789e-240|true|0e2076d7f9a428fa|0
32|1.234567890123456789e-240|true|00000000|0
64|-9.999999999999999999e-240|true|8e50ab877c142ffa|0
32|-9.999999999999999999e-240|true|80000000|0
64|1e-239|true|0e50ab877c142ffa|0
32|1e-239|true|00000000|0
64|-1e-239|true|8e50ab877c142ffa|0
32|-1e-239|true|80000000|0
64|1.234567890123456789e-239|true|0e54948df80d3338|0
32|1.234567890123456789e-239|true|00000000|0
64|-9.999999999999999999e-239|true|8e84d6695b193bf8|0
32|-9.999999999999999999e-239|true|80000000|0
64|1e-238|true|0e84d6695b193bf8|0
32|1e-238|true|00000000|0
64|-1e-238|true|8e84d6695b193bf8|0
32|-1e-238|true|80000000|0
64|1.234567890123456789e-238|true|0e89b9b176108007|0
32|1.234567890123456789e-238|true|00000000|0
64|-9.999999999999999999e-238|true|8eba0c03b1df8af6|0
32|-9.999999999999999999e-238|true|80000000|0
64|1e-237|true|0eba0c03b1df8af6|0
32|1e-237|true|00000000|0
64|-1e-237|true|8eba0c03b1df8af6|0
32|-1e-237|true|80000000|0
64|1.234567890123456789e-237|true|0ec0140ee9ca5004|0
32|1.234567890123456789e-237|true|00000000|0
64|-9.999999999999999999e-237|true|8ef047824f2bb6da|0
32|-9.999999999999999999e-237|true|80000000|0
64|1e-236|true|0ef047824f2bb6da|0
32|1e-236|true|00000000|0
64|-1e-236|true|8ef047824f2bb6da|0
32|-1e-236|true|80000000|0
64|1.234567890123456789e-236|true|0ef41912a43ce405|0
32|1.234567890123456789e-236|true|00000000|0
64|-9.999999999999999999e-236|true|8f245962e2f6a490|0
32|-9.999999999999999999e-236|true|80000000|0
64|1e-235|true|0f245962e2f6a490|0
32|1e-235|true|00000000|0
64|-1e-235|true|8f245962e2f6a490|0
32|-1e-235|true|80000000|0
64|1.234567890123456789e-235|true|0f291f574d4c1d06|0
32|1.234567890123456789e-235|true|00000000|0
64|-9.999999999999999999e-235|true|8f596fbb9bb44db4|0
32|-9.999999999999999999e-235|true|80000000|0
64|1e-234|true|0f596fbb9bb44db4|0
32|1e-234|true|00000000|0
64|-1e-234|true|8f596fbb9bb44db4|0
32|-1e-234|true|80000000|0
64|1.234567890123456789e-234|true|0f5f672d209f2448|0
32|1.234567890123456789e-234|true|00000000|0
64|-9.999999999999999999e-234|true|8f8fcbaa82a16121|0
32|-9.999999999999999999e-234|true|80000000|0
64|1e-233|true|0f8fcbaa82a16121|0
32|1e-233|true|00000000|0
64|-1e-233|true|8f8fcbaa82a16121|0
32|-1e-233|true|80000000|0
64|1.234567890123456789e-233|true|0f93a07c346376ad|0
32|1.234567890123456789e-233|true|00000000|0
64|-9.999999999999999999e-233|true|8fc3df4a91a4dcb5|0
32|-9.999999999999999999e-233|true|80000000|0
64|1e-232|true|0fc3df4a91a4dcb5|0
32|1e-232|true|00000000|0
64|-1e-232|true|8fc3df4a91a4dcb5|0
32|-1e-232|true|80000000|0
64|1.234567890123456789e-232|true|0fc8889b417c5458|0
32|1.234567890123456789e-232|true|00000000|0
64|-9.999999999999999999e-232|true|8ff8d71d360e13e2|0
32|-9.999999999999999999e-232|true|80000000|0
64|1e-231|true|0ff8d71d360e13e2|0
32|1e-231|true|00000000|0
64|-1e-231|true|8ff8d71d360e13e2|0
32|-1e-231|true|80000000|0
64|1.234567890123456789e-231|true|0ffeaac211db696e|0
32|1.234567890123456789e-231|true|00000000|0
64|-9.999999999999999999e-231|true|902f0ce4839198db|0
32|-9.999999999999999999e-231|true|80000000|0
64|1e-230|true|102f0ce4839198db|0
32|1e-230|true|00000000|0
64|-1e-230|true|902f0ce4839198db|0
32|-1e-230|true|80000000|0
64|1.234567890123456789e-230|true|10332ab94b2921e5|0
32|1.234567890123456789e-230|true|00000000|0
64|-9.999999999999999999e-230|true|9063680ed23aff89|0
32|-9.999999999999999999e-230|true|80000000|0
64|1e-229|true|1063680ed23aff89|0
32|1e-229|true|00000000|0
64|-1e-229|true|9063680ed23aff89|0
32|-1e-229|true|80000000|0
64|1.234567890123456789e-229|true|1067f5679df36a5e|0
32|1.234567890123456789e-229|true|00000000|0
64|-9.999999999999999999e-229|true|9098421286c9bf6b|0
32|-9.999999999999999999e-229|true|80000000|0
64|1e-228|true|1098421286c9bf6b|0
32|1e-228|true|00000000|0
64|-1e-228|true|9098421286c9bf6b|0
32|-1e-228|true|80000000|0
64|1.234567890123456789e-228|true|109df2c1857044f6|0
32|1.234567890123456789e-228|true|00000000|0
64|-9.999999999999999999e-228|true|90ce5297287c2f45|0
32|-9.999999999999999999e-228|true|80000000|0
64|1e-227|true|10ce5297287c2f45|0
32|1e-227|true|00000000|0
64|-1e-227|true|90ce5297287c2f45|0
32|-1e-227|true|80000000|0
64|1.234567890123456789e-227|true|10d2b7b8f3662b1a|0
32|1.234567890123456789e-227|true|00000000|0
64|-9.999999999999999999e-227|true|9102f39e794d9d8b|0
32|-9.999999999999999999e-227|true|80000000|0
64|1e-226|true|1102f39e794d9d8b|0
32|1e-226|true|00000000|0
64|-1e-226|true|9102f39e794d9d8b|0
32|-1e-226|true|80000000|0
64|1.234567890123456789e-226|true|110765a7303fb5e0|0
32|1.234567890123456789e-226|true|00000000|0
64|-9.999999999999999999e-226|true|9137b08617a104ee|0
32|-9.999999999999999999e-226|true|80000000|0
64|1e-225|true|1137b08617a104ee|0
32|1e-225|true|00000000|0
64|-1e-225|true|9137b08617a104ee|0
32|-1e-225|true|80000000|0
64|1.234567890123456789e-225|true|113d3f10fc4fa358|0
32|1.234567890123456789e-225|true|00000000|0
64|-9.999999999999999999e-225|true|916d9ca79d89462a|0
32|-9.999999999999999999e-225|true|80000000|0
64|1e-224|true|116d9ca79d89462a|0
32|1e-224|true|00000000|0
64|-1e-224|true|916d9ca79d89462a|0
32|-1e-224|true|80000000|0
64|1.234567890123456789e-224|true|1172476a9db1c617|0
32|1.234567890123456789e-224|true|00000000|0
64|-9.999999999999999999e-224|true|91a281e8c275cbda|0
32|-9.999999999999999999e-224|true|80000000|0
64|1e-223|true|11a281e8c275cbda|0
32|1e-223|true|00000000|0
64|-1e-223|true|91a281e8c275cbda|0
32|-1e-223|true|80000000|0
64|1.234567890123456789e-223|true|11a6d945451e379d|0
32|1.234567890123456789e-223|true|00000000|0
64|-9.999999999999999999e-223|true|91d72262f3133ed1|0
32|-9.999999999999999999e-223|true|80000000|0
64|1e-222|true|11d72262f3133ed1|0
32|1e-222|true|00000000|0
64|-1e-222|true|91d72262f3133ed1|0
32|-1e-222|true|80000000|0
64|1.234567890123456789e-222|true|11dc8f969665c584|0
32|1.234567890123456789e-222|true|00000000|0
64|-9.999999999999999999e-222|true|920ceafbafd80e85|0
32|-9.999999999999999999e-222|true|80000000|0
64|1e-221|true|120ceafbafd80e85|0
32|1e-221|true|00000000|0
64|-1e-221|true|920ceafbafd80e85|0
32|-1e-221|true|80000000|0
64|1.234567890123456789e-221|true|1211d9be1dff9b72|0
32|1.234567890123456789e-221|true|00000000|0
64|-9.999999999999999999e-221|true|924212dd4de70913|0
32|-9.999999999999999999e-221|true|80000000|0
64|1e-220|true|124212dd4de70913|0
32|1e-220|true|00000000|0
64|-1e-220|true|924212dd4de70913|0
32|-1e-220|true|80000000|0
64|1.234567890123456789e-220|true|1246502da57f824f|0
32|1.234567890123456789e-220|true|00000000|0
64|-9.999999999999999999e-220|true|92769794a160cb58|0
32|-9.999999999999999999e-220|true|80000000|0
64|1e-219|true|12769794a160cb58|0
32|1e-219|true|00000000|0
64|-1e-219|true|92769794a160cb58|0
32|-1e-219|true|80000000|0
64|1.234567890123456789e-219|true|127be4390edf62e3|0
32|1.234567890123456789e-219|true|00000000|0
64|-9.999999999999999999e-219|true|92ac3d79c9b8fe2e|0
32|-9.999999999999999999e-219|true|80000000|0
64|1e-218|true|12ac3d79c9b8fe2e|0
32|1e-218|true|00000000|0
64|-1e-218|true|92ac3d79c9b8fe2e|0
32|-1e-218|true|80000000|0
64|1.234567890123456789e-218|true|12b16ea3a94b9dce|0
32|1.234567890123456789e-218|true|00000000|0
64|-9.999999999999999999e-218|true|92e1a66c1e139edd|0
32|-9.999999999999999999e-218|true|80000000|0
64|1e-217|true|12e1a66c1e139edd|0
32|1e-217|true|00000000|0
64|-1e-217|true|92e1a66c1e139edd|0
32|-1e-217|true|80000000|0
64|1.234567890123456789e-217|true|12e5ca4c939e8541|0
32|1.234567890123456789e-217|true|00000000|0
64|-9.999999999999999999e-217|true|9316100725988694|0
32|-9.999999999999999999e-217|true|80000000|0
64|1e-216|true|1316100725988694|0
32|1e-216|true|00000000|0
64|-1e-216|true|9316100725988694|0
32|-1e-216|true|80000000|0
64|1.234567890123456789e-216|true|131b3cdfb8862691|0
32|1.234567890123456789e-216|true|00000000|0
64|-9.999999999999999999e-216|true|934b9408eefea839|0
32|-9.999999999999999999e-216|true|80000000|0
64|1e-215|true|134b9408eefea839|0
32|1e-215|true|00000000|0
64|-1e-215|true|934b9408eefea839|0
32|-1e-215|true|80000000|0
64|1.234567890123456789e-215|true|1351060bd353d81b|0
32|1.234567890123456789e-215|true|00000000|0
64|-9.999999999999999999e-215|true|93813c85955f2923|0
32|-9.999999999999999999e-215|true|80000000|0
64|1e-214|true|13813c85955f2923|0
32|1e-214|true|00000000|0
64|-1e-214|true|93813c85955f2923|0
32|-1e-214|true|80000000|0
64|1.234567890123456789e-214|true|1385478ec828ce22|0
32|1.234567890123456789e-214|true|00000000|0
64|-9.999999999999999999e-214|true|93b58ba6fab6f36c|0
32|-9.999999999999999999e-214|true|80000000|0
64|1e-213|true|13b58ba6fab6f36c|0
32|1e-213|true|00000000|0
64|-1e-213|true|93b58ba6fab6f36c|0
32|-1e-213|true|80000000|0
64|1.234567890123456789e-213|true|13ba99727a3301aa|0
32|1.234567890123456789e-213|true|00000000|0
64|-9.999999999999999999e-213|true|93eaee90b964b047|0
32|-9.999999999999999999e-213|true|80000000|0
64|1e-212|true|13eaee90b964b047|0
32|1e-212|true|00000000|0
64|-1e-212|true|93eaee90b964b047|0
32|-1e-212|true|80000000|0
64|1.234567890123456789e-212|true|13f09fe78c5fe10a|0
32|1.234567890123456789e-212|true|00000000|0
64|-9.999999999999999999e-212|true|9420d51a73deee2d|0
32|-9.999999999999999999e-212|true|80000000|0
64|1e-211|true|1420d51a73deee2d|0
32|1e-211|true|00000000|0
64|-1e-211|true|9420d51a73deee2d|0
32|-1e-211|true|80000000|0
64|1.234567890123456789e-211|true|1424c7e16f77d94d|0
32|1.234567890123456789e-211|true|00000000|0
64|-9.999999999999999999e-211|true|94550a6110d6a9b8|0
32|-9.999999999999999999e-211|true|80000000|0
64|1e-210|true|14550a6110d6a9b8|0
32|1e-210|true|00000000|0
64|-1e-210|true|94550a6110d6a9b8|0
32|-1e-210|true|80000000|0
64|1.234567890123456789e-210|true|1459f9d9cb55cfa0|0
32|1.234567890123456789e-210|true|00000000|0
64|-9.999999999999999999e-210|true|948a4cf9550c5426|0
32|-9.999999999999999999e-210|true|80000000|0
64|1e-209|true|148a4cf9550c5426|0
32|1e-209|true|00000000|0
64|-1e-209|true|948a4cf9550c5426|0
32|-1e-209|true|80000000|0
64|1.234567890123456789e-209|true|14903c281f15a1c4|0
32|1.234567890123456789e-209|true|00000000|0
64|-9.999999999999999999e-209|true|94c0701bd527b498|0
32|-9.999999999999999999e-209|true|80000000|0
64|1e-208|true|14c0701bd527b498|0
32|1e-208|true|00000000|0
64|-1e-208|true|94c0701bd527b498|0
32|-1e-208|true|80000000|0
64|1.234567890123456789e-208|true|14c44b3226db0a35|0
32|1.234567890123456789e-208|true|00000000|0
64|-9.999999999999999999e-208|true|94f48c22ca71a1bd|0
32|-9.999999999999999999e-208|true|80000000|0
64|1e-207|true|14f48c22ca71a1bd|0
32|1e-207|true|00000000|0
64|-1e-207|true|94f48c22ca71a1bd|0
32|-1e-207|true|80000000|0
64|1.234567890123456789e-207|true|14f95dfeb091ccc2|0
32|1.234567890123456789e-207|true|00000000|0
64|-9.999999999999999999e-207|true|9529af2b7d0e0a2d|0
32|-9.999999999999999999e-207|true|80000000|0
64|1e-206|true|1529af2b7d0e0a2d|0
32|1e-206|true|00000000|0
64|-1e-206|true|9529af2b7d0e0a2d|0
32|-1e-206|true|80000000|0
64|1.234567890123456789e-206|true|152fb57e5cb63ff3|0
32|1.234567890123456789e-206|true|00000000|0
64|-9.999999999999999999e-206|true|95600d7b2e28c65c|0
32|-9.999999999999999999e-206|true|80000000|0
64|1e-205|true|15600d7b2e28c65c|0
32|1e-205|true|00000000|0
64|-1e-205|true|95600d7b2e28c65c|0
32|-1e-205|true|80000000|0
64|1.234567890123456789e-205|true|1563d16ef9f1e7f8|0
32|1.234567890123456789e-205|true|00000000|0
64|-9.999999999999999999e-205|true|959410d9f9b2f7f3|0
32|-9.999999999999999999e-205|true|80000000|0
64|1e-204|true|159410d9f9b2f7f3|0
32|1e-204|true|00000000|0
64|-1e-204|true|959410d9f9b2f7f3|0
32|-1e-204|true|80000000|0
64|1.234567890123456789e-204|true|1598c5cab86e61f6|0
32|1.234567890123456789e-204|true|00000000|0
64|-9.999999999999999999e-204|true|95c91510781fb5f0|0
32|-9.999999999999999999e-204|true|80000000|0
64|1e-203|true|15c91510781fb5f0|0
32|1e-203|true|00000000|0
64|-1e-203|true|95c91510781fb5f0|0
32|-1e-203|true|80000000|0
64|1.234567890123456789e-203|true|15cef73d6689fa73|0
32|1.234567890123456789e-203|true|00000000|0
64|-9.999999999999999999e-203|true|95ff5a549627a36c|0
32|-9.999999999999999999e-203|true|80000000|0
64|1e-202|true|15ff5a549627a36c|0
32|1e-202|true|00000000|0
64|-1e-202|true|95ff5a549627a36c|0
32|-1e-202|true|80000000|0
64|1.234567890123456789e-202|true|16035a8660163c88|0
32|1.234567890123456789e-202|true|00000000|0
64|-9.999999999999999999e-202|true|96339874ddd8c623|0
32|-9.999999999999999999e-202|true|80000000|0
64|1e-201|true|16339874ddd8c623|0
32|1e-201|true|00000000|0
64|-1e-201|true|96339874ddd8c623|0
32|-1e-201|true|80000000|0
64|1.234567890123456789e-201|true|16383127f81bcbaa|0
32|1.234567890123456789e-201|true|00000000|0
64|-9.999999999999999999e-201|true|96687e92154ef7ac|0
32|-9.999999999999999999e-201|true|80000000|0
64|1e-200|true|16687e92154ef7ac|0
32|1e-200|true|00000000|0
64|-1e-200|true|96687e92154ef7ac|0
32|-1e-200|true|80000000|0
64|1.234567890123456789e-200|true|166e3d71f622be95|0
32|1.234567890123456789e-200|true|00000000|0
64|-9.999999999999999999e-200|true|969e9e369aa2b597|0
32|-9.999999999999999999e-200|true|80000000|0
64|1e-199|true|169e9e369aa2b597|0
32|1e-199|true|00000000|0
64|-1e-199|true|969e9e369aa2b597|0
32|-1e-199|true|80000000|0
64|1.234567890123456789e-199|true|16a2e66739d5b71d|0
32|1.234567890123456789e-199|true|00000000|0
64|-9.999999999999999999e-199|true|96d322e220a5b17e|0
32|-9.999999999999999999e-199|true|80000000|0
64|1e-198|true|16d322e220a5b17e|0
32|1e-198|true|00000000|0
64|-1e-198|true|96d322e220a5b17e|0
32|-1e-198|true|80000000|0
64|1.234567890123456789e-198|true|16d7a001084b24e4|0
32|1.234567890123456789e-198|true|00000000|0
64|-9.999999999999999999e-198|true|9707eb9aa8cf1dde|0
32|-9.999999999999999999e-198|true|80000000|0
64|1e-197|true|1707eb9aa8cf1dde|0
32|1e-197|true|00000000|0
64|-1e-197|true|9707eb9aa8cf1dde|0
32|-1e-197|true|80000000|0
64|1.234567890123456789e-197|true|170d88014a5dee1d|0
32|1.234567890123456789e-197|true|00000000|0
64|-9.999999999999999999e-197|true|973de6815302e556|0
32|-9.999999999999999999e-197|true|80000000|0
64|1e-196|true|173de6815302e556|0
32|1e-196|true|00000000|0
64|-1e-196|true|973de6815302e556|0
32|-1e-196|true|80000000|0
64|1.234567890123456789e-196|true|17427500ce7ab4d2|0
32|1.234567890123456789e-196|true|00000000|0
64|-9.999999999999999999e-196|true|9772b010d3e1cf56|0
32|-9.999999999999999999e-196|true|80000000|0
64|1e-195|true|1772b010d3e1cf56|0
32|1e-195|true|00000000|0
64|-1e-195|true|9772b010d3e1cf56|0
32|-1e-195|true|80000000|0
64|1.234567890123456789e-195|true|1777124102196207|0
32|1.234567890123456789e-195|true|00000000|0
64|-9.999999999999999999e-195|true|97a75c1508da432b|0
32|-9.999999999999999999e-195|true|80000000|0
64|1e-194|true|17a75c1508da432b|0
32|1e-194|true|00000000|0
64|-1e-194|true|97a75c1508da432b|0
32|-1e-194|true|80000000|0
64|1.234567890123456789e-194|true|17acd6d1429fba88|0
32|1.234567890123456789e-194|true|00000000|0
64|-9.999999999999999999e-194|true|97dd331a4b10d3f6|0
32|-9.999999999999999999e-194|true|80000000|0
64|1e-193|true|17dd331a4b10d3f6|0
32|1e-193|true|00000000|0
64|-1e-193|true|97dd331a4b10d3f6|0
32|-1e-193|true|80000000|0
64|1.234567890123456789e-193|true|17e20642c9a3d495|0
32|1.234567890123456789e-193|true|00000000|0
64|-9.999999999999999999e-193|true|98123ff06eea847a|0
32|-9.999999999999999999e-193|true|80000000|0
64|1e-192|true|18123ff06eea847a|0
32|1e-192|true|00000000|0
64|-1e-192|true|98123ff06eea847a|0
32|-1e-192|true|80000000|0
64|1.234567890123456789e-192|true|181687d37c0cc9bb|0
32|1.234567890123456789e-192|true|00000000|0
64|-9.999999999999999999e-192|true|9846cfec8aa52598|0
32|-9.999999999999999999e-192|true|80000000|0
64|1e-191|true|1846cfec8aa52598|0
32|1e-191|true|00000000|0
64|-1e-191|true|9846cfec8aa52598|0
32|-1e-191|true|80000000|0
64|1.234567890123456789e-191|true|184c29c85b0ffc29|0
32|1.234567890123456789e-191|true|00000000|0
64|-9.999999999999999999e-191|true|987c83e7ad4e6efe|0
32|-9.999999999999999999e-191|true|80000000|0
64|1e-190|true|187c83e7ad4e6efe|0
32|1e-190|true|00000000|0
64|-1e-190|true|987c83e7ad4e6efe|0
32|-1e-190|true|80000000|0
64|1.234567890123456789e-190|true|18819a1d38e9fd9a|0
32|1.234567890123456789e-190|true|00000000|0
64|-9.999999999999999999e-190|true|98b1d270cc51055f|0
32|-9.999999999999999999e-190|true|80000000|0
64|1e-189|true|18b1d270cc51055f|0
32|1e-189|true|00000000|0
64|-1e-189|true|98b1d270cc51055f|0
32|-1e-189|true|80000000|0
64|1.234567890123456789e-189|true|18b600a487247d00|0
32|1.234567890123456789e-189|true|00000000|0
64|-9.999999999999999999e-189|true|98e6470cff6546b6|0
32|-9.999999999999999999e-189|true|80000000|0
64|1e-188|true|18e6470cff6546b6|0
32|1e-188|true|00000000|0
64|-1e-188|true|98e6470cff6546b6|0
32|-1e-188|true|80000000|0
64|1.234567890123456789e-188|true|18eb80cda8ed9c40|0
32|1.234567890123456789e-188|true|00000000|0
64|-9.999999999999999999e-188|true|991bd8d03f3e9864|0
32|-9.999999999999999999e-188|true|80000000|0
64|1e-187|true|191bd8d03f3e9864|0
32|1e-187|true|00000000|0
64|-1e-187|true|991bd8d03f3e9864|0
32|-1e-187|true|80000000|0
64|1.234567890123456789e-187|true|19213080899481a8|0
32|1.234567890123456789e-187|true|00000000|0
64|-9.999999999999999999e-187|true|9951678227871f3e|0
32|-9.999999999999999999e-187|true|80000000|0
64|1e-186|true|1951678227871f3e|0
32|1e-186|true|00000000|0
64|-1e-186|true|9951678227871f3e|0
32|-1e-186|true|80000000|0
64|1.234567890123456789e-186|true|19557ca0abf9a212|0
32|1.234567890123456789e-186|true|00000000|0
64|-9.999999999999999999e-186|true|9985c162b168e70e|0
32|-9.999999999999999999e-186|true|80000000|0
64|1e-185|true|1985c162b168e70e|0
32|1e-185|true|00000000|0
64|-1e-185|true|9985c162b168e70e|0
32|-1e-185|true|80000000|0
64|1.234567890123456789e-185|true|198adbc8d6f80a97|0
32|1.234567890123456789e-185|true|00000000|0
64|-9.999999999999999999e-185|true|99bb31bb5dc320d2|0
32|-9.999999999999999999e-185|true|80000000|0
64|1e-184|true|19bb31bb5dc320d2|0
32|1e-184|true|00000000|0
64|-1e-184|true|99bb31bb5dc320d2|0
32|-1e-184|true|80000000|0
64|1.234567890123456789e-184|true|19c0c95d865b069e|0
32|1.234567890123456789e-184|true|00000000|0
64|-9.999999999999999999e-184|true|99f0ff151a99f483|0
32|-9.999999999999999999e-184|true|80000000|0
64|1e-183|true|19f0ff151a99f483|0
32|1e-183|true|00000000|0
64|-1e-183|true|99f0ff151a99f483|0
32|-1e-183|true|80000000|0
64|1.234567890123456789e-183|true|19f4fbb4e7f1c846|0
32|1.234567890123456789e-183|true|00000000|0
64|-9.999999999999999999e-183|true|9a253eda614071a4|0
32|-9.999999999999999999e-183|true|80000000|0
64|1e-182|true|1a253eda614071a4|0
32|1e-182|true|00000000|0
64|-1e-182|true|9a253eda614071a4|0
32|-1e-182|true|80000000|0
64|1.234567890123456789e-182|true|1a2a3aa221ee3a57|0
32|1.234567890123456789e-182|true|00000000|0
64|-9.999999999999999999e-182|true|9a5a8e90f9908e0d|0
32|-9.999999999999999999e-182|true|80000000|0
64|1e-181|true|1a5a8e90f9908e0d|0
32|1e-181|true|00000000|0
64|-1e-181|true|9a5a8e90f9908e0d|0
32|-1e-181|true|80000000|0
64|1.234567890123456789e-181|true|1a6064a55534e476|0
32|1.234567890123456789e-181|true|00000000|0
64|-9.999999999999999999e-181|true|9a90991a9bfa58c8|0
32|-9.999999999999999999e-181|true|80000000|0
64|1e-180|true|1a90991a9bfa58c8|0
32|1e-180|true|00000000|0
64|-1e-180|true|9a90991a9bfa58c8|0
32|-1e-180|true|80000000|0
64|1.234567890123456789e-180|true|1a947dceaa821d94|0
32|1.234567890123456789e-180|true|00000000|0
64|-9.999999999999999999e-180|true|9ac4bf6142f8eefa|0
32|-9.999999999999999999e-180|true|80000000|0
64|1e-179|true|1ac4bf6142f8eefa|0
32|1e-179|true|00000000|0
64|-1e-179|true|9ac4bf6142f8eefa|0
32|-1e-179|true|80000000|0
64|1.234567890123456789e-179|true|1ac99d425522a4f9|0
32|1.234567890123456789e-179|true|00000000|0
64|-9.999999999999999999e-179|true|9af9ef3993b72ab8|0
32|-9.999999999999999999e-179|true|80000000|0
64|1e-178|true|1af9ef3993b72ab8|0
32|1e-178|true|00000000|0
64|-1e-178|true|9af9ef3993b72ab8|0
32|-1e-178|true|80000000|0
64|1.234567890123456789e-178|true|1b0002497535a71c|0
32|1.234567890123456789e-178|true|00000000|0
64|-9.999999999999999999e-178|true|9b303583fc527ab3|0
32|-9.999999999999999999e-178|true|80000000|0
64|1e-177|true|1b303583fc527ab3|0
32|1e-177|true|00000000|0
64|-1e-177|true|9b303583fc527ab3|0
32|-1e-177|true|80000000|0
64|1.234567890123456789e-177|true|1b3402dbd28310e3|0
32|1.234567890123456789e-177|true|00000000|0
64|-9.999999999999999999e-177|true|9b6442e4fb671960|0
32|-9.999999999999999999e-177|true|80000000|0
64|1e-176|true|1b6442e4fb671960|0
32|1e-176|true|00000000|0
64|-1e-176|true|9b6442e4fb671960|0
32|-1e-176|true|80000000|0
64|1.234567890123456789e-176|true|1b690392c723d51b|0
32|1.234567890123456789e-176|true|00000000|0
64|-9.999999999999999999e-176|true|9b99539e3a40dfb8|0
32|-9.999999999999999999e-176|true|80000000|0
64|1e-175|true|1b99539e3a40dfb8|0
32|1e-175|true|00000000|0
64|-1e-175|true|9b99539e3a40dfb8|0
32|-1e-175|true|80000000|0
64|1.234567890123456789e-175|true|1b9f447778ecca62|0
32|1.234567890123456789e-175|true|00000000|0
64|-9.999999999999999999e-175|true|9bcfa885c8d117a6|0
32|-9.999999999999999999e-175|true|80000000|0
64|1e-174|true|1bcfa885c8d117a6|0
32|1e-174|true|00000000|0
64|-1e-174|true|9bcfa885c8d117a6|0
32|-1e-174|true|80000000|0
64|1.234567890123456789e-174|true|1bd38acaab93fe7d|0
32|1.234567890123456789e-174|true|00000000|0
64|-9.999999999999999999e-174|true|9c03c9539d82aec8|0
32|-9.999999999999999999e-174|true|80000000|0
64|1e-173|true|1c03c9539d82aec8|0
32|1e-173|true|00000000|0
64|-1e-173|true|9c03c9539d82aec8|0
32|-1e-173|true|80000000|0
64|1.234567890123456789e-173|true|1c086d7d5678fe1d|0
32|1.234567890123456789e-173|true|00000000|0
64|-9.999999999999999999e-173|true|9c38bba884e35a7a|0
32|-9.999999999999999999e-173|true|80000000|0
64|1e-172|true|1c38bba884e35a7a|0
32|1e-172|true|00000000|0
64|-1e-172|true|9c38bba884e35a7a|0
32|-1e-172|true|80000000|0
64|1.234567890123456789e-172|true|1c3e88dcac173da4|0
32|1.234567890123456789e-172|true|00000000|0
64|-9.999999999999999999e-172|true|9c6eea92a61c3118|0
32|-9.999999999999999999e-172|true|80000000|0
64|1e-171|true|1c6eea92a61c3118|0
32|1e-171|true|00000000|0
64|-1e-171|true|9c6eea92a61c3118|0
32|-1e-171|true|80000000|0
64|1.234567890123456789e-171|true|1c731589eb8e8686|0
32|1.234567890123456789e-171|true|00000000|0
64|-9.999999999999999999e-171|true|9ca3529ba7d19eaf|0
32|-9.999999999999999999e-171|true|80000000|0
64|1e-170|true|1ca3529ba7d19eaf|0
32|1e-170|true|00000000|0
64|-1e-170|true|9ca3529ba7d19eaf|0
32|-1e-170|true|80000000|0
64|1.234567890123456789e-170|true|1ca7daec66722828|0
32|1.234567890123456789e-170|true|00000000|0
64|-9.999999999999999999e-170|true|9cd8274291c6065b|0
32|-9.999999999999999999e-170|true|80000000|0
64|1e-169|true|1cd8274291c6065b|0
32|1e-169|true|00000000|0
64|-1e-169|true|9cd8274291c6065b|0
32|-1e-169|true|80000000|0
64|1.234567890123456789e-169|true|1cddd1a7800eb232|0
32|1.234567890123456789e-169|true|00000000|0
64|-9.999999999999999999e-169|true|9d0e3113363787f2|0
32|-9.999999999999999999e-169|true|80000000|0
64|1e-168|true|1d0e3113363787f2|0
32|1e-168|true|00000000|0
64|-1e-168|true|9d0e3113363787f2|0
32|-1e-168|true|80000000|0
64|1.234567890123456789e-168|true|1d12a308b0092f5f|0
32|1.234567890123456789e-168|true|00000000|0
64|-9.999999999999999999e-168|true|9d42deac01e2b4f7|0
32|-9.999999999999999999e-168|true|80000000|0
64|1e-167|true|1d42deac01e2b4f7|0
32|1e-167|true|00000000|0
64|-1e-167|true|9d42deac01e2b4f7|0
32|-1e-167|true|80000000|0
64|1.234567890123456789e-167|true|1d474bcadc0b7b37|0
32|1.234567890123456789e-167|true|00000000|0
64|-9.999999999999999999e-167|true|9d779657025b6235|0
32|-9.999999999999999999e-167|true|80000000|0
64|1e-166|true|1d779657025b6235|0
32|1e-166|true|00000000|0
64|-1e-166|true|9d779657025b6235|0
32|-1e-166|true|80000000|0
64|1.234567890123456789e-166|true|1d7d1ebd930e5a05|0
32|1.234567890123456789e-166|true|00000000|0
64|-9.999999999999999999e-166|true|9dad7becc2f23ac2|0
32|-9.999999999999999999e-166|true|80000000|0
64|1e-165|true|1dad7becc2f23ac2|0
32|1e-165|true|00000000|0
64|-1e-165|true|9dad7becc2f23ac2|0
32|-1e-165|true|80000000|0
64|1.234567890123456789e-165|true|1db233367be8f843|0
32|1.234567890123456789e-165|true|00000000|0
64|-9.999999999999999999e-165|true|9de26d73f9d764b9|0
32|-9.999999999999999999e-165|true|80000000|0
64|1e-164|true|1de26d73f9d764b9|0
32|1e-164|true|00000000|0
64|-1e-164|true|9de26d73f9d764b9|0
32|-1e-164|true|80000000|0
64|1.234567890123456789e-164|true|1de6c0041ae33654|0
32|1.234567890123456789e-164|true|00000000|0
64|-9.999999999999999999e-164|true|9e1708d0f84d3de7|0
32|-9.999999999999999999e-164|true|80000000|0
64|1e-163|true|1e1708d0f84d3de7|0
32|1e-163|true|00000000|0
64|-1e-163|true|9e1708d0f84d3de7|0
32|-1e-163|true|80000000|0
64|1.234567890123456789e-163|true|1e1c7005219c03e9|0
32|1.234567890123456789e-163|true|00000000|0
64|-9.999999999999999999e-163|true|9e4ccb0536608d61|0
32|-9.999999999999999999e-163|true|80000000|0
64|1e-162|true|1e4ccb0536608d61|0
32|1e-162|true|00000000|0
64|-1e-162|true|9e4ccb0536608d61|0
32|-1e-162|true|80000000|0
64|1.234567890123456789e-162|true|1e51c60335018271|0
32|1.234567890123456789e-162|true|00000000|0
64|-9.999999999999999999e-162|true|9e81fee341fc585d|0
32|-9.999999999999999999e-162|true|80000000|0
64|1e-161|true|1e81fee341fc585d|0
32|1e-161|true|00000000|0
64|-1e-161|true|9e81fee341fc585d|0
32|-1e-161|true|80000000|0
64|1.234567890123456789e-161|true|1e8637840241e30e|0
32|1.234567890123456789e-161|true|00000000|0
64|-9.999999999999999999e-161|true|9eb67e9c127b6e74|0
32|-9.999999999999999999e-161|true|80000000|0
64|1e-160|true|1eb67e9c127b6e74|0
32|1e-160|true|00000000|0
64|-1e-160|true|9eb67e9c127b6e74|0
32|-1e-160|true|80000000|0
64|1.234567890123456789e-160|true|1ebbc56502d25bd1|0
32|1.234567890123456789e-160|true|00000000|0
64|-9.999999999999999999e-160|true|9eec1e43171a4a11|0
32|-9.999999999999999999e-160|true|80000000|0
64|1e-159|true|1eec1e43171a4a11|0
32|1e-159|true|00000000|0
64|-1e-159|true|9eec1e43171a4a11|0
32|-1e-159|true|80000000|0
64|1.234567890123456789e-159|true|1ef15b5f21c37963|0
32|1.234567890123456789e-159|true|00000000|0
64|-9.999999999999999999e-159|true|9f2192e9ee706e4b|0
32|-9.999999999999999999e-159|true|80000000|0
64|1e-158|true|1f2192e9ee706e4b|0
32|1e-158|true|00000000|0
64|-1e-158|true|9f2192e9ee706e4b|0
32|-1e-158|true|80000000|0
64|1.234567890123456789e-158|true|1f25b236ea3457bb|0
32|1.234567890123456789e-158|true|00000000|0
64|-9.999999999999999999e-158|true|9f55f7a46a0c89dd|0
32|-9.999999999999999999e-158|true|80000000|0
64|1e-157|true|1f55f7a46a0c89dd|0
32|1e-157|true|00000000|0
64|-1e-157|true|9f55f7a46a0c89dd|0
32|-1e-157|true|80000000|0
64|1.234567890123456789e-157|true|1f5b1ec4a4c16daa|0
32|1.234567890123456789e-157|true|00000000|0
64|-9.999999999999999999e-157|true|9f8b758d848fac55|0
32|-9.999999999999999999e-157|true|80000000|0
64|1e-156|true|1f8b758d848fac55|0
32|1e-156|true|00000000|0
64|-1e-156|true|9f8b758d848fac55|0
32|-1e-156|true|80000000|0
64|1.234567890123456789e-156|true|1f90f33ae6f8e48a|0
32|1.234567890123456789e-156|true|00000000|0
64|-9.999999999999999999e-156|true|9fc1297872d9cbb5|0
32|-9.999999999999999999e-156|true|80000000|0
64|1e-155|true|1fc1297872d9cbb5|0
32|1e-155|true|00000000|0
64|-1e-155|true|9fc1297872d9cbb5|0
32|-1e-155|true|80000000|0
64|1.234567890123456789e-155|true|1fc53009a0b71dad|0
32|1.234567890123456789e-155|true|00000000|0
64|-9.999999999999999999e-155|true|9ff573d68f903ea2|0
32|-9.999999999999999999e-155|true|80000000|0
64|1e-154|true|1ff573d68f903ea2|0
32|1e-154|true|00000000|0
64|-1e-154|true|9ff573d68f903ea2|0
32|-1e-154|true|80000000|0
64|1.234567890123456789e-154|true|1ffa7c0c08e4e518|0
32|1.234567890123456789e-154|true|00000000|0
64|-9.999999999999999999e-154|true|a02ad0cc33744e4b|0
32|-9.999999999999999999e-154|true|80000000|0
64|1e-153|true|202ad0cc33744e4b|0
32|1e-153|true|00000000|0
64|-1e-153|true|a02ad0cc33744e4b|0
32|-1e-153|true|80000000|0
64|1.234567890123456789e-153|true|20308d87858f0f2f|0
32|1.234567890123456789e-153|true|00000000|0
64|-9.999999999999999999e-153|true|a060c27fa028b0ef|0
32|-9.999999999999999999e-153|true|80000000|0
64|1e-152|true|2060c27fa028b0ef|0
32|1e-152|true|00000000|0
64|-1e-152|true|a060c27fa028b0ef|0
32|-1e-152|true|80000000|0
64|1.234567890123456789e-152|true|2064b0e966f2d2fb|0
32|1.234567890123456789e-152|true|00000000|0
64|-9.999999999999999999e-152|true|a094f31f8832dd2a|0
32|-9.999999999999999999e-152|true|80000000|0
64|1e-151|true|2094f31f8832dd2a|0
32|1e-151|true|00000000|0
64|-1e-151|true|a094f31f8832dd2a|0
32|-1e-151|true|80000000|0
64|1.234567890123456789e-151|true|2099dd23c0af87ba|0
32|1.234567890123456789e-151|true|00000000|0
64|-9.999999999999999999e-151|true|a0ca2fe76a3f9475|0
32|-9.999999999999999999e-151|true|80000000|0
64|1e-150|true|20ca2fe76a3f9475|0
32|1e-150|true|00000000|0
64|-1e-150|true|a0ca2fe76a3f9475|0
32|-1e-150|true|80000000|0
64|1.234567890123456789e-150|true|20d02a36586db4d4|0
32|1.234567890123456789e-150|true|00000000|0
64|-9.999999999999999999e-150|true|a1005df0a267bcc9|0
32|-9.999999999999999999e-150|true|80000000|0
64|1e-149|true|21005df0a267bcc9|0
32|1e-149|true|00000000|0
64|-1e-149|true|a1005df0a267bcc9|0
32|-1e-149|true|80000000|0
64|1.234567890123456789e-149|true|210434c3ee892209|0
32|1.234567890123456789e-149|true|00000000|0
64|-9.999999999999999999e-149|true|a134756ccb01abfb|0
32|-9.999999999999999999e-149|true|80000000|0
64|1e-148|true|2134756ccb01abfb|0
32|1e-148|true|00000000|0
64|-1e-148|true|a134756ccb01abfb|0
32|-1e-148|true|80000000|0
64|1.234567890123456789e-148|true|213941f4ea2b6a8b|0
32|1.234567890123456789e-148|true|00000000|0
64|-9.999999999999999999e-148|true|a16992c7fdc216fa|0
32|-9.999999999999999999e-148|true|80000000|0
64|1e-147|true|216992c7fdc216fa|0
32|1e-147|true|00000000|0
64|-1e-147|true|a16992c7fdc216fa|0
32|-1e-147|true|80000000|0
64|1.234567890123456789e-147|true|216f927224b6452e|0
32|1.234567890123456789e-147|true|00000000|0
64|-9.999999999999999999e-147|true|a19ff779fd329cb9|0
32|-9.999999999999999999e-147|true|80000000|0
64|1e-146|true|219ff779fd329cb9|0
32|1e-146|true|00000000|0
64|-1e-146|true|a19ff779fd329cb9|0
32|-1e-146|true|80000000|0
64|1.234567890123456789e-146|true|21a3bb8756f1eb3d|0
32|1.234567890123456789e-146|true|00000000|0
64|-9.999999999999999999e-146|true|a1d3faac3e3fa1f3|0
32|-9.999999999999999999e-146|true|80000000|0
64|1e-145|true|21d3faac3e3fa1f3|0
32|1e-145|true|00000000|0
64|-1e-145|true|a1d3faac3e3fa1f3|0
32|-1e-145|true|80000000|0
64|1.234567890123456789e-145|true|21d8aa692cae660c|0
32|1.234567890123456789e-145|true|00000000|0
64|-9.999999999999999999e-145|true|a208f9574dcf8a70|0
32|-9.999999999999999999e-145|true|80000000|0
64|1e-144|true|2208f9574dcf8a70|0
32|1e-144|true|00000000|0
64|-1e-144|true|a208f9574dcf8a70|0
32|-1e-144|true|80000000|0
64|1.234567890123456789e-144|true|220ed50377d9ff8f|0
32|1.234567890123456789e-144|true|00000000|0
64|-9.999999999999999999e-144|true|a23f37ad21436d0c|0
32|-9.999999999999999999e-144|true|80000000|0
64|1e-143|true|223f37ad21436d0c|0
32|1e-143|true|00000000|0
64|-1e-143|true|a23f37ad21436d0c|0
32|-1e-143|true|80000000|0
64|1.234567890123456789e-143|true|224345222ae83fb9|0
32|1.234567890123456789e-143|true|00000000|0
64|-9.999999999999999999e-143|true|a27382cc34ca2428|0
32|-9.999999999999999999e-143|true|80000000|0
64|1e-142|true|227382cc34ca2428|0
32|1e-142|true|00000000|0
64|-1e-142|true|a27382cc34ca2428|0
32|-1e-142|true|80000000|0
64|1.234567890123456789e-142|true|2278166ab5a24fa8|0
32|1.234567890123456789e-142|true|00000000|0
64|-9.999999999999999999e-142|true|a2a8637f41fcad32|0
32|-9.999999999999999999e-142|true|80000000|0
64|1e-141|true|22a8637f41fcad32|0
32|1e-141|true|00000000|0
64|-1e-141|true|a2a8637f41fcad32|0
32|-1e-141|true|80000000|0
64|1.234567890123456789e-141|true|22ae1c05630ae392|0
32|1.234567890123456789e-141|true|00000000|0
64|-9.999999999999999999e-141|true|a2de7c5f127bd87e|0
32|-9.999999999999999999e-141|true|80000000|0
64|1e-140|true|22de7c5f127bd87e|0
32|1e-140|true|00000000|0
64|-1e-140|true|a2de7c5f127bd87e|0
32|-1e-140|true|80000000|0
64|1.234567890123456789e-140|true|22e2d1835de6ce3b|0
32|1.234567890123456789e-140|true|00000000|0
64|-9.999999999999999999e-140|true|a3130dbb6b8d674f|0
32|-9.999999999999999999e-140|true|80000000|0
64|1e-139|true|23130dbb6b8d674f|0
32|1e-139|true|00000000|0
64|-1e-139|true|a3130dbb6b8d674f|0
32|-1e-139|true|80000000|0
64|1.234567890123456789e-139|true|231785e4356081ca|0
32|1.234567890123456789e-139|true|00000000|0
64|-9.999999999999999999e-139|true|a347d12a4670c123|0
32|-9.999999999999999999e-139|true|80000000|0
64|1e-138|true|2347d12a4670c123|0
32|1e-138|true|00000000|0
64|-1e-138|true|a347d12a4670c123|0
32|-1e-138|true|80000000|0
64|1.234567890123456789e-138|true|234d675d42b8a23c|0
32|1.234567890123456789e-138|true|00000000|0
64|-9.999999999999999999e-138|true|a37dc574d80cf16b|0
32|-9.999999999999999999e-138|true|80000000|0
64|1e-137|true|237dc574d80cf16b|0
32|1e-137|true|00000000|0
64|-1e-137|true|a37dc574d80cf16b|0
32|-1e-137|true|80000000|0
64|1.234567890123456789e-137|true|2382609a49b36566|0
32|1.234567890123456789e-137|true|00000000|0
64|-9.999999999999999999e-137|true|a3b29b69070816e3|0
32|-9.999999999999999999e-137|true|80000000|0
64|1e-136|true|23b29b69070816e3|0
32|1e-136|true|00000000|0
64|-1e-136|true|a3b29b69070816e3|0
32|-1e-136|true|80000000|0
64|1.234567890123456789e-136|true|23b6f8c0dc203ebf|0
32|1.234567890123456789e-136|true|00000000|0
64|-9.999999999999999999e-136|true|a3e7424348ca1c9c|0
32|-9.999999999999999999e-136|true|80000000|0
64|1e-135|true|23e7424348ca1c9c|0
32|1e-135|true|00000000|0
64|-1e-135|true|a3e7424348ca1c9c|0
32|-1e-135|true|80000000|0
64|1.234567890123456789e-135|true|23ecb6f113284e6f|0
32|1.234567890123456789e-135|true|00000000|0
64|-9.999999999999999999e-135|true|a41d12d41afca3c3|0
32|-9.999999999999999999e-135|true|80000000|0
64|1e-134|true|241d12d41afca3c3|0
32|1e-134|true|00000000|0
64|-1e-134|true|a41d12d41afca3c3|0
32|-1e-134|true|80000000|0
64|1.234567890123456789e-134|true|2421f256abf93105|0
32|1.234567890123456789e-134|true|00000000|0
64|-9.999999999999999999e-134|true|a4522bc490dde65a|0
32|-9.999999999999999999e-134|true|80000000|0
64|1e-133|true|24522bc490dde65a|0
32|1e-133|true|00000000|0
64|-1e-133|true|a4522bc490dde65a|0
32|-1e-133|true|80000000|0
64|1.234567890123456789e-133|true|24566eec56f77d47|0
32|1.234567890123456789e-133|true|00000000|0
64|-9.999999999999999999e-133|true|a486b6b5b5155ff0|0
32|-9.999999999999999999e-133|true|80000000|0
64|1e-132|true|2486b6b5b5155ff0|0
32|1e-132|true|00000000|0
64|-1e-132|true|a486b6b5b5155ff0|0
32|-1e-132|true|80000000|0
64|1.234567890123456789e-132|true|248c0aa76cb55c98|0
32|1.234567890123456789e-132|true|00000000|0
64|-9.999999999999999999e-132|true|a4bc6463225ab7ec|0
32|-9.999999999999999999e-132|true|80000000|0
64|1e-131|true|24bc6463225ab7ec|0
32|1e-131|true|00000000|0
64|-1e-131|true|a4bc6463225ab7ec|0
32|-1e-131|true|80000000|0
64|1.234567890123456789e-131|true|24c186a8a3f159df|0
32|1.234567890123456789e-131|true|00000000|0
64|-9.999999999999999999e-131|true|a4f1bebdf578b2f4|0
32|-9.999999999999999999e-131|true|80000000|0
64|1e-130|true|24f1bebdf578b2f4|0
32|1e-130|true|00000000|0
64|-1e-130|true|a4f1bebdf578b2f4|0
32|-1e-130|true|80000000|0
64|1.234567890123456789e-130|true|24f5e852ccedb057|0
32|1.234567890123456789e-130|true|00000000|0
64|-9.999999999999999999e-130|true|a5262e6d72d6dfb0|0
32|-9.999999999999999999e-130|true|80000000|0
64|1e-129|true|25262e6d72d6dfb0|0
32|1e-129|true|00000000|0
64|-1e-129|true|a5262e6d72d6dfb0|0
32|-1e-129|true|80000000|0
64|1.234567890123456789e-129|true|252b626780291c6d|0
32|1.234567890123456789e-129|true|00000000|0
64|-9.999999999999999999e-129|true|a55bba08cf8c979d|0
32|-9.999999999999999999e-129|true|80000000|0
64|1e-128|true|255bba08cf8c979d|0
32|1e-128|true|00000000|0
64|-1e-128|true|a55bba08cf8c979d|0
32|-1e-128|true|80000000|0
64|1.234567890123456789e-128|true|25611d80b019b1c4|0
32|1.234567890123456789e-128|true|00000000|0
64|-9.999999999999999999e-128|true|a591544581b7dec2|0
32|-9.999999999999999999e-128|true|80000000|0
64|1e-127|true|2591544581b7dec2|0
32|1e-127|true|00000000|0
64|-1e-127|true|a591544581b7dec2|0
32|-1e-127|true|80000000|0
64|1.234567890123456789e-127|true|259564e0dc201e35|0
32|1.234567890123456789e-127|true|00000000|0
64|-9.999999999999999999e-127|true|a5c5a956e225d672|0
32|-9.999999999999999999e-127|true|80000000|0
64|1e-126|true|25c5a956e225d672|0
32|1e-126|true|00000000|0
64|-1e-126|true|a5c5a956e225d672|0
32|-1e-126|true|80000000|0
64|1.234567890123456789e-126|true|25cabe19132825c2|0
32|1.234567890123456789e-126|true|00000000|0
64|-9.999999999999999999e-126|true|a5fb13ac9aaf4c0f|0
32|-9.999999999999999999e-126|true|80000000|0
64|1e-125|true|25fb13ac9aaf4c0f|0
32|1e-125|true|00000000|0
64|-1e-125|true|a5fb13ac9aaf4c0f|0
32|-1e-125|true|80000000|0
64|1.234567890123456789e-125|true|2600b6cfabf91799|0
32|1.234567890123456789e-125|true|00000000|0
64|-9.999999999999999999e-125|true|a630ec4be0ad8f89|0
32|-9.999999999999999999e-125|true|80000000|0
64|1e-124|true|2630ec4be0ad8f89|0
32|1e-124|true|00000000|0
64|-1e-124|true|a630ec4be0ad8f89|0
32|-1e-124|true|80000000|0
64|1.234567890123456789e-124|true|2634e48396f75d80|0
32|1.234567890123456789e-124|true|00000000|0
64|-9.999999999999999999e-124|true|a665275ed8d8f36c|0
32|-9.999999999999999999e-124|true|80000000|0
64|1e-123|true|2665275ed8d8f36c|0
32|1e-123|true|00000000|0
64|-1e-123|true|a665275ed8d8f36c|0
32|-1e-123|true|80000000|0
64|1.234567890123456789e-123|true|266a1da47cb534e0|0
32|1.234567890123456789e-123|true|00000000|0
64|-9.999999999999999999e-123|true|a69a71368f0f3047|0
32|-9.999999999999999999e-123|true|80000000|0
64|1e-122|true|269a71368f0f3047|0
32|1e-122|true|00000000|0
64|-1e-122|true|a69a71368f0f3047|0
32|-1e-122|true|80000000|0
64|1.234567890123456789e-122|true|26a05286cdf1410c|0
32|1.234567890123456789e-122|true|00000000|0
64|-9.999999999999999999e-122|true|a6d086c219697e2c|0
32|-9.999999999999999999e-122|true|80000000|0
64|1e-121|true|26d086c219697e2c|0
32|1e-121|true|00000000|0
64|-1e-121|true|a6d086c219697e2c|0
32|-1e-121|true|80000000|0
64|1.234567890123456789e-121|true|26d46728816d914f|0
32|1.234567890123456789e-121|true|00000000|0
64|-9.999999999999999999e-121|true|a704a8729fc3ddb7|0
32|-9.999999999999999999e-121|true|80000000|0
64|1e-120|true|2704a8729fc3ddb7|0
32|1e-120|true|00000000|0
64|-1e-120|true|a704a8729fc3ddb7|0
32|-1e-120|true|80000000|0
64|1.234567890123456789e-120|true|270980f2a1c8f5a2|0
32|1.234567890123456789e-120|true|00000000|0
64|-9.999999999999999999e-120|true|a739d28f47b4d525|0
32|-9.999999999999999999e-120|true|80000000|0
64|1e-119|true|2739d28f47b4d525|0
32|1e-119|true|00000000|0
64|-1e-119|true|a739d28f47b4d525|0
32|-1e-119|true|80000000|0
64|1.234567890123456789e-119|true|273fe12f4a3b330b|0
32|1.234567890123456789e-119|true|00000000|0
64|-9.999999999999999999e-119|true|a77023998cd10537|0
32|-9.999999999999999999e-119|true|80000000|0
64|1e-118|true|277023998cd10537|0
32|1e-118|true|00000000|0
64|-1e-118|true|a77023998cd10537|0
32|-1e-118|true|80000000|0
64|1.234567890123456789e-118|true|2773ecbd8e64ffe7|0
32|1.234567890123456789e-118|true|00000000|0
64|-9.999999999999999999e-118|true|a7a42c7ff0054685|0
32|-9.999999999999999999e-118|true|80000000|0
64|1e-117|true|27a42c7ff0054685|0
32|1e-117|true|00000000|0
64|-1e-117|true|a7a42c7ff0054685|0
32|-1e-117|true|80000000|0
64|1.234567890123456789e-117|true|27a8e7ecf1fe3fe1|0
32|1.234567890123456789e-117|true|00000000|0
64|-9.999999999999999999e-117|true|a7d9379fec069826|0
32|-9.999999999999999999e-117|true|80000000|0
64|1e-116|true|27d9379fec069826|0
32|1e-116|true|00000000|0
64|-1e-116|true|a7d9379fec069826|0
32|-1e-116|true|80000000|0
64|1.234567890123456789e-116|true|27df21e82e7dcfd9|0
32|1.234567890123456789e-116|true|00000000|0
64|-9.999999999999999999e-116|true|a80f8587e7083e30|0
32|-9.999999999999999999e-116|true|80000000|0
64|1e-115|true|280f8587e7083e30|0
32|1e-115|true|00000000|0
64|-1e-115|true|a80f8587e7083e30|0
32|-1e-115|true|80000000|0
64|1.234567890123456789e-115|true|281375311d0ea1e8|0
32|1.234567890123456789e-115|true|00000000|0
64|-9.999999999999999999e-115|true|a843b374f06526de|0
32|-9.999999999999999999e-115|true|80000000|0
64|1e-114|true|2843b374f06526de|0
32|1e-114|true|00000000|0
64|-1e-114|true|a843b374f06526de|0
32|-1e-114|true|80000000|0
64|1.234567890123456789e-114|true|2848527d64524a61|0
32|1.234567890123456789e-114|true|00000000|0
64|-9.999999999999999999e-114|true|a878a0522c7e7095|0
32|-9.999999999999999999e-114|true|80000000|0
64|1e-113|true|2878a0522c7e7095|0
32|1e-113|true|00000000|0
64|-1e-113|true|a878a0522c7e7095|0
32|-1e-113|true|80000000|0
64|1.234567890123456789e-113|true|287e671cbd66dcfa|0
32|1.234567890123456789e-113|true|00000000|0
64|-9.999999999999999999e-113|true|a8aec866b79e0cba|0
32|-9.999999999999999999e-113|true|80000000|0
64|1e-112|true|28aec866b79e0cba|0
32|1e-112|true|00000000|0
64|-1e-112|true|a8aec866b79e0cba|0
32|-1e-112|true|80000000|0
64|1.234567890123456789e-112|true|28b30071f6604a1c|0
32|1.234567890123456789e-112|true|00000000|0
64|-9.999999999999999999e-112|true|a8e33d4032c2c7f5|0
32|-9.999999999999999999e-112|true|80000000|0
64|1e-111|true|28e33d4032c2c7f5|0
32|1e-111|true|00000000|0
64|-1e-111|true|a8e33d4032c2c7f5|0
32|-1e-111|true|80000000|0
64|1.234567890123456789e-111|true|28e7c08e73f85ca3|0
32|1.234567890123456789e-111|true|00000000|0
64|-9.999999999999999999e-111|true|a9180c903f7379f2|0
32|-9.999999999999999999e-111|true|80000000|0
64|1e-110|true|29180c903f7379f2|0
32|1e-110|true|00000000|0
64|-1e-110|true|a9180c903f7379f2|0
32|-1e-110|true|80000000|0
64|1.234567890123456789e-110|true|291db0b210f673cc|0
32|1.234567890123456789e-110|true|00000000|0
64|-9.999999999999999999e-110|true|a94e0fb44f50586e|0
32|-9.999999999999999999e-110|true|80000000|0
64|1e-109|true|294e0fb44f50586e|0
32|1e-109|true|00000000|0
64|-1e-109|true|a94e0fb44f50586e|0
32|-1e-109|true|80000000|0
64|1.234567890123456789e-109|true|29528e6f4a9a085f|0
32|1.234567890123456789e-109|true|00000000|0
64|-9.999999999999999999e-109|true|a982c9d0b1923745|0
32|-9.999999999999999999e-109|true|80000000|0
64|1e-108|true|2982c9d0b1923745|0
32|1e-108|true|00000000|0
64|-1e-108|true|a982c9d0b1923745|0
32|-1e-108|true|80000000|0
64|1.234567890123456789e-108|true|2987320b1d408a77|0
32|1.234567890123456789e-108|true|00000000|0
64|-9.999999999999999999e-108|true|a9b77c44ddf6c516|0
32|-9.999999999999999999e-108|true|80000000|0
64|1e-107|true|29b77c44ddf6c516|0
32|1e-107|true|00000000|0
64|-1e-107|true|a9b77c44ddf6c516|0
32|-1e-107|true|80000000|0
64|1.234567890123456789e-107|true|29bcfe8de490ad15|0
32|1.234567890123456789e-107|true|00000000|0
64|-9.999999999999999999e-107|true|a9ed5b561574765b|0
32|-9.999999999999999999e-107|true|80000000|0
64|1e-106|true|29ed5b561574765b|0
32|1e-106|true|00000000|0
64|-1e-106|true|a9ed5b561574765b|0
32|-1e-106|true|80000000|0
64|1.234567890123456789e-106|true|29f21f18aeda6c2d|0
32|1.234567890123456789e-106|true|00000000|0
64|-9.999999999999999999e-106|true|aa225915cd68c9f9|0
32|-9.999999999999999999e-106|true|80000000|0
64|1e-105|true|2a225915cd68c9f9|0
32|1e-105|true|00000000|0
64|-1e-105|true|aa225915cd68c9f9|0
32|-1e-105|true|80000000|0
64|1.234567890123456789e-105|true|2a26a6deda910739|0
32|1.234567890123456789e-105|true|00000000|0
64|-9.999999999999999999e-105|true|aa56ef5b40c2fc77|0
32|-9.999999999999999999e-105|true|80000000|0
64|1e-104|true|2a56ef5b40c2fc77|0
32|1e-104|true|00000000|0
64|-1e-104|true|aa56ef5b40c2fc77|0
32|-1e-104|true|80000000|0
64|1.234567890123456789e-104|true|2a5c509691354907|0
32|1.234567890123456789e-104|true|00000000|0
64|-9.999999999999999999e-104|true|aa8cab3210f3bb95|0
32|-9.999999999999999999e-104|true|80000000|0
64|1e-103|true|2a8cab3210f3bb95|0
32|1e-103|true|00000000|0
64|-1e-103|true|aa8cab3210f3bb95|0
32|-1e-103|true|80000000|0
64|1.234567890123456789e-103|true|2a91b25e1ac14da4|0
32|1.234567890123456789e-103|true|00000000|0
64|-9.999999999999999999e-103|true|aac1eaff4a98553d|0
32|-9.999999999999999999e-103|true|80000000|0
64|1e-102|true|2ac1eaff4a98553d|0
32|1e-102|true|00000000|0
64|-1e-102|true|aac1eaff4a98553d|0
32|-1e-102|true|80000000|0
64|1.234567890123456789e-102|true|2ac61ef5a171a10d|0
32|1.234567890123456789e-102|true|00000000|0
64|-9.999999999999999999e-102|true|aaf665bf1d3e6a8d|0
32|-9.999999999999999999e-102|true|80000000|0
64|1e-101|true|2af665bf1d3e6a8d|0
32|1e-101|true|00000000|0
64|-1e-101|true|aaf665bf1d3e6a8d|0
32|-1e-101|true|80000000|0
64|1.234567890123456789e-101|true|2afba6b309ce0950|0
32|1.234567890123456789e-101|true|00000000|0
64|-9.999999999999999999e-101|true|ab2bff2ee48e0530|0
32|-9.999999999999999999e-101|true|80000000|0
64|1e-100|true|2b2bff2ee48e0530|0
32|1e-100|true|00000000|0
64|-1e-100|true|ab2bff2ee48e0530|0
32|-1e-100|true|80000000|0
64|1.234567890123456789e-100|true|2b31482fe620c5d2|0
32|1.234567890123456789e-100|true|00000000|0
64|-9.999999999999999999e-100|true|ab617f7d4ed8c33e|0
32|-9.999999999999999999e-100|true|80000000|0
64|1e-99|true|2b617f7d4ed8c33e|0
32|1e-99|true|00000000|0
64|-1e-99|true|ab617f7d4ed8c33e|0
32|-1e-99|true|80000000|0
64|1.234567890123456789e-99|true|2b659a3bdfa8f747|0
32|1.234567890123456789e-99|true|00000000|0
64|-9.999999999999999999e-99|true|ab95df5ca28ef40d|0
32|-9.999999999999999999e-99|true|80000000|0
64|1e-98|true|2b95df5ca28ef40d|0
32|1e-98|true|00000000|0
64|-1e-98|true|ab95df5ca28ef40d|0
32|-1e-98|true|80000000|0
64|1.234567890123456789e-98|true|2b9b00cad7933519|0
32|1.234567890123456789e-98|true|00000000|0
64|-9.999999999999999999e-98|true|abcb5733cb32b111|0
32|-9.999999999999999999e-98|true|80000000|0
64|1e-97|true|2bcb5733cb32b111|0
32|1e-97|true|00000000|0
64|-1e-97|true|abcb5733cb32b111|0
32|-1e-97|true|80000000|0
64|1.234567890123456789e-97|true|2bd0e07ec6bc012f|0
32|1.234567890123456789e-97|true|00000000|0
64|-9.999999999999999999e-97|true|ac0116805effaeaa|0
32|-9.999999999999999999e-97|true|80000000|0
64|1e-96|true|2c0116805effaeaa|0
32|1e-96|true|00000000|0
64|-1e-96|true|ac0116805effaeaa|0
32|-1e-96|true|80000000|0
64|1.234567890123456789e-96|true|2c05189e786b017b|0
32|1.234567890123456789e-96|true|00000000|0
64|-9.999999999999999999e-96|true|ac355c2076bf9a55|0
32|-9.999999999999999999e-96|true|80000000|0
64|1e-95|true|2c355c2076bf9a55|0
32|1e-95|true|00000000|0
64|-1e-95|true|ac355c2076bf9a55|0
32|-1e-95|true|80000000|0
64|1.234567890123456789e-95|true|2c3a5ec61685c1da|0
32|1.234567890123456789e-95|true|00000000|0
64|-9.999999999999999999e-95|true|ac6ab328946f80ea|0
32|-9.999999999999999999e-95|true|80000000|0
64|1e-94|true|2c6ab328946f80ea|0
32|1e-94|true|00000000|0
64|-1e-94|true|ac6ab328946f80ea|0
32|-1e-94|true|80000000|0
64|1.234567890123456789e-94|true|2c707b3bce139928|0
32|1.234567890123456789e-94|true|00000000|0
64|-9.999999999999999999e-94|true|aca0aff95cc5b092|0
32|-9.999999999999999999e-94|true|80000000|0
64|1e-93|true|2ca0aff95cc5b092|0
32|1e-93|true|00000000|0
64|-1e-93|true|aca0aff95cc5b092|0
32|-1e-93|true|80000000|0
64|1.234567890123456789e-93|true|2ca49a0ac1987f72|0
32|1.234567890123456789e-93|true|00000000|0
64|-9.999999999999999999e-93|true|acd4dbf7b3f71cb7|0
32|-9.999999999999999999e-93|true|80000000|0
64|1e-92|true|2cd4dbf7b3f71cb7|0
32|1e-92|true|00000000|0
64|-1e-92|true|acd4dbf7b3f71cb7|0
32|-1e-92|true|80000000|0
64|1.234567890123456789e-92|true|2cd9c08d71fe9f4f|0
32|1.234567890123456789e-92|true|00000000|0
64|-9.999999999999999999e-92|true|ad0a12f5a0f4e3e5|0
32|-9.999999999999999999e-92|true|80000000|0
64|1e-91|true|2d0a12f5a0f4e3e5|0
32|1e-91|true|00000000|0
64|-1e-91|true|ad0a12f5a0f4e3e5|0
32|-1e-91|true|80000000|0
64|1.234567890123456789e-91|true|2d101858673f2391|0
32|1.234567890123456789e-91|true|00000000|0
64|-9.999999999999999999e-91|true|ad404bd984990e6f|0
32|-9.999999999999999999e-91|true|80000000|0
64|1e-90|true|2d404bd984990e6f|0
32|1e-90|true|00000000|0
64|-1e-90|true|ad404bd984990e6f|0
32|-1e-90|true|80000000|0
64|1.234567890123456789e-90|true|2d441e6e810eec76|0
32|1.234567890123456789e-90|true|00000000|0
64|-9.999999999999999999e-90|true|ad745ecfe5bf520b|0
32|-9.999999999999999999e-90|true|80000000|0
64|1e-89|true|2d745ecfe5bf520b|0
32|1e-89|true|00000000|0
64|-1e-89|true|ad745ecfe5bf520b|0
32|-1e-89|true|80000000|0
64|1.234567890123456789e-89|true|2d79260a2152a793|0
32|1.234567890123456789e-89|true|00000000|0
64|-9.999999999999999999e-89|true|ada97683df2f268d|0
32|-9.999999999999999999e-89|true|80000000|0
64|1e-88|true|2da97683df2f268d|0
32|1e-88|true|00000000|0
64|-1e-88|true|ada97683df2f268d|0
32|-1e-88|true|80000000|0
64|1.234567890123456789e-88|true|2daf6f8ca9a75178|0
32|1.234567890123456789e-88|true|00000000|0
64|-9.999999999999999999e-88|true|addfd424d6faf031|0
32|-9.999999999999999999e-88|true|80000000|0
64|1e-87|true|2ddfd424d6faf031|0
32|1e-87|true|00000000|0
64|-1e-87|true|addfd424d6faf031|0
32|-1e-87|true|80000000|0
64|1.234567890123456789e-87|true|2de3a5b7ea0892eb|0
32|1.234567890123456789e-87|true|00000000|0
64|-9.999999999999999999e-87|true|ae13e497065cd61f|0
32|-9.999999999999999999e-87|true|80000000|0
64|1e-86|true|2e13e497065cd61f|0
32|1e-86|true|00000000|0
64|-1e-86|true|ae13e497065cd61f|0
32|-1e-86|true|80000000|0
64|1.234567890123456789e-86|true|2e188f25e48ab7a6|0
32|1.234567890123456789e-86|true|00000000|0
64|-9.999999999999999999e-86|true|ae48ddbcc7f40ba6|0
32|-9.999999999999999999e-86|true|80000000|0
64|1e-85|true|2e48ddbcc7f40ba6|0
32|1e-85|true|00000000|0
64|-1e-85|true|ae48ddbcc7f40ba6|0
32|-1e-85|true|80000000|0
64|1.234567890123456789e-85|true|2e4eb2ef5dad658f|0
32|1.234567890123456789e-85|true|00000000|0
64|-9.999999999999999999e-85|true|ae7f152bf9f10e90|0
32|-9.999999999999999999e-85|true|80000000|0
64|1e-84|true|2e7f152bf9f10e90|0
32|1e-84|true|00000000|0
64|-1e-84|true|ae7f152bf9f10e90|0
32|-1e-84|true|80000000|0
64|1.234567890123456789e-84|true|2e832fd59a8c5f79|0
32|1.234567890123456789e-84|true|00000000|0
64|-9.999999999999999999e-84|true|aeb36d3b7c36a91a|0
32|-9.999999999999999999e-84|true|80000000|0
64|1e-83|true|2eb36d3b7c36a91a|0
32|1e-83|true|00000000|0
64|-1e-83|true|aeb36d3b7c36a91a|0
32|-1e-83|true|80000000|0
64|1.234567890123456789e-83|true|2eb7fbcb012f7758|0
32|1.234567890123456789e-83|true|00000000|0
64|-9.999999999999999999e-83|true|aee8488a5b445360|0
32|-9.999999999999999999e-83|true|80000000|0
64|1e-82|true|2ee8488a5b445360|0
32|1e-82|true|00000000|0
64|-1e-82|true|aee8488a5b445360|0
32|-1e-82|true|80000000|0
64|1.234567890123456789e-82|true|2eedfabdc17b552e|0
32|1.234567890123456789e-82|true|00000000|0
64|-9.999999999999999999e-82|true|af1e5aacf2156838|0
32|-9.999999999999999999e-82|true|80000000|0
64|1e-81|true|2f1e5aacf2156838|0
32|1e-81|true|00000000|0
64|-1e-81|true|af1e5aacf2156838|0
32|-1e-81|true|80000000|0
64|1.234567890123456789e-81|true|2f22bcb698ed153d|0
32|1.234567890123456789e-81|true|00000000|0
64|-9.999999999999999999e-81|true|af52f8ac174d6123|0
32|-9.999999999999999999e-81|true|80000000|0
64|1e-80|true|2f52f8ac174d6123|0
32|1e-80|true|00000000|0
64|-1e-80|true|af52f8ac174d6123|0
32|-1e-80|true|80000000|0
64|1.234567890123456789e-80|true|2f576be43f285a8c|0
32|1.234567890123456789e-80|true|00000000|0
64|-9.999999999999999999e-80|true|af87b6d71d20b96c|0
32|-9.999999999999999999e-80|true|80000000|0
64|1e-79|true|2f87b6d71d20b96c|0
32|1e-79|true|00000000|0
64|-1e-79|true|af87b6d71d20b96c|0
32|-1e-79|true|80000000|0
64|1.234567890123456789e-79|true|2f8d46dd4ef2712f|0
32|1.234567890123456789e-79|true|00000000|0
64|-9.999999999999999999e-79|true|afbda48ce468e7c7|0
32|-9.999999999999999999e-79|true|80000000|0
64|1e-78|true|2fbda48ce468e7c7|0
32|1e-78|true|00000000|0
64|-1e-78|true|afbda48ce468e7c7|0
32|-1e-78|true|80000000|0
64|1.234567890123456789e-78|true|2fc24c4a515786bd|0
32|1.234567890123456789e-78|true|00000000|0
64|-9.999999999999999999e-78|true|aff286d80ec190dc|0
32|-9.999999999999999999e-78|true|80000000|0
64|1e-77|true|2ff286d80ec190dc|0
32|1e-77|true|00000000|0
64|-1e-77|true|aff286d80ec190dc|0
32|-1e-77|true|80000000|0
64|1.234567890123456789e-77|true|2ff6df5ce5ad686c|0
32|1.234567890123456789e-77|true|00000000|0
64|-9.999999999999999999e-77|true|b027288e1271f513|0
32|-9.999999999999999999e-77|true|80000000|0
64|1e-76|true|3027288e1271f513|0
32|1e-76|true|00000000|0
64|-1e-76|true|b027288e1271f513|0
32|-1e-76|true|80000000|0
64|1.234567890123456789e-76|true|302c97341f18c287|0
32|1.234567890123456789e-76|true|00000000|0
64|-9.999999999999999999e-76|true|b05cf2b1970e7258|0
32|-9.999999999999999999e-76|true|80000000|0
64|1e-75|true|305cf2b1970e7258|0
32|1e-75|true|00000000|0
64|-1e-75|true|b05cf2b1970e7258|0
32|-1e-75|true|80000000|0
64|1.234567890123456789e-75|true|3061de80936f7995|0
32|1.234567890123456789e-75|true|00000000|0
64|-9.999999999999999999e-75|true|b09217aefe690777|0
32|-9.999999999999999999e-75|true|80000000|0
64|1e-74|true|309217aefe690777|0
32|1e-74|true|00000000|0
64|-1e-74|true|b09217aefe690777|0
32|-1e-74|true|80000000|0
64|1.234567890123456789e-74|true|30965620b84b57fa|0
32|1.234567890123456789e-74|true|00000000|0
64|-9.999999999999999999e-74|true|b0c69d9abe034955|0
32|-9.999999999999999999e-74|true|80000000|0
64|1e-73|true|30c69d9abe034955|0
32|1e-73|true|00000000|0
64|-1e-73|true|b0c69d9abe034955|0
32|-1e-73|true|80000000|0
64|1.234567890123456789e-73|true|30cbeba8e65e2df8|0
32|1.234567890123456789e-73|true|00000000|0
64|-9.999999999999999999e-73|true|b0fc45016d841baa|0
32|-9.999999999999999999e-73|true|80000000|0
64|1e-72|true|30fc45016d841baa|0
32|1e-72|true|00000000|0
64|-1e-72|true|b0fc45016d841baa|0
32|-1e-72|true|80000000|0
64|1.234567890123456789e-72|true|310173498ffadcbb|0
32|1.234567890123456789e-72|true|00000000|0
64|-9.999999999999999999e-72|true|b131ab20e472914a|0
32|-9.999999999999999999e-72|true|80000000|0
64|1e-71|true|3131ab20e472914a|0
32|1e-71|true|00000000|0
64|-1e-71|true|b131ab20e472914a|0
32|-1e-71|true|80000000|0
64|1.234567890123456789e-71|true|3135d01bf3f993ea|0
32|1.234567890123456789e-71|true|00000000|0
64|-9.999999999999999999e-71|true|b16615e91d8f359d|0
32|-9.999999999999999999e-71|true|80000000|0
64|1e-70|true|316615e91d8f359d|0
32|1e-70|true|00000000|0
64|-1e-70|true|b16615e91d8f359d|0
32|-1e-70|true|80000000|0
64|1.234567890123456789e-70|true|316b4422f0f7f8e5|0
32|1.234567890123456789e-70|true|00000000|0
64|-9.999999999999999999e-70|true|b19b9b6364f30304|0
32|-9.999999999999999999e-70|true|80000000|0
64|1e-69|true|319b9b6364f30304|0
32|1e-69|true|00000000|0
64|-1e-69|true|b19b9b6364f30304|0
32|-1e-69|true|80000000|0
64|1.234567890123456789e-69|true|31a10a95d69afb8f|0
32|1.234567890123456789e-69|true|00000000|0
64|-9.999999999999999999e-69|true|b1d1411e1f17e1e3|0
32|-9.999999999999999999e-69|true|80000000|0
64|1e-68|true|31d1411e1f17e1e3|0
32|1e-68|true|00000000|0
64|-1e-68|true|b1d1411e1f17e1e3|0
32|-1e-68|true|80000000|0
64|1.234567890123456789e-68|true|31d54d3b4c41ba73|0
32|1.234567890123456789e-68|true|00000000|0
64|-9.999999999999999999e-68|true|b2059165a6ddda5b|0
32|-9.999999999999999999e-68|true|80000000|0
64|1e-67|true|32059165a6ddda5b|0
32|1e-67|true|00000000|0
64|-1e-67|true|b2059165a6ddda5b|0
32|-1e-67|true|80000000|0
64|1.234567890123456789e-67|true|320aa08a1f52290f|0
32|1.234567890123456789e-67|true|00000000|0
64|-9.999999999999999999e-67|true|b23af5bf109550f2|0
32|-9.999999999999999999e-67|true|80000000|0
64|1e-66|true|323af5bf109550f2|0
32|1e-66|true|00000000|0
64|-1e-66|true|b23af5bf109550f2|0
32|-1e-66|true|80000000|0
64|1.234567890123456789e-66|true|3240a456539359a9|0
32|1.234567890123456789e-66|true|00000000|0
64|-9.999999999999999999e-66|true|b270d9976a5d5297|0
32|-9.999999999999999999e-66|true|80000000|0
64|1e-65|true|3270d9976a5d5297|0
32|1e-65|true|00000000|0
64|-1e-65|true|b270d9976a5d5297|0
32|-1e-65|true|80000000|0
64|1.234567890123456789e-65|true|3274cd6be8783014|0
32|1.234567890123456789e-65|true|00000000|0
64|-9.999999999999999999e-65|true|b2a50ffd44f4a73d|0
32|-9.999999999999999999e-65|true|80000000|0
64|1e-64|true|32a50ffd44f4a73d|0
32|1e-64|true|00000000|0
64|-1e-64|true|b2a50ffd44f4a73d|0
32|-1e-64|true|80000000|0
64|1.234567890123456789e-64|true|32aa00c6e2963c19|0
32|1.234567890123456789e-64|true|00000000|0
64|-9.999999999999999999e-64|true|b2da53fc9631d10d|0
32|-9.999999999999999999e-64|true|80000000|0
64|1e-63|true|32da53fc9631d10d|0
32|1e-63|true|00000000|0
64|-1e-63|true|b2da53fc9631d10d|0
32|-1e-63|true|80000000|0
64|1.234567890123456789e-63|true|32e0407c4d9de58f|0
32|1.234567890123456789e-63|true|00000000|0
64|-9.999999999999999999e-63|true|b310747ddddf22a8|0
32|-9.999999999999999999e-63|true|80000000|0
64|1e-62|true|3310747ddddf22a8|0
32|1e-62|true|00000000|0
64|-1e-62|true|b310747ddddf22a8|0
32|-1e-62|true|80000000|0
64|1.234567890123456789e-62|true|3314509b61055ef3|0
32|1.234567890123456789e-62|true|00000000|0
64|-9.999999999999999999e-62|true|b344919d5556eb52|0
32|-9.999999999999999999e-62|true|80000000|0
64|1e-61|true|3344919d5556eb52|0
32|1e-61|true|00000000|0
64|-1e-61|true|b344919d5556eb52|0
32|-1e-61|true|80000000|0
64|1.234567890123456789e-61|true|334964c23946b6b0|0
32|1.234567890123456789e-61|true|00000000|0
64|-9.999999999999999999e-61|true|b379b604aaaca626|0
32|-9.999999999999999999e-61|true|80000000|0
64|1e-60|true|3379b604aaaca626|0
32|1e-60|true|00000000|0
64|-1e-60|true|b379b604aaaca626|0
32|-1e-60|true|80000000|0
64|1.234567890123456789e-60|true|337fbdf2c798645c|0
32|1.234567890123456789e-60|true|00000000|0
64|-9.999999999999999999e-60|true|b3b011c2eaabe7d8|0
32|-9.999999999999999999e-60|true|80000000|0
64|1e-59|true|33b011c2eaabe7d8|0
32|1e-59|true|00000000|0
64|-1e-59|true|b3b011c2eaabe7d8|0
32|-1e-59|true|80000000|0
64|1.234567890123456789e-59|true|33b3d6b7bcbf3eba|0
32|1.234567890123456789e-59|true|00000000|0
64|-9.999999999999999999e-59|true|b3e41633a556e1ce|0
32|-9.999999999999999999e-59|true|80000000|0
64|1e-58|true|33e41633a556e1ce|0
32|1e-58|true|00000000|0
64|-1e-58|true|b3e41633a556e1ce|0
32|-1e-58|true|80000000|0
64|1.234567890123456789e-58|true|33e8cc65abef0e68|0
32|1.234567890123456789e-58|true|00000000|0
64|-9.999999999999999999e-58|true|b4191bc08eac9a41|0
32|-9.999999999999999999e-58|true|80000000|0
64|1e-57|true|34191bc08eac9a41|0
32|1e-57|true|00000000|0
64|-1e-57|true|b4191bc08eac9a41|0
32|-1e-57|true|80000000|0
64|1.234567890123456789e-57|true|341eff7f16ead202|0
32|1.234567890123456789e-57|true|00000000|0
64|-9.999999999999999999e-57|true|b44f62b0b257c0d2|0
32|-9.999999999999999999e-57|true|80000000|0
64|1e-56|true|344f62b0b257c0d2|0
32|1e-56|true|00000000|0
64|-1e-56|true|b44f62b0b257c0d2|0
32|-1e-56|true|80000000|0
64|1.234567890123456789e-56|true|34535faf6e52c341|0
32|1.234567890123456789e-56|true|00000000|0
64|-9.999999999999999999e-56|true|b4839dae6f76d883|0
32|-9.999999999999999999e-56|true|80000000|0
64|1e-55|true|34839dae6f76d883|0
32|1e-55|true|00000000|0
64|-1e-55|true|b4839dae6f76d883|0
32|-1e-55|true|80000000|0
64|1.234567890123456789e-55|true|3488379b49e77412|0
32|1.234567890123456789e-55|true|00000000|0
64|-9.999999999999999999e-55|true|b4b8851a0b548ea4|0
32|-9.999999999999999999e-55|true|80000000|0
64|1e-54|true|34b8851a0b548ea4|0
32|1e-54|true|00000000|0
64|-1e-54|true|b4b8851a0b548ea4|0
32|-1e-54|true|80000000|0
64|1.234567890123456789e-54|true|34be45821c615116|0
32|1.234567890123456789e-54|true|00000000|0
64|-9.999999999999999999e-54|true|b4eea6608e29b24d|0
32|-9.999999999999999999e-54|true|80000000|0
64|1e-53|true|34eea6608e29b24d|0
32|1e-53|true|00000000|0
64|-1e-53|true|b4eea6608e29b24d|0
32|-1e-53|true|80000000|0
64|1.234567890123456789e-53|true|34f2eb7151bcd2ae|0
32|1.234567890123456789e-53|true|00000000|0
64|-9.999999999999999999e-53|true|b52327fc58da0f70|0
32|-9.999999999999999999e-53|true|80000000|0
64|1e-52|true|352327fc58da0f70|0
32|1e-52|true|00000000|0
64|-1e-52|true|b52327fc58da0f70|0
32|-1e-52|true|80000000|0
64|1.234567890123456789e-52|true|3527a64da62c0759|0
32|1.234567890123456789e-52|true|00000000|0
64|-9.999999999999999999e-52|true|b557f1fb6f10934c|0
32|-9.999999999999999999e-52|true|80000000|0
64|1e-51|true|3557f1fb6f10934c|0
32|1e-51|true|00000000|0
64|-1e-51|true|b557f1fb6f10934c|0
32|-1e-51|true|80000000|0
64|1.234567890123456789e-51|true|355d8fe10fb70930|0
32|1.234567890123456789e-51|true|00000000|0
64|-9.999999999999999999e-51|true|b58dee7a4ad4b81f|0
32|-9.999999999999999999e-51|true|80000000|0
64|1e-50|true|358dee7a4ad4b81f|0
32|1e-50|true|00000000|0
64|-1e-50|true|b58dee7a4ad4b81f|0
32|-1e-50|true|80000000|0
64|1.234567890123456789e-50|true|359279eca9d265be|0
32|1.234567890123456789e-50|true|00000000|0
64|-9.999999999999999999e-50|true|b5c2b50c6ec4f313|0
32|-9.999999999999999999e-50|true|80000000|0
64|1e-49|true|35c2b50c6ec4f313|0
32|1e-49|true|00000000|0
64|-1e-49|true|b5c2b50c6ec4f313|0
32|-1e-49|true|80000000|0
64|1.234567890123456789e-49|true|35c71867d446ff2d|0
32|1.234567890123456789e-49|true|00000000|0
64|-9.999999999999999999e-49|true|b5f7624f8a762fd8|0
32|-9.999999999999999999e-49|true|80000000|0
64|1e-48|true|35f7624f8a762fd8|0
32|1e-48|true|00000000|0
64|-1e-48|true|b5f7624f8a762fd8|0
32|-1e-48|true|80000000|0
64|1.234567890123456789e-48|true|35fcde81c958bef8|0
32|1.234567890123456789e-48|true|00000000|0
64|-9.999999999999999999e-48|true|b62d3ae36d13bbce|0
32|-9.999999999999999999e-48|true|80000000|0
64|1e-47|true|362d3ae36d13bbce|0
32|1e-47|true|00000000|0
64|-1e-47|true|b62d3ae36d13bbce|0
32|-1e-47|true|80000000|0
64|1.234567890123456789e-47|true|36320b111dd7775b|0
32|1.234567890123456789e-47|true|00000000|0
64|-9.999999999999999999e-47|true|b66244ce242c5561|0
32|-9.999999999999999999e-47|true|80000000|0
64|1e-46|true|366244ce242c5561|0
32|1e-46|true|00000000|0
64|-1e-46|true|b66244ce242c5561|0
32|-1e-46|true|80000000|0
64|1.234567890123456789e-46|true|36668dd5654d5532|0
32|1.234567890123456789e-46|true|00000000|0
64|-9.999999999999999999e-46|true|b696d601ad376ab9|0
32|-9.999999999999999999e-46|true|80000001|0
64|1e-45|true|3696d601ad376ab9|0
32|1e-45|true|00000001|0
64|-1e-45|true|b696d601ad376ab9|0
32|-1e-45|true|80000001|0
64|1.234567890123456789e-45|true|369c314abea0aa7f|0
32|1.234567890123456789e-45|true|00000001|0
64|-9.999999999999999999e-45|true|b6cc8b8218854567|0
32|-9.999999999999999999e-45|true|80000007|0
64|1e-44|true|36cc8b8218854567|0
32|1e-44|true|00000007|0
64|-1e-44|true|b6cc8b8218854567|0
32|-1e-44|true|80000007|0
64|1.234567890123456789e-44|true|36d19eceb7246a8f|0
32|1.234567890123456789e-44|true|00000009|0
64|-9.999999999999999999e-44|true|b701d7314f534b61|0
32|-9.999999999999999999e-44|true|80000047|0
64|1e-43|true|3701d7314f534b61|0
32|1e-43|true|00000047|0
64|-1e-43|true|b701d7314f534b61|0
32|-1e-43|true|80000047|0
64|1.234567890123456789e-43|true|3706068264ed8533|0
32|1.234567890123456789e-43|true|00000058|0
64|-9.999999999999999999e-43|true|b7364cfda3281e39|0
32|-9.999999999999999999e-43|true|800002ca|0
64|1e-42|true|37364cfda3281e39|0
32|1e-42|true|000002ca|0
64|-1e-42|true|b7364cfda3281e39|0
32|-1e-42|true|800002ca|0
64|1.234567890123456789e-42|true|373b8822fe28e680|0
32|1.234567890123456789e-42|true|00000371|0
64|-9.999999999999999999e-42|true|b76be03d0bf225c7|0
32|-9.999999999999999999e-42|true|80001be0|0
64|1e-41|true|376be03d0bf225c7|0
32|1e-41|true|00001be0|0
64|-1e-41|true|b76be03d0bf225c7|0
32|-1e-41|true|80001be0|0
64|1.234567890123456789e-41|true|37713515ded99010|0
32|1.234567890123456789e-41|true|0000226a|0
64|-9.999999999999999999e-41|true|b7a16c262777579c|0
32|-9.999999999999999999e-41|true|800116c2|0
64|1e-40|true|37a16c262777579c|0
32|1e-40|true|000116c2|0
64|-1e-40|true|b7a16c262777579c|0
32|-1e-40|true|800116c2|0
64|1.234567890123456789e-40|true|37a5825b568ff414|0
32|1.234567890123456789e-40|true|00015826|0
64|-9.999999999999999999e-40|true|b7d5c72fb1552d83|0
32|-9.999999999999999999e-40|true|800ae398|0
64|1e-39|true|37d5c72fb1552d83|0
32|1e-39|true|000ae398|0
64|-1e-39|true|b7d5c72fb1552d83|0
32|-1e-39|true|800ae398|0
64|1.234567890123456789e-39|true|37dae2f22c33f119|0
32|1.234567890123456789e-39|true|000d7179|0
64|-9.999999999999999999e-39|true|b80b38fb9daa78e4|0
32|-9.999999999999999999e-39|true|806ce3ee|0
64|1e-38|true|380b38fb9daa78e4|0
32|1e-38|true|006ce3ee|0
64|-1e-38|true|b80b38fb9daa78e4|0
32|-1e-38|true|806ce3ee|0
64|1.234567890123456789e-38|true|3810cdd75ba076af|0
32|1.234567890123456789e-38|true|00866ebb|0
64|-9.999999999999999999e-38|true|b841039d428a8b8f|0
32|-9.999999999999999999e-38|true|82081cea|0
64|1e-37|true|3841039d428a8b8f|0
32|1e-37|true|02081cea|0
64|-1e-37|true|b841039d428a8b8f|0
32|-1e-37|true|82081cea|0
64|1.234567890123456789e-37|true|3845014d3288945b|0
32|1.234567890123456789e-37|true|02280a6a|0
64|-9.999999999999999999e-37|true|b8754484932d2e72|0
32|-9.999999999999999999e-37|true|83aa2425|0
64|1e-36|true|38754484932d2e72|0
32|1e-36|true|03aa2425|0
64|-1e-36|true|b8754484932d2e72|0
32|-1e-36|true|83aa2425|0
64|1.234567890123456789e-36|true|387a41a07f2ab972|0
32|1.234567890123456789e-36|true|03d20d04|0
64|-9.999999999999999999e-36|true|b8aa95a5b7f87a0f|0
32|-9.999999999999999999e-36|true|8554ad2e|0
64|1e-35|true|38aa95a5b7f87a0f|0
32|1e-35|true|0554ad2e|0
64|-1e-35|true|b8aa95a5b7f87a0f|0
32|-1e-35|true|8554ad2e|0
64|1.234567890123456789e-35|true|38b069044f7ab3e7|0
32|1.234567890123456789e-35|true|05834822|0
64|-9.999999999999999999e-35|true|b8e09d8792fb4c49|0
32|-9.999999999999999999e-35|true|8704ec3d|0
64|1e-34|true|38e09d8792fb4c49|0
32|1e-34|true|0704ec3d|0
64|-1e-34|true|b8e09d8792fb4c49|0
32|-1e-34|true|8704ec3d|0
64|1.234567890123456789e-34|true|38e48345635960e1|0
32|1.234567890123456789e-34|true|07241a2b|0
64|-9.999999999999999999e-34|true|b914c4e977ba1f5c|0
32|-9.999999999999999999e-34|true|88a6274c|0
64|1e-33|true|3914c4e977ba1f5c|0
32|1e-33|true|08a6274c|0
64|-1e-33|true|b914c4e977ba1f5c|0
32|-1e-33|true|88a6274c|0
64|1.234567890123456789e-33|true|3919a416bc2fb919|0
32|1.234567890123456789e-33|true|08cd20b6|0
64|-9.999999999999999999e-33|true|b949f623d5a8a733|0
32|-9.999999999999999999e-33|true|8a4fb11f|0
64|1e-32|true|3949f623d5a8a733|0
32|1e-32|true|0a4fb11f|0
64|-1e-32|true|b949f623d5a8a733|0
32|-1e-32|true|8a4fb11f|0
64|1.234567890123456789e-32|true|3950068e359dd3b0|0
32|1.234567890123456789e-32|true|0a803472|0
64|-9.999999999999999999e-32|true|b98039d665896880|0
32|-9.999999999999999999e-32|true|8c01ceb3|0
64|1e-31|true|398039d665896880|0
32|1e-31|true|0c01ceb3|0
64|-1e-31|true|b98039d665896880|0
32|-1e-31|true|8c01ceb3|0
64|1.234567890123456789e-31|true|39840831c305489c|0
32|1.234567890123456789e-31|true|0c20418e|0
64|-9.999999999999999999e-31|true|b9b4484bfeebc2a0|0
32|-9.999999999999999999e-31|true|8da24260|0
64|1e-30|true|39b4484bfeebc2a0|0
32|1e-30|true|0da24260|0
64|-1e-30|true|b9b4484bfeebc2a0|0
32|-1e-30|true|8da24260|0
64|1.234567890123456789e-30|true|39b90a3e33c69ac3|0
32|1.234567890123456789e-30|true|0dc851f2|0
64|-9.999999999999999999e-30|true|b9e95a5efea6b347|0
32|-9.999999999999999999e-30|true|8f4ad2f8|0
64|1e-29|true|39e95a5efea6b347|0
32|1e-29|true|0f4ad2f8|0
64|-1e-29|true|b9e95a5efea6b347|0
32|-1e-29|true|8f4ad2f8|0
64|1.234567890123456789e-29|true|39ef4ccdc0b84173|0
32|1.234567890123456789e-29|true|0f7a666e|0
64|-9.999999999999999999e-29|true|ba1fb0f6be506019|0
32|-9.999999999999999999e-29|true|90fd87b6|0
64|1e-28|true|3a1fb0f6be506019|0
32|1e-28|true|10fd87b6|0
64|-1e-28|true|ba1fb0f6be506019|0
32|-1e-28|true|90fd87b6|0
64|1.234567890123456789e-28|true|3a239000987328e8|0
32|1.234567890123456789e-28|true|111c8005|0
64|-9.999999999999999999e-28|true|ba53ce9a36f23c10|0
32|-9.999999999999999999e-28|true|929e74d2|0
64|1e-27|true|3a53ce9a36f23c10|0
32|1e-27|true|129e74d2|0
64|-1e-27|true|ba53ce9a36f23c10|0
32|-1e-27|true|929e74d2|0
64|1.234567890123456789e-27|true|3a587400be8ff322|0
32|1.234567890123456789e-27|true|12c3a006|0
64|-9.999999999999999999e-27|true|ba88c240c4aecb14|0
32|-9.999999999999999999e-27|true|94461206|0
64|1e-26|true|3a88c240c4aecb14|0
32|1e-26|true|14461206|0
64|-1e-26|true|ba88c240c4aecb14|0
32|-1e-26|true|94461206|0
64|1.234567890123456789e-26|true|3a8e9100ee33efeb|0
32|1.234567890123456789e-26|true|14748807|0
64|-9.999999999999999999e-26|true|babef2d0f5da7dd9|0
32|-9.999999999999999999e-26|true|95f79688|0
64|1e-25|true|3abef2d0f5da7dd9|0
32|1e-25|true|15f79688|0
64|-1e-25|true|babef2d0f5da7dd9|0
32|-1e-25|true|95f79688|0
64|1.234567890123456789e-25|true|3ac31aa094e075f3|0
32|1.234567890123456789e-25|true|1618d505|0
64|-9.999999999999999999e-25|true|baf357c299a88ea7|0
32|-9.999999999999999999e-25|true|979abe15|0
64|1e-24|true|3af357c299a88ea7|0
32|1e-24|true|179abe15|0
64|-1e-24|true|baf357c299a88ea7|0
32|-1e-24|true|979abe15|0
64|1.234567890123456789e-24|true|3af7e148ba18936f|0
32|1.234567890123456789e-24|true|17bf0a46|0
64|-9.999999999999999999e-24|true|bb282db34012b251|0
32|-9.999999999999999999e-24|true|99416d9a|0
64|1e-23|true|3b282db34012b251|0
32|1e-23|true|19416d9a|0
64|-1e-23|true|bb282db34012b251|0
32|-1e-23|true|99416d9a|0
64|1.234567890123456789e-23|true|3b2dd99ae89eb84b|0
32|1.234567890123456789e-23|true|196eccd7|0
64|-9.999999999999999999e-23|true|bb5e392010175ee6|0
32|-9.999999999999999999e-23|true|9af1c901|0
64|1e-22|true|3b5e392010175ee6|0
32|1e-22|true|1af1c901|0
64|-1e-22|true|bb5e392010175ee6|0
32|-1e-22|true|9af1c901|0
64|1.234567890123456789e-22|true|3b62a800d163332f|0
32|1.234567890123456789e-22|true|1b154007|0
64|-9.999999999999999999e-22|true|bb92e3b40a0e9b4f|0
32|-9.999999999999999999e-22|true|9c971da0|0
64|1e-21|true|3b92e3b40a0e9b4f|0
32|1e-21|true|1c971da0|0
64|-1e-21|true|bb92e3b40a0e9b4f|0
32|-1e-21|true|9c971da0|0
64|1.234567890123456789e-21|true|3b97520105bbfffb|0
32|1.234567890123456789e-21|true|1cba9008|0
64|-9.999999999999999999e-21|true|bbc79ca10c924223|0
32|-9.999999999999999999e-21|true|9e3ce508|0
64|1e-20|true|3bc79ca10c924223|0
32|1e-20|true|1e3ce508|0
64|-1e-20|true|bbc79ca10c924223|0
32|-1e-20|true|9e3ce508|0
64|1.234567890123456789e-20|true|3bcd2681472afffa|0
32|1.234567890123456789e-20|true|1e69340a|0
64|-9.999999999999999999e-20|true|bbfd83c94fb6d2ac|0
32|-9.999999999999999999e-20|true|9fec1e4a|0
64|1e-19|true|3bfd83c94fb6d2ac|0
32|1e-19|true|1fec1e4a|0
64|-1e-19|true|bbfd83c94fb6d2ac|0
32|-1e-19|true|9fec1e4a|0
64|1.234567890123456789e-19|true|3c023810cc7adffc|0
32|1.234567890123456789e-19|true|2011c086|0
64|-9.999999999999999999e-19|true|bc32725dd1d243ac|0
32|-9.999999999999999999e-19|true|a19392ef|0
64|1e-18|true|3c32725dd1d243ac|0
32|1e-18|true|219392ef|0
64|-1e-18|true|bc32725dd1d243ac|0
32|-1e-18|true|a19392ef|0
64|1.234567890123456789e-18|true|3c36c614ff9997fb|0
32|1.234567890123456789e-18|true|21b630a8|0
64|-9.999999999999999999e-18|true|bc670ef54646d497|0
32|-9.999999999999999999e-18|true|a33877aa|0
64|1e-17|true|3c670ef54646d497|0
32|1e-17|true|233877aa|0
64|-1e-17|true|bc670ef54646d497|0
32|-1e-17|true|a33877aa|0
64|1.234567890123456789e-17|true|3c6c779a3f7ffdfa|0
32|1.234567890123456789e-17|true|2363bcd2|0
64|-9.999999999999999999e-17|true|bc9cd2b297d889bc|0
32|-9.999999999999999999e-17|true|a4e69595|0
64|1e-16|true|3c9cd2b297d889bc|0
32|1e-16|true|24e69595|0
64|-1e-16|true|bc9cd2b297d889bc|0
32|-1e-16|true|a4e69595|0
64|1.234567890123456789e-16|true|3ca1cac067affebc|0
32|1.234567890123456789e-16|true|250e5603|0
64|-9.999999999999999999e-16|true|bcd203af9ee75616|0
32|-9.999999999999999999e-16|true|a6901d7d|0
64|1e-15|true|3cd203af9ee75616|0
32|1e-15|true|26901d7d|0
64|-1e-15|true|bcd203af9ee75616|0
32|-1e-15|true|a6901d7d|0
64|1.234567890123456789e-15|true|3cd63d70819bfe6b|0
32|1.234567890123456789e-15|true|26b1eb84|0
64|-9.999999999999999999e-15|true|bd06849b86a12b9b|0
32|-9.999999999999999999e-15|true|a83424dc|0
64|1e-14|true|3d06849b86a12b9b|0
32|1e-14|true|283424dc|0
64|-1e-14|true|bd06849b86a12b9b|0
32|-1e-14|true|a83424dc|0
64|1.234567890123456789e-14|true|3d0bcccca202fe06|0
32|1.234567890123456789e-14|true|285e6665|0
64|-9.999999999999999999e-14|true|bd3c25c268497682|0
32|-9.999999999999999999e-14|true|a9e12e13|0
64|1e-13|true|3d3c25c268497682|0
32|1e-13|true|29e12e13|0
64|-1e-13|true|bd3c25c268497682|0
32|-1e-13|true|a9e12e13|0
64|1.234567890123456789e-13|true|3d415fffe541dec4|0
32|1.234567890123456789e-13|true|2a0affff|0
64|-9.999999999999999999e-13|true|bd719799812dea11|0
32|-9.999999999999999999e-13|true|ab8cbccc|0
64|1e-12|true|3d719799812dea11|0
32|1e-12|true|2b8cbccc|0
64|-1e-12|true|bd719799812dea11|0
32|-1e-12|true|ab8cbccc|0
64|1.234567890123456789e-12|true|3d75b7ffde925675|0
32|1.234567890123456789e-12|true|2badbfff|0
64|-9.999999999999999999e-12|true|bda5fd7fe1796495|0
32|-9.999999999999999999e-12|true|ad2febff|0
64|1e-11|true|3da5fd7fe1796495|0
32|1e-11|true|2d2febff|0
64|-1e-11|true|bda5fd7fe1796495|0
32|-1e-11|true|ad2febff|0
64|1.234567890123456789e-11|true|3dab25ffd636ec12|0
32|1.234567890123456789e-11|true|2d592fff|0
64|-9.999999999999999999e-11|true|bddb7cdfd9d7bdbb|0
32|-9.999999999999999999e-11|true|aedbe6ff|0
64|1e-10|true|3ddb7cdfd9d7bdbb|0
32|1e-10|true|2edbe6ff|0
64|-1e-10|true|bddb7cdfd9d7bdbb|0
32|-1e-10|true|aedbe6ff|0
64|1.234567890123456789e-10|true|3de0f7bfe5e2538b|0
32|1.234567890123456789e-10|true|2f07bdff|0
64|-9.999999999999999999e-10|true|be112e0be826d695|0
32|-9.999999999999999999e-10|true|b089705f|0
64|1e-9|true|3e112e0be826d695|0
32|1e-9|true|3089705f|0
64|-1e-9|true|be112e0be826d695|0
32|-1e-9|true|b089705f|0
64|1.234567890123456789e-9|true|3e1535afdf5ae86e|0
32|1.234567890123456789e-9|true|30a9ad7f|0
64|-9.999999999999999999e-9|true|be45798ee2308c3a|0
32|-9.999999999999999999e-9|true|b22bcc77|0
64|1e-8|true|3e45798ee2308c3a|0
32|1e-8|true|322bcc77|0
64|-1e-8|true|be45798ee2308c3a|0
32|-1e-8|true|b22bcc77|0
64|1.234567890123456789e-8|true|3e4a831bd731a289|0
32|1.234567890123456789e-8|true|325418df|0
64|-9.999999999999999999e-8|true|be7ad7f29abcaf48|0
32|-9.999999999999999999e-8|true|b3d6bf95|0
64|1e-7|true|3e7ad7f29abcaf48|0
32|1e-7|true|33d6bf95|0
64|-1e-7|true|be7ad7f29abcaf48|0
32|-1e-7|true|b3d6bf95|0
64|1.234567890123456789e-7|true|3e8091f1667f0596|0
32|1.234567890123456789e-7|true|34048f8b|0
64|-9.999999999999999999e-7|true|beb0c6f7a0b5ed8d|0
32|-9.999999999999999999e-7|true|b58637bd|0
64|1e-6|true|3eb0c6f7a0b5ed8d|0
32|1e-6|true|358637bd|0
64|-1e-6|true|beb0c6f7a0b5ed8d|0
32|-1e-6|true|b58637bd|0
64|1.234567890123456789e-6|true|3eb4b66dc01ec6fb|0
32|1.234567890123456789e-6|true|35a5b36e|0
64|-9.999999999999999999e-6|true|bee4f8b588e368f1|0
32|-9.999999999999999999e-6|true|b727c5ac|0
64|1e-5|true|3ee4f8b588e368f1|0
32|1e-5|true|3727c5ac|0
64|-1e-5|true|bee4f8b588e368f1|0
32|-1e-5|true|b727c5ac|0
64|1.234567890123456789e-5|true|3ee9e409302678ba|0
32|1.234567890123456789e-5|true|374f204a|0
64|-9.999999999999999999e-5|true|bf1a36e2eb1c432d|0
32|-9.999999999999999999e-5|true|b8d1b717|0
64|1e-4|true|3f1a36e2eb1c432d|0
32|1e-4|true|38d1b717|0
64|-1e-4|true|bf1a36e2eb1c432d|0
32|-1e-4|true|b8d1b717|0
64|1.234567890123456789e-4|true|3f202e85be180b74|0
32|1.234567890123456789e-4|true|3901742e|0
64|-9.999999999999999999e-4|true|bf50624dd2f1a9fc|0
32|-9.999999999999999999e-4|true|ba83126f|0
64|1e-3|true|3f50624dd2f1a9fc|0
32|1e-3|true|3a83126f|0
64|-1e-3|true|bf50624dd2f1a9fc|0
32|-1e-3|true|ba83126f|0
64|1.234567890123456789e-3|true|3f543a272d9e0e51|0
32|1.234567890123456789e-3|true|3aa1d139|0
64|-9.999999999999999999e-3|true|bf847ae147ae147b|0
32|-9.999999999999999999e-3|true|bc23d70a|0
64|1e-2|true|3f847ae147ae147b|0
32|1e-2|true|3c23d70a|0
64|-1e-2|true|bf847ae147ae147b|0
32|-1e-2|true|bc23d70a|0
64|1.234567890123456789e-2|true|3f8948b0f90591e6|0
32|1.234567890123456789e-2|true|3c4a4588|0
64|-9.999999999999999999e-2|true|bfb999999999999a|0
32|-9.999999999999999999e-2|true|bdcccccd|0
64|1e-1|true|3fb999999999999a|0
32|1e-1|true|3dcccccd|0
64|-1e-1|true|bfb999999999999a|0
32|-1e-1|true|bdcccccd|0
64|1.234567890123456789e-1|true|3fbf9add3746f65f|0
32|1.234567890123456789e-1|true|3dfcd6ea|0
64|-9.999999999999999999e-1|true|bff0000000000000|0
32|-9.999999999999999999e-1|true|bf800000|0
64|1e0|true|3ff0000000000000|0
32|1e0|true|3f800000|0
64|-1e0|true|bff0000000000000|0
32|-1e0|true|bf800000|0
64|1.234567890123456789e0|true|3ff3c0ca428c59fb|0
32|1.234567890123456789e0|true|3f9e0652|0
64|-9.999999999999999999e0|true|c024000000000000|0
32|-9.999999999999999999e0|true|c1200000|0
64|1e1|true|4024000000000000|0
32|1e1|true|41200000|0
64|-1e1|true|c024000000000000|0
32|-1e1|true|c1200000|0
64|1.234567890123456789e1|true|4028b0fcd32f707a|0
32|1.234567890123456789e1|true|414587e7|0
64|-9.999999999999999999e1|true|c059000000000000|0
32|-9.999999999999999999e1|true|c2c80000|0
64|1e2|true|4059000000000000|0
32|1e2|true|42c80000|0
64|-1e2|true|c059000000000000|0
32|-1e2|true|c2c80000|0
64|1.234567890123456789e2|true|405edd3c07fb4c99|0
32|1.234567890123456789e2|true|42f6e9e0|0
64|-9.999999999999999999e2|true|c08f400000000000|0
32|-9.999999999999999999e2|true|c47a0000|0
64|1e3|true|408f400000000000|0
32|1e3|true|447a0000|0
64|-1e3|true|c08f400000000000|0
32|-1e3|true|c47a0000|0
64|1.234567890123456789e3|true|40934a4584fd0fe0|0
32|1.234567890123456789e3|true|449a522c|0
64|-9.999999999999999999e3|true|c0c3880000000000|0
32|-9.999999999999999999e3|true|c61c4000|0
64|1e4|true|40c3880000000000|0
32|1e4|true|461c4000|0
64|-1e4|true|c0c3880000000000|0
32|-1e4|true|c61c4000|0
64|1.234567890123456789e4|true|40c81cd6e63c53d7|0
32|1.234567890123456789e4|true|4640e6b7|0
64|-9.999999999999999999e4|true|c0f86a0000000000|0
32|-9.999999999999999999e4|true|c7c35000|0
64|1e5|true|40f86a0000000000|0
32|1e5|true|47c35000|0
64|-1e5|true|c0f86a0000000000|0
32|-1e5|true|c7c35000|0
64|1.234567890123456789e5|true|40fe240c9fcb68cd|0
32|1.234567890123456789e5|true|47f12065|0
64|-9.999999999999999999e5|true|c12e848000000000|0
32|-9.999999999999999999e5|true|c9742400|0
64|1e6|true|412e848000000000|0
32|1e6|true|49742400|0
64|-1e6|true|c12e848000000000|0
32|-1e6|true|c9742400|0
64|1.234567890123456789e6|true|4132d687e3df2180|0
32|1.234567890123456789e6|true|4996b43f|0
64|-9.999999999999999999e6|true|c16312d000000000|0
32|-9.999999999999999999e6|true|cb189680|0
64|1e7|true|416312d000000000|0
32|1e7|true|4b189680|0
64|-1e7|true|c16312d000000000|0
32|-1e7|true|cb189680|0
64|1.234567890123456789e7|true|41678c29dcd6e9e0|0
32|1.234567890123456789e7|true|4b3c614f|0
64|-9.999999999999999999e7|true|c197d78400000000|0
32|-9.999999999999999999e7|true|ccbebc20|0
64|1e8|true|4197d78400000000|0
32|1e8|true|4cbebc20|0
64|-1e8|true|c197d78400000000|0
32|-1e8|true|ccbebc20|0
64|1.234567890123456789e8|true|419d6f34540ca458|0
32|1.234567890123456789e8|true|4ceb79a3|0
64|-9.999999999999999999e8|true|c1cdcd6500000000|0
32|-9.999999999999999999e8|true|ce6e6b28|0
64|1e9|true|41cdcd6500000000|0
32|1e9|true|4e6e6b28|0
64|-1e9|true|c1cdcd6500000000|0
32|-1e9|true|ce6e6b28|0
64|1.234567890123456789e9|true|41d26580b487e6b7|0
32|1.234567890123456789e9|true|4e932c06|0
64|-9.999999999999999999e9|true|c202a05f20000000|0
32|-9.999999999999999999e9|true|d01502f9|0
64|1e10|true|4202a05f20000000|0
32|1e10|true|501502f9|0
64|-1e10|true|c202a05f20000000|0
32|-1e10|true|d01502f9|0
64|1.234567890123456789e10|true|4206fee0e1a9e065|0
32|1.234567890123456789e10|true|5037f707|0
64|-9.999999999999999999e10|true|c2374876e8000000|0
32|-9.999999999999999999e10|true|d1ba43b7|0
64|1e11|true|42374876e8000000|0
32|1e11|true|51ba43b7|0
64|-1e11|true|c2374876e8000000|0
32|-1e11|true|d1ba43b7|0
64|1.234567890123456789e11|true|423cbe991a14587e|0
32|1.234567890123456789e11|true|51e5f4c9|0
64|-9.999999999999999999e11|true|c26d1a94a2000000|0
32|-9.999999999999999999e11|true|d368d4a5|0
64|1e12|true|426d1a94a2000000|0
32|1e12|true|5368d4a5|0
64|-1e12|true|c26d1a94a2000000|0
32|-1e12|true|d368d4a5|0
64|1.234567890123456789e12|true|4271f71fb04cb74f|0
32|1.234567890123456789e12|true|538fb8fe|0
64|-9.999999999999999999e12|true|c2a2309ce5400000|0
32|-9.999999999999999999e12|true|d51184e7|0
64|1e13|true|42a2309ce5400000|0
32|1e13|true|551184e7|0
64|-1e13|true|c2a2309ce5400000|0
32|-1e13|true|d51184e7|0
64|1.234567890123456789e13|true|42a674e79c5fe523|0
32|1.234567890123456789e13|true|5533a73d|0
64|-9.999999999999999999e13|true|c2d6bcc41e900000|0
32|-9.999999999999999999e13|true|d6b5e621|0
64|1e14|true|42d6bcc41e900000|0
32|1e14|true|56b5e621|0
64|-1e14|true|c2d6bcc41e900000|0
32|-1e14|true|d6b5e621|0
64|1.234567890123456789e14|true|42dc12218377de6b|0
32|1.234567890123456789e14|true|56e0910c|0
64|-9.999999999999999999e14|true|c30c6bf526340000|0
32|-9.999999999999999999e14|true|d8635fa9|0
64|1e15|true|430c6bf526340000|0
32|1e15|true|58635fa9|0
64|-1e15|true|c30c6bf526340000|0
32|-1e15|true|d8635fa9|0
64|1.234567890123456789e15|true|43118b54f22aeb03|0
32|1.234567890123456789e15|true|588c5aa8|0
64|-9.999999999999999999e15|true|c341c37937e08000|0
32|-9.999999999999999999e15|true|da0e1bca|0
64|1e16|true|4341c37937e08000|0
32|1e16|true|5a0e1bca|0
64|-1e16|true|c341c37937e08000|0
32|-1e16|true|da0e1bca|0
64|1.234567890123456789e16|true|4345ee2a2eb5a5c4|0
32|1.234567890123456789e16|true|5a2f7151|0
64|-9.999999999999999999e16|true|c376345785d8a000|0
32|-9.999999999999999999e16|true|dbb1a2bc|0
64|1e17|true|4376345785d8a000|0
32|1e17|true|5bb1a2bc|0
64|-1e17|true|c376345785d8a000|0
32|-1e17|true|dbb1a2bc|0
64|1.234567890123456789e17|true|437b69b4ba630f35|0
32|1.234567890123456789e17|true|5bdb4da6|0
64|-9.999999999999999999e17|true|c3abc16d674ec800|0
32|-9.999999999999999999e17|true|dd5e0b6b|0
64|1e18|true|43abc16d674ec800|0
32|1e18|true|5d5e0b6b|0
64|-1e18|true|c3abc16d674ec800|0
32|-1e18|true|dd5e0b6b|0
64|1.234567890123456789e18|true|43b12210f47de981|0
32|1.234567890123456789e18|true|5d891088|0
64|-9.999999999999999999e18|true|c3e158e460913d00|0
32|-9.999999999999999999e18|true|df0ac723|0
64|1e19|true|43e158e460913d00|0
32|1e19|true|5f0ac723|0
64|-1e19|true|c3e158e460913d00|0
32|-1e19|true|df0ac723|0
64|1.234567890123456789e19|true|43e56a95319d63e1|0
32|1.234567890123456789e19|true|5f2b54aa|0
64|-9.999999999999999999e19|true|c415af1d78b58c40|0
32|-9.999999999999999999e19|true|e0ad78ec|0
64|1e20|true|4415af1d78b58c40|0
32|1e20|true|60ad78ec|0
64|-1e20|true|c415af1d78b58c40|0
32|-1e20|true|e0ad78ec|0
64|1.234567890123456789e20|true|441ac53a7e04bcda|0
32|1.234567890123456789e20|true|60d629d4|0
64|-9.999999999999999999e20|true|c44b1ae4d6e2ef50|0
32|-9.999999999999999999e20|true|e258d727|0
64|1e21|true|444b1ae4d6e2ef50|0
32|1e21|true|6258d727|0
64|-1e21|true|c44b1ae4d6e2ef50|0
32|-1e21|true|e258d727|0
64|1.234567890123456789e21|true|4450bb448ec2f608|0
32|1.234567890123456789e21|true|6285da24|0
64|-9.999999999999999999e21|true|c480f0cf064dd592|0
32|-9.999999999999999999e21|true|e4078678|0
64|1e22|true|4480f0cf064dd592|0
32|1e22|true|64078678|0
64|-1e22|true|c480f0cf064dd592|0
32|-1e22|true|e4078678|0
64|1.234567890123456789e22|true|4484ea15b273b38a|0
32|1.234567890123456789e22|true|642750ae|0
64|-9.999999999999999999e22|true|c4b52d02c7e14af6|0
32|-9.999999999999999999e22|true|e5a96816|0
64|1e23|true|44b52d02c7e14af6|0
32|1e23|true|65a96816|0
64|-1e23|true|c4b52d02c7e14af6|0
32|-1e23|true|e5a96816|0
64|1.234567890123456789e23|true|44ba249b1f10a06d|0
32|1.234567890123456789e23|true|65d124d9|0
64|-9.999999999999999999e23|true|c4ea784379d99db4|0
32|-9.999999999999999999e23|true|e753c21c|0
64|1e24|true|44ea784379d99db4|0
32|1e24|true|6753c21c|0
64|-1e24|true|c4ea784379d99db4|0
32|-1e24|true|e753c21c|0
64|1.234567890123456789e24|true|44f056e0f36a6444|0
32|1.234567890123456789e24|true|6782b708|0
64|-9.999999999999999999e24|true|c5208b2a2c280291|0
32|-9.999999999999999999e24|true|e9045951|0
64|1e25|true|45208b2a2c280291|0
32|1e25|true|69045951|0
64|-1e25|true|c5208b2a2c280291|0
32|-1e25|true|e9045951|0
64|1.234567890123456789e25|true|45246c993044fd55|0
32|1.234567890123456789e25|true|692364ca|0
64|-9.999999999999999999e25|true|c554adf4b7320335|0
32|-9.999999999999999999e25|true|eaa56fa6|0
64|1e26|true|4554adf4b7320335|0
32|1e26|true|6aa56fa6|0
64|-1e26|true|c554adf4b7320335|0
32|-1e26|true|eaa56fa6|0
64|1.234567890123456789e26|true|455987bf7c563caa|0
32|1.234567890123456789e26|true|6acc3dfc|0
64|-9.999999999999999999e26|true|c589d971e4fe8402|0
32|-9.999999999999999999e26|true|ec4ecb8f|0
64|1e27|true|4589d971e4fe8402|0
32|1e27|true|6c4ecb8f|0
64|-1e27|true|c589d971e4fe8402|0
32|-1e27|true|ec4ecb8f|0
64|1.234567890123456789e27|true|458fe9af5b6bcbd5|0
32|1.234567890123456789e27|true|6c7f4d7b|0
64|-9.999999999999999999e27|true|c5c027e72f1f1281|0
32|-9.999999999999999999e27|true|ee013f39|0
64|1e28|true|45c027e72f1f1281|0
32|1e28|true|6e013f39|0
64|-1e28|true|c5c027e72f1f1281|0
32|-1e28|true|ee013f39|0
64|1.234567890123456789e28|true|45c3f20d99235f65|0
32|1.234567890123456789e28|true|6e1f906d|0
64|-9.999999999999999999e28|true|c5f431e0fae6d721|0
32|-9.999999999999999999e28|true|efa18f08|0
64|1e29|true|45f431e0fae6d721|0
32|1e29|true|6fa18f08|0
64|-1e29|true|c5f431e0fae6d721|0
32|-1e29|true|efa18f08|0
64|1.234567890123456789e29|true|45f8ee90ff6c373e|0
32|1.234567890123456789e29|true|6fc77488|0
64|-9.999999999999999999e29|true|c6293e5939a08cea|0
32|-9.999999999999999999e29|true|f149f2ca|0
64|1e30|true|46293e5939a08cea|0
32|1e30|true|7149f2ca|0
64|-1e30|true|c6293e5939a08cea|0
32|-1e30|true|f149f2ca|0
64|1.234567890123456789e30|true|462f2a353f47450e|0
32|1.234567890123456789e30|true|717951aa|0
64|-9.999999999999999999e30|true|c65f8def8808b024|0
32|-9.999999999999999999e30|true|f2fc6f7c|0
64|1e31|true|465f8def8808b024|0
32|1e31|true|72fc6f7c|0
64|-1e31|true|c65f8def8808b024|0
32|-1e31|true|f2fc6f7c|0
64|1.234567890123456789e31|true|46637a61478c8b28|0
32|1.234567890123456789e31|true|731bd30a|0
64|-9.999999999999999999e31|true|c693b8b5b5056e17|0
32|-9.999999999999999999e31|true|f49dc5ae|0
64|1e32|true|4693b8b5b5056e17|0
32|1e32|true|749dc5ae|0
64|-1e32|true|c693b8b5b5056e17|0
32|-1e32|true|f49dc5ae|0
64|1.234567890123456789e32|true|469858f9996fadf3|0
32|1.234567890123456789e32|true|74c2c7cd|0
64|-9.999999999999999999e32|true|c6c8a6e32246c99c|0
32|-9.999999999999999999e32|true|f6453719|0
64|1e33|true|46c8a6e32246c99c|0
32|1e33|true|76453719|0
64|-1e33|true|c6c8a6e32246c99c|0
32|-1e33|true|f6453719|0
64|1.234567890123456789e33|true|46ce6f37ffcb996f|0
32|1.234567890123456789e33|true|767379c0|0
64|-9.999999999999999999e33|true|c6fed09bead87c03|0
32|-9.999999999999999999e33|true|f7f684df|0
64|1e34|true|46fed09bead87c03|0
32|1e34|true|77f684df|0
64|-1e34|true|c6fed09bead87c03|0
32|-1e34|true|f7f684df|0
64|1.234567890123456789e34|true|47030582ffdf3fe6|0
32|1.234567890123456789e34|true|78182c18|0
64|-9.999999999999999999e34|true|c733426172c74d82|0
32|-9.999999999999999999e34|true|f99a130c|0
64|1e35|true|4733426172c74d82|0
32|1e35|true|799a130c|0
64|-1e35|true|c733426172c74d82|0
32|-1e35|true|f99a130c|0
64|1.234567890123456789e35|true|4737c6e3bfd70fdf|0
32|1.234567890123456789e35|true|79be371e|0
64|-9.999999999999999999e35|true|c76812f9cf7920e3|0
32|-9.999999999999999999e35|true|fb4097ce|0
64|1e36|true|476812f9cf7920e3|0
32|1e36|true|7b4097ce|0
64|-1e36|true|c76812f9cf7920e3|0
32|-1e36|true|fb4097ce|0
64|1.234567890123456789e36|true|476db89cafccd3d7|0
32|1.234567890123456789e36|true|7b6dc4e5|0
64|-9.999999999999999999e36|true|c79e17b84357691b|0
32|-9.999999999999999999e36|true|fcf0bdc2|0
64|1e37|true|479e17b84357691b|0
32|1e37|true|7cf0bdc2|0
64|-1e37|true|c79e17b84357691b|0
32|-1e37|true|fcf0bdc2|0
64|1.234567890123456789e37|true|47a29361ede00466|0
32|1.234567890123456789e37|true|7d149b0f|0
64|-9.999999999999999999e37|true|c7d2ced32a16a1b1|0
32|-9.999999999999999999e37|true|fe967699|0
64|1e38|true|47d2ced32a16a1b1|0
32|1e38|true|7e967699|0
64|-1e38|true|c7d2ced32a16a1b1|0
32|-1e38|true|fe967699|0
64|1.234567890123456789e38|true|47d7383a69580580|0
32|1.234567890123456789e38|true|7eb9c1d3|0
64|-9.999999999999999999e38|true|c8078287f49c4a1d|0
32|-9.999999999999999999e38|false|ff7fffff|0
64|1e39|true|48078287f49c4a1d|0
32|1e39|false|7f7fffff|0
64|-1e39|true|c8078287f49c4a1d|0
32|-1e39|false|ff7fffff|0
64|1.234567890123456789e39|true|480d064903ae06e0|0
32|1.234567890123456789e39|false|7f7fffff|0
64|-9.999999999999999999e39|true|c83d6329f1c35ca5|0
32|-9.999999999999999999e39|false|ff7fffff|0
64|1e40|true|483d6329f1c35ca5|0
32|1e40|false|7f7fffff|0
64|-1e40|true|c83d6329f1c35ca5|0
32|-1e40|false|ff7fffff|0
64|1.234567890123456789e40|true|484223eda24cc44c|0
32|1.234567890123456789e40|false|7f7fffff|0
64|-9.999999999999999999e40|true|c8725dfa371a19e7|0
32|-9.999999999999999999e40|false|ff7fffff|0
64|1e41|true|48725dfa371a19e7|0
32|1e41|false|7f7fffff|0
64|-1e41|true|c8725dfa371a19e7|0
32|-1e41|false|ff7fffff|0
64|1.234567890123456789e41|true|4876ace90adff55f|0
32|1.234567890123456789e41|false|7f7fffff|0
64|-9.999999999999999999e41|true|c8a6f578c4e0a061|0
32|-9.999999999999999999e41|false|ff7fffff|0
64|1e42|true|48a6f578c4e0a061|0
32|1e42|false|7f7fffff|0
64|-1e42|true|c8a6f578c4e0a061|0
32|-1e42|false|ff7fffff|0
64|1.234567890123456789e42|true|48ac58234d97f2b6|0
32|1.234567890123456789e42|false|7f7fffff|0
64|-9.999999999999999999e42|true|c8dcb2d6f618c879|0
32|-9.999999999999999999e42|false|ff7fffff|0
64|1e43|true|48dcb2d6f618c879|0
32|1e43|false|7f7fffff|0
64|-1e43|true|c8dcb2d6f618c879|0
32|-1e43|false|ff7fffff|0
64|1.234567890123456789e43|true|48e1b716107ef7b2|0
32|1.234567890123456789e43|false|7f7fffff|0
64|-9.999999999999999999e43|true|c911efc659cf7d4c|0
32|-9.999999999999999999e43|false|ff7fffff|0
64|1e44|true|4911efc659cf7d4c|0
32|1e44|false|7f7fffff|0
64|-1e44|true|c911efc659cf7d4c|0
32|-1e44|false|ff7fffff|0
64|1.234567890123456789e44|true|491624db949eb59e|0
32|1.234567890123456789e44|false|7f7fffff|0
64|-9.999999999999999999e44|true|c9466bb7f0435c9e|0
32|-9.999999999999999999e44|false|ff7fffff|0
64|1e45|true|49466bb7f0435c9e|0
32|1e45|false|7f7fffff|0
64|-1e45|true|c9466bb7f0435c9e|0
32|-1e45|false|ff7fffff|0
64|1.234567890123456789e45|true|494bae1279c66306|0
32|1.234567890123456789e45|false|7f7fffff|0
64|-9.999999999999999999e45|true|c97c06a5ec5433c6|0
32|-9.999999999999999999e45|false|ff7fffff|0
64|1e46|true|497c06a5ec5433c6|0
32|1e46|false|7f7fffff|0
64|-1e46|true|c97c06a5ec5433c6|0
32|-1e46|false|ff7fffff|0
64|1.234567890123456789e46|true|49814ccb8c1bfde4|0
32|1.234567890123456789e46|false|7f7fffff|0
64|-9.999999999999999999e46|true|c9b18427b3b4a05c|0
32|-9.999999999999999999e46|false|ff7fffff|0
64|1e47|true|49b18427b3b4a05c|0
32|1e47|false|7f7fffff|0
64|-1e47|true|c9b18427b3b4a05c|0
32|-1e47|false|ff7fffff|0
64|1.234567890123456789e47|true|49b59ffe6f22fd5d|0
32|1.234567890123456789e47|false|7f7fffff|0
64|-9.999999999999999999e47|true|c9e5e531a0a1c873|0
32|-9.999999999999999999e47|false|ff7fffff|0
64|1e48|true|49e5e531a0a1c873|0
32|1e48|false|7f7fffff|0
64|-1e48|true|c9e5e531a0a1c873|0
32|-1e48|false|ff7fffff|0
64|1.234567890123456789e48|true|49eb07fe0aebbcb4|0
32|1.234567890123456789e48|false|7f7fffff|0
64|-9.999999999999999999e48|true|ca1b5e7e08ca3a8f|0
32|-9.999999999999999999e48|false|ff7fffff|0
64|1e49|true|4a1b5e7e08ca3a8f|0
32|1e49|false|7f7fffff|0
64|-1e49|true|ca1b5e7e08ca3a8f|0
32|-1e49|false|ff7fffff|0
64|1.234567890123456789e49|true|4a20e4fec6d355f0|0
32|1.234567890123456789e49|false|7f7fffff|0
64|-9.999999999999999999e49|true|ca511b0ec57e649a|0
32|-9.999999999999999999e49|false|ff7fffff|0
64|1e50|true|4a511b0ec57e649a|0
32|1e50|false|7f7fffff|0
64|-1e50|true|ca511b0ec57e649a|0
32|-1e50|false|ff7fffff|0
64|1.234567890123456789e50|true|4a551e3e78882b6d|0
32|1.234567890123456789e50|false|7f7fffff|0
64|-9.999999999999999999e50|true|ca8561d276ddfdc0|0
32|-9.999999999999999999e50|false|ff7fffff|0
64|1e51|true|4a8561d276ddfdc0|0
32|1e51|false|7f7fffff|0
64|-1e51|true|ca8561d276ddfdc0|0
32|-1e51|false|ff7fffff|0
64|1.234567890123456789e51|true|4a8a65ce16aa3648|0
32|1.234567890123456789e51|false|7f7fffff|0
64|-9.999999999999999999e51|true|cababa4714957d30|0
32|-9.999999999999999999e51|false|ff7fffff|0
64|1e52|true|4ababa4714957d30|0
32|1e52|false|7f7fffff|0
64|-1e52|true|cababa4714957d30|0
32|-1e52|false|ff7fffff|0
64|1.234567890123456789e52|true|4ac07fa0ce2a61ed|0
32|1.234567890123456789e52|false|7f7fffff|0
64|-9.999999999999999999e52|true|caf0b46c6cdd6e3e|0
32|-9.999999999999999999e52|false|ff7fffff|0
64|1e53|true|4af0b46c6cdd6e3e|0
32|1e53|false|7f7fffff|0
64|-1e53|true|caf0b46c6cdd6e3e|0
32|-1e53|false|ff7fffff|0
64|1.234567890123456789e53|true|4af49f8901b4fa68|0
32|1.234567890123456789e53|false|7f7fffff|0
64|-9.999999999999999999e53|true|cb24e1878814c9ce|0
32|-9.999999999999999999e53|false|ff7fffff|0
64|1e54|true|4b24e1878814c9ce|0
32|1e54|false|7f7fffff|0
64|-1e54|true|cb24e1878814c9ce|0
32|-1e54|false|ff7fffff|0
64|1.234567890123456789e54|true|4b29c76b42223902|0
32|1.234567890123456789e54|false|7f7fffff|0
64|-9.999999999999999999e54|true|cb5a19e96a19fc41|0
32|-9.999999999999999999e54|false|ff7fffff|0
64|1e55|true|4b5a19e96a19fc41|0
32|1e55|false|7f7fffff|0
64|-1e55|true|cb5a19e96a19fc41|0
32|-1e55|false|ff7fffff|0
64|1.234567890123456789e55|true|4b601ca3095563a1|0
32|1.234567890123456789e55|false|7f7fffff|0
64|-9.999999999999999999e55|true|cb905031e2503da9|0
32|-9.999999999999999999e55|false|ff7fffff|0
64|1e56|true|4b905031e2503da9|0
32|1e56|false|7f7fffff|0
64|-1e56|true|cb905031e2503da9|0
32|-1e56|false|ff7fffff|0
64|1.234567890123456789e56|true|4b9423cbcbaabc8a|0
32|1.234567890123456789e56|false|7f7fffff|0
64|-9.999999999999999999e56|true|cbc4643e5ae44d13|0
32|-9.999999999999999999e56|false|ff7fffff|0
64|1e57|true|4bc4643e5ae44d13|0
32|1e57|false|7f7fffff|0
64|-1e57|true|cbc4643e5ae44d13|0
32|-1e57|false|ff7fffff|0
64|1.234567890123456789e57|true|4bc92cbebe956bac|0
32|1.234567890123456789e57|false|7f7fffff|0
64|-9.999999999999999999e57|true|cbf97d4df19d6057|0
32|-9.999999999999999999e57|false|ff7fffff|0
64|1e58|true|4bf97d4df19d6057|0
32|1e58|false|7f7fffff|0
64|-1e58|true|cbf97d4df19d6057|0
32|-1e58|false|ff7fffff|0
64|1.234567890123456789e58|true|4bff77ee6e3ac697|0
32|1.234567890123456789e58|false|7f7fffff|0
64|-9.999999999999999999e58|true|cc2fdca16e04b86d|0
32|-9.999999999999999999e58|false|ff7fffff|0
64|1e59|true|4c2fdca16e04b86d|0
32|1e59|false|7f7fffff|0
64|-1e59|true|cc2fdca16e04b86d|0
32|-1e59|false|ff7fffff|0
64|1.234567890123456789e59|true|4c33aaf504e4bc1e|0
32|1.234567890123456789e59|false|7f7fffff|0
64|-9.999999999999999999e59|true|cc63e9e4e4c2f344|0
32|-9.999999999999999999e59|false|ff7fffff|0
64|1e60|true|4c63e9e4e4c2f344|0
32|1e60|false|7f7fffff|0
64|-1e60|true|cc63e9e4e4c2f344|0
32|-1e60|false|ff7fffff|0
64|1.234567890123456789e60|true|4c6895b2461deb26|0
32|1.234567890123456789e60|false|7f7fffff|0
64|-9.999999999999999999e60|true|cc98e45e1df3b015|0
32|-9.999999999999999999e60|false|ff7fffff|0
64|1e61|true|4c98e45e1df3b015|0
32|1e61|false|7f7fffff|0
64|-1e61|true|cc98e45e1df3b015|0
32|-1e61|false|ff7fffff|0
64|1.234567890123456789e61|true|4c9ebb1ed7a565ef|0
32|1.234567890123456789e61|false|7f7fffff|0
64|-9.999999999999999999e61|true|cccf1d75a5709c1b|0
32|-9.999999999999999999e61|false|ff7fffff|0
64|1e62|true|4ccf1d75a5709c1b|0
32|1e62|false|7f7fffff|0
64|-1e62|true|cccf1d75a5709c1b|0
32|-1e62|false|ff7fffff|0
64|1.234567890123456789e62|true|4cd334f346c75fb6|0
32|1.234567890123456789e62|false|7f7fffff|0
64|-9.999999999999999999e62|true|cd03726987666191|0
32|-9.999999999999999999e62|false|ff7fffff|0
64|1e63|true|4d03726987666191|0
32|1e63|false|7f7fffff|0
64|-1e63|true|cd03726987666191|0
32|-1e63|false|ff7fffff|0
64|1.234567890123456789e63|true|4d080230187937a3|0
32|1.234567890123456789e63|false|7f7fffff|0
64|-9.999999999999999999e63|true|cd384f03e93ff9f5|0
32|-9.999999999999999999e63|false|ff7fffff|0
64|1e64|true|4d384f03e93ff9f5|0
32|1e64|false|7f7fffff|0
64|-1e64|true|cd384f03e93ff9f5|0
32|-1e64|false|ff7fffff|0
64|1.234567890123456789e64|true|4d3e02bc1e97858c|0
32|1.234567890123456789e64|false|7f7fffff|0
64|-9.999999999999999999e64|true|cd6e62c4e38ff872|0
32|-9.999999999999999999e64|false|ff7fffff|0
64|1e65|true|4d6e62c4e38ff872|0
32|1e65|false|7f7fffff|0
64|-1e65|true|cd6e62c4e38ff872|0
32|-1e65|false|ff7fffff|0
64|1.234567890123456789e65|true|4d72c1b5931eb377|0
32|1.234567890123456789e65|false|7f7fffff|0
64|-9.999999999999999999e65|true|cda2fdbb0e39fb47|0
32|-9.999999999999999999e65|false|ff7fffff|0
64|1e66|true|4da2fdbb0e39fb47|0
32|1e66|false|7f7fffff|0
64|-1e66|true|cda2fdbb0e39fb47|0
32|-1e66|false|ff7fffff|0
64|1.234567890123456789e66|true|4da77222f7e66055|0
32|1.234567890123456789e66|false|7f7fffff|0
64|-9.999999999999999999e66|true|cdd7bd29d1c87a19|0
32|-9.999999999999999999e66|false|ff7fffff|0
64|1e67|true|4dd7bd29d1c87a19|0
32|1e67|false|7f7fffff|0
64|-1e67|true|cdd7bd29d1c87a19|0
32|-1e67|false|ff7fffff|0
64|1.234567890123456789e67|true|4ddd4eabb5dff86b|0
32|1.234567890123456789e67|false|7f7fffff|0
64|-9.999999999999999999e67|true|ce0dac74463a989f|0
32|-9.999999999999999999e67|false|ff7fffff|0
64|1e68|true|4e0dac74463a989f|0
32|1e68|false|7f7fffff|0
64|-1e68|true|ce0dac74463a989f|0
32|-1e68|false|ff7fffff|0
64|1.234567890123456789e68|true|4e12512b51abfb43|0
32|1.234567890123456789e68|false|7f7fffff|0
64|-9.999999999999999999e68|true|ce428bc8abe49f64|0
32|-9.999999999999999999e68|false|ff7fffff|0
64|1e69|true|4e428bc8abe49f64|0
32|1e69|false|7f7fffff|0
64|-1e69|true|ce428bc8abe49f64|0
32|-1e69|false|ff7fffff|0
64|1.234567890123456789e69|true|4e46e5762616fa13|0
32|1.234567890123456789e69|false|7f7fffff|0
64|-9.999999999999999999e69|true|ce772ebad6ddc73d|0
32|-9.999999999999999999e69|false|ff7fffff|0
64|1e70|true|4e772ebad6ddc73d|0
32|1e70|false|7f7fffff|0
64|-1e70|true|ce772ebad6ddc73d|0
32|-1e70|false|ff7fffff|0
64|1.234567890123456789e70|true|4e7c9ed3af9cb898|0
32|1.234567890123456789e70|false|7f7fffff|0
64|-9.999999999999999999e70|true|ceacfa698c95390c|0
32|-9.999999999999999999e70|false|ff7fffff|0
64|1e71|true|4eacfa698c95390c|0
32|1e71|false|7f7fffff|0
64|-1e71|true|ceacfa698c95390c|0
32|-1e71|false|ff7fffff|0
64|1.234567890123456789e71|true|4eb1e3444dc1f35f|0
32|1.234567890123456789e71|false|7f7fffff|0
64|-9.999999999999999999e71|true|cee21c81f7dd43a7|0
32|-9.999999999999999999e71|false|ff7fffff|0
64|1e72|true|4ee21c81f7dd43a7|0
32|1e72|false|7f7fffff|0
64|-1e72|true|cee21c81f7dd43a7|0
32|-1e72|false|ff7fffff|0
64|1.234567890123456789e72|true|4ee65c1561327037|0
32|1.234567890123456789e72|false|7f7fffff|0
64|-9.999999999999999999e72|true|cf16a3a275d49491|0
32|-9.999999999999999999e72|false|ff7fffff|0
64|1e73|true|4f16a3a275d49491|0
32|1e73|false|7f7fffff|0
64|-1e73|true|cf16a3a275d49491|0
32|-1e73|false|ff7fffff|0
64|1.234567890123456789e73|true|4f1bf31ab97f0c45|0
32|1.234567890123456789e73|false|7f7fffff|0
64|-9.999999999999999999e73|true|cf4c4c8b1349b9b5|0
32|-9.999999999999999999e73|false|ff7fffff|0
64|1e74|true|4f4c4c8b1349b9b5|0
32|1e74|false|7f7fffff|0
64|-1e74|true|cf4c4c8b1349b9b5|0
32|-1e74|false|ff7fffff|0
64|1.234567890123456789e74|true|4f5177f0b3ef67ab|0
32|1.234567890123456789e74|false|7f7fffff|0
64|-9.999999999999999999e74|true|cf81afd6ec0e1411|0
32|-9.999999999999999999e74|false|ff7fffff|0
64|1e75|true|4f81afd6ec0e1411|0
32|1e75|false|7f7fffff|0
64|-1e75|true|cf81afd6ec0e1411|0
32|-1e75|false|ff7fffff|0
64|1.234567890123456789e75|true|4f85d5ece0eb4196|0
32|1.234567890123456789e75|false|7f7fffff|0
64|-9.999999999999999999e75|true|cfb61bcca7119916|0
32|-9.999999999999999999e75|false|ff7fffff|0
64|1e76|true|4fb61bcca7119916|0
32|1e76|false|7f7fffff|0
64|-1e76|true|cfb61bcca7119916|0
32|-1e76|false|ff7fffff|0
64|1.234567890123456789e76|true|4fbb4b68192611fb|0
32|1.234567890123456789e76|false|7f7fffff|0
64|-9.999999999999999999e76|true|cfeba2bfd0d5ff5b|0
32|-9.999999999999999999e76|false|ff7fffff|0
64|1e77|true|4feba2bfd0d5ff5b|0
32|1e77|false|7f7fffff|0
64|-1e77|true|cfeba2bfd0d5ff5b|0
32|-1e77|false|ff7fffff|0
64|1.234567890123456789e77|true|4ff10f210fb7cb3d|0
32|1.234567890123456789e77|false|7f7fffff|0
64|-9.999999999999999999e77|true|d02145b7e285bf99|0
32|-9.999999999999999999e77|false|ff7fffff|0
64|1e78|true|502145b7e285bf99|0
32|1e78|false|7f7fffff|0
64|-1e78|true|d02145b7e285bf99|0
32|-1e78|false|ff7fffff|0
64|1.234567890123456789e78|true|502552e953a5be0c|0
32|1.234567890123456789e78|false|7f7fffff|0
64|-9.999999999999999999e78|true|d0559725db272f7f|0
32|-9.999999999999999999e78|false|ff7fffff|0
64|1e79|true|50559725db272f7f|0
32|1e79|false|7f7fffff|0
64|-1e79|true|d0559725db272f7f|0
32|-1e79|false|ff7fffff|0
64|1.234567890123456789e79|true|505aa7a3a88f2d8f|0
32|1.234567890123456789e79|false|7f7fffff|0
64|-9.999999999999999999e79|true|d08afcef51f0fb5f|0
32|-9.999999999999999999e79|false|ff7fffff|0
64|1e80|true|508afcef51f0fb5f|0
32|1e80|false|7f7fffff|0
64|-1e80|true|d08afcef51f0fb5f|0
32|-1e80|false|ff7fffff|0
64|1.234567890123456789e80|true|5090a8c649597c79|0
32|1.234567890123456789e80|false|7f7fffff|0
64|-9.999999999999999999e80|true|d0c0de1593369d1b|0
32|-9.999999999999999999e80|false|ff7fffff|0
64|1e81|true|50c0de1593369d1b|0
32|1e81|false|7f7fffff|0
64|-1e81|true|d0c0de1593369d1b|0
32|-1e81|false|ff7fffff|0
64|1.234567890123456789e81|true|50c4d2f7dbafdb98|0
32|1.234567890123456789e81|false|7f7fffff|0
64|-9.999999999999999999e81|true|d0f5159af8044462|0
32|-9.999999999999999999e81|false|ff7fffff|0
64|1e82|true|50f5159af8044462|0
32|1e82|false|7f7fffff|0
64|-1e82|true|d0f5159af8044462|0
32|-1e82|false|ff7fffff|0
64|1.234567890123456789e82|true|50fa07b5d29bd27e|0
32|1.234567890123456789e82|false|7f7fffff|0
64|-9.999999999999999999e82|true|d12a5b01b605557b|0
32|-9.999999999999999999e82|false|ff7fffff|0
64|1e83|true|512a5b01b605557b|0
32|1e83|false|7f7fffff|0
64|-1e83|true|d12a5b01b605557b|0
32|-1e83|false|ff7fffff|0
64|1.234567890123456789e83|true|513044d1a3a1638f|0
32|1.234567890123456789e83|false|7f7fffff|0
64|-9.999999999999999999e83|true|d16078e111c3556d|0
32|-9.999999999999999999e83|false|ff7fffff|0
64|1e84|true|516078e111c3556d|0
32|1e84|false|7f7fffff|0
64|-1e84|true|d16078e111c3556d|0
32|-1e84|false|ff7fffff|0
64|1.234567890123456789e84|true|516456060c89bc72|0
32|1.234567890123456789e84|false|7f7fffff|0
64|-9.999999999999999999e84|true|d194971956342ac8|0
32|-9.999999999999999999e84|false|ff7fffff|0
64|1e85|true|5194971956342ac8|0
32|1e85|false|7f7fffff|0
64|-1e85|true|d194971956342ac8|0
32|-1e85|false|ff7fffff|0
64|1.234567890123456789e85|true|51996b878fac2b8f|0
32|1.234567890123456789e85|false|7f7fffff|0
64|-9.999999999999999999e85|true|d1c9bcdfabc1357a|0
32|-9.999999999999999999e85|false|ff7fffff|0
64|1e86|true|51c9bcdfabc1357a|0
32|1e86|false|7f7fffff|0
64|-1e86|true|d1c9bcdfabc1357a|0
32|-1e86|false|ff7fffff|0
64|1.234567890123456789e86|true|51cfc66973973672|0
32|1.234567890123456789e86|false|7f7fffff|0
64|-9.999999999999999999e86|true|d200160bcb58c16c|0
32|-9.999999999999999999e86|false|ff7fffff|0
64|1e87|true|5200160bcb58c16c|0
32|1e87|false|7f7fffff|0
64|-1e87|true|d200160bcb58c16c|0
32|-1e87|false|ff7fffff|0
64|1.234567890123456789e87|true|5203dc01e83e8208|0
32|1.234567890123456789e87|false|7f7fffff|0
64|-9.999999999999999999e87|true|d2341b8ebe2ef1c7|0
32|-9.999999999999999999e87|false|ff7fffff|0
64|1e88|true|52341b8ebe2ef1c7|0
32|1e88|false|7f7fffff|0
64|-1e88|true|d2341b8ebe2ef1c7|0
32|-1e88|false|ff7fffff|0
64|1.234567890123456789e88|true|5238d302624e2289|0
32|1.234567890123456789e88|false|7f7fffff|0
64|-9.999999999999999999e88|true|d26922726dbaae39|0
32|-9.999999999999999999e88|false|ff7fffff|0
64|1e89|true|526922726dbaae39|0
32|1e89|false|7f7fffff|0
64|-1e89|true|d26922726dbaae39|0
32|-1e89|false|ff7fffff|0
64|1.234567890123456789e89|true|526f07c2fae1ab2c|0
32|1.234567890123456789e89|false|7f7fffff|0
64|-9.999999999999999999e89|true|d29f6b0f092959c7|0
32|-9.999999999999999999e89|false|ff7fffff|0
64|1e90|true|529f6b0f092959c7|0
32|1e90|false|7f7fffff|0
64|-1e90|true|d29f6b0f092959c7|0
32|-1e90|false|ff7fffff|0
64|1.234567890123456789e90|true|52a364d9dccd0afb|0
32|1.234567890123456789e90|false|7f7fffff|0
64|-9.999999999999999999e90|true|d2d3a2e965b9d81d|0
32|-9.999999999999999999e90|false|ff7fffff|0
64|1e91|true|52d3a2e965b9d81d|0
32|1e91|false|7f7fffff|0
64|-1e91|true|d2d3a2e965b9d81d|0
32|-1e91|false|ff7fffff|0
64|1.234567890123456789e91|true|52d83e1054004dba|0
32|1.234567890123456789e91|false|7f7fffff|0
64|-9.999999999999999999e91|true|d3088ba3bf284e24|0
32|-9.999999999999999999e91|false|ff7fffff|0
64|1e92|true|53088ba3bf284e24|0
32|1e92|false|7f7fffff|0
64|-1e92|true|d3088ba3bf284e24|0
32|-1e92|false|ff7fffff|0
64|1.234567890123456789e92|true|530e4d9469006129|0
32|1.234567890123456789e92|false|7f7fffff|0
64|-9.999999999999999999e92|true|d33eae8caef261ad|0
32|-9.999999999999999999e92|false|ff7fffff|0
64|1e93|true|533eae8caef261ad|0
32|1e93|false|7f7fffff|0
64|-1e93|true|d33eae8caef261ad|0
32|-1e93|false|ff7fffff|0
64|1.234567890123456789e93|true|5342f07cc1a03cb9|0
32|1.234567890123456789e93|false|7f7fffff|0
64|-9.999999999999999999e93|true|d3732d17ed577d0c|0
32|-9.999999999999999999e93|false|ff7fffff|0
64|1e94|true|53732d17ed577d0c|0
32|1e94|false|7f7fffff|0
64|-1e94|true|d3732d17ed577d0c|0
32|-1e94|false|ff7fffff|0
64|1.234567890123456789e94|true|5377ac9bf2084be8|0
32|1.234567890123456789e94|false|7f7fffff|0
64|-9.999999999999999999e94|true|d3a7f85de8ad5c4f|0
32|-9.999999999999999999e94|false|ff7fffff|0
64|1e95|true|53a7f85de8ad5c4f|0
32|1e95|false|7f7fffff|0
64|-1e95|true|d3a7f85de8ad5c4f|0
32|-1e95|false|ff7fffff|0
64|1.234567890123456789e95|true|53ad97c2ee8a5ee2|0
32|1.234567890123456789e95|false|7f7fffff|0
64|-9.999999999999999999e95|true|d3ddf67562d8b363|0
32|-9.999999999999999999e95|false|ff7fffff|0
64|1e96|true|53ddf67562d8b363|0
32|1e96|false|7f7fffff|0
64|-1e96|true|d3ddf67562d8b363|0
32|-1e96|false|ff7fffff|0
64|1.234567890123456789e96|true|53e27ed9d5167b4d|0
32|1.234567890123456789e96|false|7f7fffff|0
64|-9.999999999999999999e96|true|d412ba095dc7701e|0
32|-9.999999999999999999e96|false|ff7fffff|0
64|1e97|true|5412ba095dc7701e|0
32|1e97|false|7f7fffff|0
64|-1e97|true|d412ba095dc7701e|0
32|-1e97|false|ff7fffff|0
64|1.234567890123456789e97|true|54171e904a5c1a20|0
32|1.234567890123456789e97|false|7f7fffff|0
64|-9.999999999999999999e97|true|d447688bb5394c25|0
32|-9.999999999999999999e97|false|ff7fffff|0
64|1e98|true|5447688bb5394c25|0
32|1e98|false|7f7fffff|0
64|-1e98|true|d447688bb5394c25|0
32|-1e98|false|ff7fffff|0
64|1.234567890123456789e98|true|544ce6345cf320a8|0
32|1.234567890123456789e98|false|7f7fffff|0
64|-9.999999999999999999e98|true|d47d42aea2879f2e|0
32|-9.999999999999999999e98|false|ff7fffff|0
64|1e99|true|547d42aea2879f2e|0
32|1e99|false|7f7fffff|0
64|-1e99|true|d47d42aea2879f2e|0
32|-1e99|false|ff7fffff|0
64|1.234567890123456789e99|true|54820fe0ba17f469|0
32|1.234567890123456789e99|false|7f7fffff|0
64|-9.999999999999999999e99|true|d4b249ad2594c37d|0
32|-9.999999999999999999e99|false|ff7fffff|0
64|1e100|true|54b249ad2594c37d|0
32|1e100|false|7f7fffff|0
64|-1e100|true|d4b249ad2594c37d|0
32|-1e100|false|ff7fffff|0
64|1.234567890123456789e100|true|54b693d8e89df184|0
32|1.234567890123456789e100|false|7f7fffff|0
64|-9.999999999999999999e100|true|d4e6dc186ef9f45c|0
32|-9.999999999999999999e100|false|ff7fffff|0
64|1e101|true|54e6dc186ef9f45c|0
32|1e101|false|7f7fffff|0
64|-1e101|true|d4e6dc186ef9f45c|0
32|-1e101|false|ff7fffff|0
64|1.234567890123456789e101|true|54ec38cf22c56de5|0
32|1.234567890123456789e101|false|7f7fffff|0
64|-9.999999999999999999e101|true|d51c931e8ab87173|0
32|-9.999999999999999999e101|false|ff7fffff|0
64|1e102|true|551c931e8ab87173|0
32|1e102|false|7f7fffff|0
64|-1e102|true|d51c931e8ab87173|0
32|-1e102|false|ff7fffff|0
64|1.234567890123456789e102|true|5521a38175bb64af|0
32|1.234567890123456789e102|false|7f7fffff|0
64|-9.999999999999999999e102|true|d551dbf316b346e8|0
32|-9.999999999999999999e102|false|ff7fffff|0
64|1e103|true|5551dbf316b346e8|0
32|1e103|false|7f7fffff|0
64|-1e103|true|d551dbf316b346e8|0
32|-1e103|false|ff7fffff|0
64|1.234567890123456789e103|true|55560c61d32a3ddb|0
32|1.234567890123456789e103|false|7f7fffff|0
64|-9.999999999999999999e103|true|d58652efdc6018a2|0
32|-9.999999999999999999e103|false|ff7fffff|0
64|1e104|true|558652efdc6018a2|0
32|1e104|false|7f7fffff|0
64|-1e104|true|d58652efdc6018a2|0
32|-1e104|false|ff7fffff|0
64|1.234567890123456789e104|true|558b8f7a47f4cd51|0
32|1.234567890123456789e104|false|7f7fffff|0
64|-9.999999999999999999e104|true|d5bbe7abd3781eca|0
32|-9.999999999999999999e104|false|ff7fffff|0
64|1e105|true|55bbe7abd3781eca|0
32|1e105|false|7f7fffff|0
64|-1e105|true|d5bbe7abd3781eca|0
32|-1e105|false|ff7fffff|0
64|1.234567890123456789e105|true|55c139ac6cf90053|0
32|1.234567890123456789e105|false|7f7fffff|0
64|-9.999999999999999999e105|true|d5f170cb642b133f|0
32|-9.999999999999999999e105|false|ff7fffff|0
64|1e106|true|55f170cb642b133f|0
32|1e106|false|7f7fffff|0
64|-1e106|true|d5f170cb642b133f|0
32|-1e106|false|ff7fffff|0
64|1.234567890123456789e106|true|55f5881788374067|0
32|1.234567890123456789e106|false|7f7fffff|0
64|-9.999999999999999999e106|true|d625ccfe3d35d80e|0
32|-9.999999999999999999e106|false|ff7fffff|0
64|1e107|true|5625ccfe3d35d80e|0
32|1e107|false|7f7fffff|0
64|-1e107|true|d625ccfe3d35d80e|0
32|-1e107|false|ff7fffff|0
64|1.234567890123456789e107|true|562aea1d6a451081|0
32|1.234567890123456789e107|false|7f7fffff|0
64|-9.999999999999999999e107|true|d65b403dcc834e12|0
32|-9.999999999999999999e107|false|ff7fffff|0
64|1e108|true|565b403dcc834e12|0
32|1e108|false|7f7fffff|0
64|-1e108|true|d65b403dcc834e12|0
32|-1e108|false|ff7fffff|0
64|1.234567890123456789e108|true|5660d252626b2a51|0
32|1.234567890123456789e108|false|7f7fffff|0
64|-9.999999999999999999e108|true|d69108269fd210cb|0
32|-9.999999999999999999e108|false|ff7fffff|0
64|1e109|true|569108269fd210cb|0
32|1e109|false|7f7fffff|0
64|-1e109|true|d69108269fd210cb|0
32|-1e109|false|ff7fffff|0
64|1.234567890123456789e109|true|569506e6fb05f4e5|0
32|1.234567890123456789e109|false|7f7fffff|0
64|-9.999999999999999999e109|true|d6c54a3047c694fe|0
32|-9.999999999999999999e109|false|ff7fffff|0
64|1e110|true|56c54a3047c694fe|0
32|1e110|false|7f7fffff|0
64|-1e110|true|d6c54a3047c694fe|0
32|-1e110|false|ff7fffff|0
64|1.234567890123456789e110|true|56ca48a0b9c7721e|0
32|1.234567890123456789e110|false|7f7fffff|0
64|-9.999999999999999999e110|true|d6fa9cbc59b83a3d|0
32|-9.999999999999999999e110|false|ff7fffff|0
64|1e111|true|56fa9cbc59b83a3d|0
32|1e111|false|7f7fffff|0
64|-1e111|true|d6fa9cbc59b83a3d|0
32|-1e111|false|ff7fffff|0
64|1.234567890123456789e111|true|57006d64741ca753|0
32|1.234567890123456789e111|false|7f7fffff|0
64|-9.999999999999999999e111|true|d730a1f5b8132466|0
32|-9.999999999999999999e111|false|ff7fffff|0
64|1e112|true|5730a1f5b8132466|0
32|1e112|false|7f7fffff|0
64|-1e112|true|d730a1f5b8132466|0
32|-1e112|false|ff7fffff|0
64|1.234567890123456789e112|true|573488bd9123d128|0
32|1.234567890123456789e112|false|7f7fffff|0
64|-9.999999999999999999e112|true|d764ca732617ed80|0
32|-9.999999999999999999e112|false|ff7fffff|0
64|1e113|true|5764ca732617ed80|0
32|1e113|false|7f7fffff|0
64|-1e113|true|d764ca732617ed80|0
32|-1e113|false|ff7fffff|0
64|1.234567890123456789e113|true|5769aaecf56cc572|0
32|1.234567890123456789e113|false|7f7fffff|0
64|-9.999999999999999999e113|true|d799fd0fef9de8e0|0
32|-9.999999999999999999e113|false|ff7fffff|0
64|1e114|true|5799fd0fef9de8e0|0
32|1e114|false|7f7fffff|0
64|-1e114|true|d799fd0fef9de8e0|0
32|-1e114|false|ff7fffff|0
64|1.234567890123456789e114|true|57a00ad41963fb67|0
32|1.234567890123456789e114|false|7f7fffff|0
64|-9.999999999999999999e114|true|d7d03e29f5c2b18c|0
32|-9.999999999999999999e114|false|ff7fffff|0
64|1e115|true|57d03e29f5c2b18c|0
32|1e115|false|7f7fffff|0
64|-1e115|true|d7d03e29f5c2b18c|0
32|-1e115|false|ff7fffff|0
64|1.234567890123456789e115|true|57d40d891fbcfa41|0
32|1.234567890123456789e115|false|7f7fffff|0
64|-9.999999999999999999e115|true|d8044db473335def|0
32|-9.999999999999999999e115|false|ff7fffff|0
64|1e116|true|58044db473335def|0
32|1e116|false|7f7fffff|0
64|-1e116|true|d8044db473335def|0
32|-1e116|false|ff7fffff|0
64|1.234567890123456789e116|true|580910eb67ac38d1|0
32|1.234567890123456789e116|false|7f7fffff|0
64|-9.999999999999999999e116|true|d83961219000356b|0
32|-9.999999999999999999e116|false|ff7fffff|0
64|1e117|true|583961219000356b|0
32|1e117|false|7f7fffff|0
64|-1e117|true|d83961219000356b|0
32|-1e117|false|ff7fffff|0
64|1.234567890123456789e117|true|583f552641974705|0
32|1.234567890123456789e117|false|7f7fffff|0
64|-9.999999999999999999e117|true|d86fb969f40042c5|0
32|-9.999999999999999999e117|false|ff7fffff|0
64|1e118|true|586fb969f40042c5|0
32|1e118|false|7f7fffff|0
64|-1e118|true|d86fb969f40042c5|0
32|-1e118|false|ff7fffff|0
64|1.234567890123456789e118|true|58739537e8fe8c63|0
32|1.234567890123456789e118|false|7f7fffff|0
64|-9.999999999999999999e118|true|d8a3d3e2388029bb|0
32|-9.999999999999999999e118|false|ff7fffff|0
64|1e119|true|58a3d3e2388029bb|0
32|1e119|false|7f7fffff|0
64|-1e119|true|d8a3d3e2388029bb|0
32|-1e119|false|ff7fffff|0
64|1.234567890123456789e119|true|58a87a85e33e2f7c|0
32|1.234567890123456789e119|false|7f7fffff|0
64|-9.999999999999999999e119|true|d8d8c8dac6a0342a|0
32|-9.999999999999999999e119|false|ff7fffff|0
64|1e120|true|58d8c8dac6a0342a|0
32|1e120|false|7f7fffff|0
64|-1e120|true|d8d8c8dac6a0342a|0
32|-1e120|false|ff7fffff|0
64|1.234567890123456789e120|true|58de99275c0dbb5b|0
32|1.234567890123456789e120|false|7f7fffff|0
64|-9.999999999999999999e120|true|d90efb1178484135|0
32|-9.999999999999999999e120|false|ff7fffff|0
64|1e121|true|590efb1178484135|0
32|1e121|false|7f7fffff|0
64|-1e121|true|d90efb1178484135|0
32|-1e121|false|ff7fffff|0
64|1.234567890123456789e121|true|59131fb899889519|0
32|1.234567890123456789e121|false|7f7fffff|0
64|-9.999999999999999999e121|true|d9435ceaeb2d28c1|0
32|-9.999999999999999999e121|false|ff7fffff|0
64|1e122|true|59435ceaeb2d28c1|0
32|1e122|false|7f7fffff|0
64|-1e122|true|d9435ceaeb2d28c1|0
32|-1e122|false|ff7fffff|0
64|1.234567890123456789e122|true|5947e7a6bfeaba5f|0
32|1.234567890123456789e122|false|7f7fffff|0
64|-9.999999999999999999e122|true|d9783425a5f872f1|0
32|-9.999999999999999999e122|false|ff7fffff|0
64|1e123|true|59783425a5f872f1|0
32|1e123|false|7f7fffff|0
64|-1e123|true|d9783425a5f872f1|0
32|-1e123|false|ff7fffff|0
64|1.234567890123456789e123|true|597de1906fe568f7|0
32|1.234567890123456789e123|false|7f7fffff|0
64|-9.999999999999999999e123|true|d9ae412f0f768fad|0
32|-9.999999999999999999e123|false|ff7fffff|0
64|1e124|true|59ae412f0f768fad|0
32|1e124|false|7f7fffff|0
64|-1e124|true|d9ae412f0f768fad|0
32|-1e124|false|ff7fffff|0
64|1.234567890123456789e124|true|59b2acfa45ef619a|0
32|1.234567890123456789e124|false|7f7fffff|0
64|-9.999999999999999999e124|true|d9e2e8bd69aa19cc|0
32|-9.999999999999999999e124|false|ff7fffff|0
64|1e125|true|59e2e8bd69aa19cc|0
32|1e125|false|7f7fffff|0
64|-1e125|true|d9e2e8bd69aa19cc|0
32|-1e125|false|ff7fffff|0
64|1.234567890123456789e125|true|59e75838d76b3a01|0
32|1.234567890123456789e125|false|7f7fffff|0
64|-9.999999999999999999e125|true|da17a2ecc414a03f|0
32|-9.999999999999999999e125|false|ff7fffff|0
64|1e126|true|5a17a2ecc414a03f|0
32|1e126|false|7f7fffff|0
64|-1e126|true|da17a2ecc414a03f|0
32|-1e126|false|ff7fffff|0
64|1.234567890123456789e126|true|5a1d2e470d460881|0
32|1.234567890123456789e126|false|7f7fffff|0
64|-9.999999999999999999e126|true|da4d8ba7f519c84f|0
32|-9.999999999999999999e126|false|ff7fffff|0
64|1e127|true|5a4d8ba7f519c84f|0
32|1e127|false|7f7fffff|0
64|-1e127|true|da4d8ba7f519c84f|0
32|-1e127|false|ff7fffff|0
64|1.234567890123456789e127|true|5a523cec684bc551|0
32|1.234567890123456789e127|false|7f7fffff|0
64|-9.999999999999999999e127|true|da827748f9301d32|0
32|-9.999999999999999999e127|false|ff7fffff|0
64|1e128|true|5a827748f9301d32|0
32|1e128|false|7f7fffff|0
64|-1e128|true|da827748f9301d32|0
32|-1e128|false|ff7fffff|0
64|1.234567890123456789e128|true|5a86cc27825eb6a5|0
32|1.234567890123456789e128|false|7f7fffff|0
64|-9.999999999999999999e128|true|dab7151b377c247e|0
32|-9.999999999999999999e128|false|ff7fffff|0
64|1e129|true|5ab7151b377c247e|0
32|1e129|false|7f7fffff|0
64|-1e129|true|dab7151b377c247e|0
32|-1e129|false|ff7fffff|0
64|1.234567890123456789e129|true|5abc7f3162f6644e|0
32|1.234567890123456789e129|false|7f7fffff|0
64|-9.999999999999999999e129|true|daecda62055b2d9e|0
32|-9.999999999999999999e129|false|ff7fffff|0
64|1e130|true|5aecda62055b2d9e|0
32|1e130|false|7f7fffff|0
64|-1e130|true|daecda62055b2d9e|0
32|-1e130|false|ff7fffff|0
64|1.234567890123456789e130|true|5af1cf7eddd9feb1|0
32|1.234567890123456789e130|false|7f7fffff|0
64|-9.999999999999999999e130|true|db22087d4358fc82|0
32|-9.999999999999999999e130|false|ff7fffff|0
64|1e131|true|5b22087d4358fc82|0
32|1e131|false|7f7fffff|0
64|-1e131|true|db22087d4358fc82|0
32|-1e131|false|ff7fffff|0
64|1.234567890123456789e131|true|5b26435e95507e5d|0
32|1.234567890123456789e131|false|7f7fffff|0
64|-9.999999999999999999e131|true|db568a9c942f3ba3|0
32|-9.999999999999999999e131|false|ff7fffff|0
64|1e132|true|5b568a9c942f3ba3|0
32|1e132|false|7f7fffff|0
64|-1e132|true|db568a9c942f3ba3|0
32|-1e132|false|ff7fffff|0
64|1.234567890123456789e132|true|5b5bd4363aa49df4|0
32|1.234567890123456789e132|false|7f7fffff|0
64|-9.999999999999999999e132|true|db8c2d43b93b0a8c|0
32|-9.999999999999999999e132|false|ff7fffff|0
64|1e133|true|5b8c2d43b93b0a8c|0
32|1e133|false|7f7fffff|0
64|-1e133|true|db8c2d43b93b0a8c|0
32|-1e133|false|ff7fffff|0
64|1.234567890123456789e133|true|5b9164a1e4a6e2b9|0
32|1.234567890123456789e133|false|7f7fffff|0
64|-9.999999999999999999e133|true|dbc19c4a53c4e697|0
32|-9.999999999999999999e133|false|ff7fffff|0
64|1e134|true|5bc19c4a53c4e697|0
32|1e134|false|7f7fffff|0
64|-1e134|true|dbc19c4a53c4e697|0
32|-1e134|false|ff7fffff|0
64|1.234567890123456789e134|true|5bc5bdca5dd09b67|0
32|1.234567890123456789e134|false|7f7fffff|0
64|-9.999999999999999999e134|true|dbf6035ce8b6203d|0
32|-9.999999999999999999e134|false|ff7fffff|0
64|1e135|true|5bf6035ce8b6203d|0
32|1e135|false|7f7fffff|0
64|-1e135|true|dbf6035ce8b6203d|0
32|-1e135|false|ff7fffff|0
64|1.234567890123456789e135|true|5bfb2d3cf544c240|0
32|1.234567890123456789e135|false|7f7fffff|0
64|-9.999999999999999999e135|true|dc2b843422e3a84d|0
32|-9.999999999999999999e135|false|ff7fffff|0
64|1e136|true|5c2b843422e3a84d|0
32|1e136|false|7f7fffff|0
64|-1e136|true|dc2b843422e3a84d|0
32|-1e136|false|ff7fffff|0
64|1.234567890123456789e136|true|5c30fc46194af968|0
32|1.234567890123456789e136|false|7f7fffff|0
64|-9.999999999999999999e136|true|dc6132a095ce4930|0
32|-9.999999999999999999e136|false|ff7fffff|0
64|1e137|true|5c6132a095ce4930|0
32|1e137|false|7f7fffff|0
64|-1e137|true|dc6132a095ce4930|0
32|-1e137|false|ff7fffff|0
64|1.234567890123456789e137|true|5c653b579f9db7c2|0
32|1.234567890123456789e137|false|7f7fffff|0
64|-9.999999999999999999e137|true|dc957f48bb41db7c|0
32|-9.999999999999999999e137|false|ff7fffff|0
64|1e138|true|5c957f48bb41db7c|0
32|1e138|false|7f7fffff|0
64|-1e138|true|dc957f48bb41db7c|0
32|-1e138|false|ff7fffff|0
64|1.234567890123456789e138|true|5c9a8a2d878525b3|0
32|1.234567890123456789e138|false|7f7fffff|0
64|-9.999999999999999999e138|true|dccadf1aea12525b|0
32|-9.999999999999999999e138|false|ff7fffff|0
64|1e139|true|5ccadf1aea12525b|0
32|1e139|false|7f7fffff|0
64|-1e139|true|dccadf1aea12525b|0
32|-1e139|false|ff7fffff|0
64|1.234567890123456789e139|true|5cd0965c74b33790|0
32|1.234567890123456789e139|false|7f7fffff|0
64|-9.999999999999999999e139|true|dd00cb70d24b7379|0
32|-9.999999999999999999e139|false|ff7fffff|0
64|1e140|true|5d00cb70d24b7379|0
32|1e140|false|7f7fffff|0
64|-1e140|true|dd00cb70d24b7379|0
32|-1e140|false|ff7fffff|0
64|1.234567890123456789e140|true|5d04bbf391e00574|0
32|1.234567890123456789e140|false|7f7fffff|0
64|-9.999999999999999999e140|true|dd34fe4d06de5057|0
32|-9.999999999999999999e140|false|ff7fffff|0
64|1e141|true|5d34fe4d06de5057|0
32|1e141|false|7f7fffff|0
64|-1e141|true|dd34fe4d06de5057|0
32|-1e141|false|ff7fffff|0
64|1.234567890123456789e141|true|5d39eaf0765806d1|0
32|1.234567890123456789e141|false|7f7fffff|0
64|-9.999999999999999999e141|true|dd6a3de04895e46d|0
32|-9.999999999999999999e141|false|ff7fffff|0
64|1e142|true|5d6a3de04895e46d|0
32|1e142|false|7f7fffff|0
64|-1e142|true|dd6a3de04895e46d|0
32|-1e142|false|ff7fffff|0
64|1.234567890123456789e142|true|5d7032d649f70442|0
32|1.234567890123456789e142|false|7f7fffff|0
64|-9.999999999999999999e142|true|dda066ac2d5daec4|0
32|-9.999999999999999999e142|false|ff7fffff|0
64|1e143|true|5da066ac2d5daec4|0
32|1e143|false|7f7fffff|0
64|-1e143|true|dda066ac2d5daec4|0
32|-1e143|false|ff7fffff|0
64|1.234567890123456789e143|true|5da43f8bdc74c553|0
32|1.234567890123456789e143|false|7f7fffff|0
64|-9.999999999999999999e143|true|ddd4805738b51a75|0
32|-9.999999999999999999e143|false|ff7fffff|0
64|1e144|true|5dd4805738b51a75|0
32|1e144|false|7f7fffff|0
64|-1e144|true|ddd4805738b51a75|0
32|-1e144|false|ff7fffff|0
64|1.234567890123456789e144|true|5dd94f6ed391f6a8|0
32|1.234567890123456789e144|false|7f7fffff|0
64|-9.999999999999999999e144|true|de09a06d06e26112|0
32|-9.999999999999999999e144|false|ff7fffff|0
64|1e145|true|5e09a06d06e26112|0
32|1e145|false|7f7fffff|0
64|-1e145|true|de09a06d06e26112|0
32|-1e145|false|ff7fffff|0
64|1.234567890123456789e145|true|5e0fa34a88767452|0
32|1.234567890123456789e145|false|7f7fffff|0
64|-9.999999999999999999e145|true|de400444244d7cab|0
32|-9.999999999999999999e145|false|ff7fffff|0
64|1e146|true|5e400444244d7cab|0
32|1e146|false|7f7fffff|0
64|-1e146|true|de400444244d7cab|0
32|-1e146|false|ff7fffff|0
64|1.234567890123456789e146|true|5e43c60e954a08b3|0
32|1.234567890123456789e146|false|7f7fffff|0
64|-9.999999999999999999e146|true|de7405552d60dbd6|0
32|-9.999999999999999999e146|false|ff7fffff|0
64|1e147|true|5e7405552d60dbd6|0
32|1e147|false|7f7fffff|0
64|-1e147|true|de7405552d60dbd6|0
32|-1e147|false|ff7fffff|0
64|1.234567890123456789e147|true|5e78b7923a9c8ae0|0
32|1.234567890123456789e147|false|7f7fffff|0
64|-9.999999999999999999e147|true|dea906aa78b912cc|0
32|-9.999999999999999999e147|false|ff7fffff|0
64|1e148|true|5ea906aa78b912cc|0
32|1e148|false|7f7fffff|0
64|-1e148|true|dea906aa78b912cc|0
32|-1e148|false|ff7fffff|0
64|1.234567890123456789e148|true|5eaee576c943ad98|0
32|1.234567890123456789e148|false|7f7fffff|0
64|-9.999999999999999999e148|true|dedf485516e7577f|0
32|-9.999999999999999999e148|false|ff7fffff|0
64|1e149|true|5edf485516e7577f|0
32|1e149|false|7f7fffff|0
64|-1e149|true|dedf485516e7577f|0
32|-1e149|false|ff7fffff|0
64|1.234567890123456789e149|true|5ee34f6a3dca4c7f|0
32|1.234567890123456789e149|false|7f7fffff|0
64|-9.999999999999999999e149|true|df138d352e5096af|0
32|-9.999999999999999999e149|false|ff7fffff|0
64|1e150|true|5f138d352e5096af|0
32|1e150|false|7f7fffff|0
64|-1e150|true|df138d352e5096af|0
32|-1e150|false|ff7fffff|0
64|1.234567890123456789e150|true|5f182344cd3cdf9f|0
32|1.234567890123456789e150|false|7f7fffff|0
64|-9.999999999999999999e150|true|df48708279e4bc5b|0
32|-9.999999999999999999e150|false|ff7fffff|0
64|1e151|true|5f48708279e4bc5b|0
32|1e151|false|7f7fffff|0
64|-1e151|true|df48708279e4bc5b|0
32|-1e151|false|ff7fffff|0
64|1.234567890123456789e151|true|5f4e2c16008c1786|0
32|1.234567890123456789e151|false|7f7fffff|0
64|-9.999999999999999999e151|true|df7e8ca3185deb72|0
32|-9.999999999999999999e151|false|ff7fffff|0
64|1e152|true|5f7e8ca3185deb72|0
32|1e152|false|7f7fffff|0
64|-1e152|true|df7e8ca3185deb72|0
32|-1e152|false|ff7fffff|0
64|1.234567890123456789e152|true|5f82db8dc0578eb4|0
32|1.234567890123456789e152|false|7f7fffff|0
64|-9.999999999999999999e152|true|dfb317e5ef3ab327|0
32|-9.999999999999999999e152|false|ff7fffff|0
64|1e153|true|5fb317e5ef3ab327|0
32|1e153|false|7f7fffff|0
64|-1e153|true|dfb317e5ef3ab327|0
32|-1e153|false|ff7fffff|0
64|1.234567890123456789e153|true|5fb79271306d7261|0
32|1.234567890123456789e153|false|7f7fffff|0
64|-9.999999999999999999e153|true|dfe7dddf6b095ff1|0
32|-9.999999999999999999e153|false|ff7fffff|0
64|1e154|true|5fe7dddf6b095ff1|0
32|1e154|false|7f7fffff|0
64|-1e154|true|dfe7dddf6b095ff1|0
32|-1e154|false|ff7fffff|0
64|1.234567890123456789e154|true|5fed770d7c88cef9|0
32|1.234567890123456789e154|false|7f7fffff|0
64|-9.999999999999999999e154|true|e01dd55745cbb7ed|0
32|-9.999999999999999999e154|false|ff7fffff|0
64|1e155|true|601dd55745cbb7ed|0
32|1e155|false|7f7fffff|0
64|-1e155|true|e01dd55745cbb7ed|0
32|-1e155|false|ff7fffff|0
64|1.234567890123456789e155|true|60226a686dd5815c|0
32|1.234567890123456789e155|false|7f7fffff|0
64|-9.999999999999999999e155|true|e052a5568b9f52f4|0
32|-9.999999999999999999e155|false|ff7fffff|0
64|1e156|true|6052a5568b9f52f4|0
32|1e156|false|7f7fffff|0
64|-1e156|true|e052a5568b9f52f4|0
32|-1e156|false|ff7fffff|0
64|1.234567890123456789e156|true|60570502894ae1b3|0
32|1.234567890123456789e156|false|7f7fffff|0
64|-9.999999999999999999e156|true|e0874eac2e8727b1|0
32|-9.999999999999999999e156|false|ff7fffff|0
64|1e157|true|60874eac2e8727b1|0
32|1e157|false|7f7fffff|0
64|-1e157|true|e0874eac2e8727b1|0
32|-1e157|false|ff7fffff|0
64|1.234567890123456789e157|true|608cc6432b9d9a1f|0
32|1.234567890123456789e157|false|7f7fffff|0
64|-9.999999999999999999e157|true|e0bd22573a28f19d|0
32|-9.999999999999999999e157|false|ff7fffff|0
64|1e158|true|60bd22573a28f19d|0
32|1e158|false|7f7fffff|0
64|-1e158|true|e0bd22573a28f19d|0
32|-1e158|false|ff7fffff|0
64|1.234567890123456789e158|true|60c1fbe9fb428054|0
32|1.234567890123456789e158|false|7f7fffff|0
64|-9.999999999999999999e158|true|e0f2357684599702|0
32|-9.999999999999999999e158|false|ff7fffff|0
64|1e159|true|60f2357684599702|0
32|1e159|false|7f7fffff|0
64|-1e159|true|e0f2357684599702|0
32|-1e159|false|ff7fffff|0
64|1.234567890123456789e159|true|60f67ae47a132069|0
32|1.234567890123456789e159|false|7f7fffff|0
64|-9.999999999999999999e159|true|e126c2d4256ffcc3|0
32|-9.999999999999999999e159|false|ff7fffff|0
64|1e160|true|6126c2d4256ffcc3|0
32|1e160|false|7f7fffff|0
64|-1e160|true|e126c2d4256ffcc3|0
32|-1e160|false|ff7fffff|0
64|1.234567890123456789e160|true|612c199d9897e883|0
32|1.234567890123456789e160|false|7f7fffff|0
64|-9.999999999999999999e160|true|e15c73892ecbfbf4|0
32|-9.999999999999999999e160|false|ff7fffff|0
64|1e161|true|615c73892ecbfbf4|0
32|1e161|false|7f7fffff|0
64|-1e161|true|e15c73892ecbfbf4|0
32|-1e161|false|ff7fffff|0
64|1.234567890123456789e161|true|616190027f5ef152|0
32|1.234567890123456789e161|false|7f7fffff|0
64|-9.999999999999999999e161|true|e191c835bd3f7d78|0
32|-9.999999999999999999e161|false|ff7fffff|0
64|1e162|true|6191c835bd3f7d78|0
32|1e162|false|7f7fffff|0
64|-1e162|true|e191c835bd3f7d78|0
32|-1e162|false|ff7fffff|0
64|1.234567890123456789e162|true|6195f4031f36ada6|0
32|1.234567890123456789e162|false|7f7fffff|0
64|-9.999999999999999999e162|true|e1c63a432c8f5cd6|0
32|-9.999999999999999999e162|false|ff7fffff|0
64|1e163|true|61c63a432c8f5cd6|0
32|1e163|false|7f7fffff|0
64|-1e163|true|e1c63a432c8f5cd6|0
32|-1e163|false|ff7fffff|0
64|1.234567890123456789e163|true|61cb7103e7045910|0
32|1.234567890123456789e163|false|7f7fffff|0
64|-9.999999999999999999e163|true|e1fbc8d3f7b3340c|0
32|-9.999999999999999999e163|false|ff7fffff|0
64|1e164|true|61fbc8d3f7b3340c|0
32|1e164|false|7f7fffff|0
64|-1e164|true|e1fbc8d3f7b3340c|0
32|-1e164|false|ff7fffff|0
64|1.234567890123456789e164|true|620126a27062b7aa|0
32|1.234567890123456789e164|false|7f7fffff|0
64|-9.999999999999999999e164|true|e2315d847ad00087|0
32|-9.999999999999999999e164|false|ff7fffff|0
64|1e165|true|62315d847ad00087|0
32|1e165|false|7f7fffff|0
64|-1e165|true|e2315d847ad00087|0
32|-1e165|false|ff7fffff|0
64|1.234567890123456789e165|true|6235704b0c7b6594|0
32|1.234567890123456789e165|false|7f7fffff|0
64|-9.999999999999999999e165|true|e265b4e5998400a9|0
32|-9.999999999999999999e165|false|ff7fffff|0
64|1e166|true|6265b4e5998400a9|0
32|1e166|false|7f7fffff|0
64|-1e166|true|e265b4e5998400a9|0
32|-1e166|false|ff7fffff|0
64|1.234567890123456789e166|true|626acc5dcf9a3ef9|0
32|1.234567890123456789e166|false|7f7fffff|0
64|-9.999999999999999999e166|true|e29b221effe500d4|0
32|-9.999999999999999999e166|false|ff7fffff|0
64|1e167|true|629b221effe500d4|0
32|1e167|false|7f7fffff|0
64|-1e167|true|e29b221effe500d4|0
32|-1e167|false|ff7fffff|0
64|1.234567890123456789e167|true|62a0bfbaa1c0675c|0
32|1.234567890123456789e167|false|7f7fffff|0
64|-9.999999999999999999e167|true|e2d0f5535fef2084|0
32|-9.999999999999999999e167|false|ff7fffff|0
64|1e168|true|62d0f5535fef2084|0
32|1e168|false|7f7fffff|0
64|-1e168|true|e2d0f5535fef2084|0
32|-1e168|false|ff7fffff|0
64|1.234567890123456789e168|true|62d4efa94a308133|0
32|1.234567890123456789e168|false|7f7fffff|0
64|-9.999999999999999999e168|true|e30532a837eae8a5|0
32|-9.999999999999999999e168|false|ff7fffff|0
64|1e169|true|630532a837eae8a5|0
32|1e169|false|7f7fffff|0
64|-1e169|true|e30532a837eae8a5|0
32|-1e169|false|ff7fffff|0
64|1.234567890123456789e169|true|630a2b939cbca17f|0
32|1.234567890123456789e169|false|7f7fffff|0
64|-9.999999999999999999e169|true|e33a7f5245e5a2cf|0
32|-9.999999999999999999e169|false|ff7fffff|0
64|1e170|true|633a7f5245e5a2cf|0
32|1e170|false|7f7fffff|0
64|-1e170|true|e33a7f5245e5a2cf|0
32|-1e170|false|ff7fffff|0
64|1.234567890123456789e170|true|63405b3c41f5e4f0|0
32|1.234567890123456789e170|false|7f7fffff|0
64|-9.999999999999999999e170|true|e3708f936baf85c1|0
32|-9.999999999999999999e170|false|ff7fffff|0
64|1e171|true|63708f936baf85c1|0
32|1e171|false|7f7fffff|0
64|-1e171|true|e3708f936baf85c1|0
32|-1e171|false|ff7fffff|0
64|1.234567890123456789e171|true|6374720b52735e2c|0
32|1.234567890123456789e171|false|7f7fffff|0
64|-9.999999999999999999e171|true|e3a4b378469b6732|0
32|-9.999999999999999999e171|false|ff7fffff|0
64|1e172|true|63a4b378469b6732|0
32|1e172|false|7f7fffff|0
64|-1e172|true|e3a4b378469b6732|0
32|-1e172|false|ff7fffff|0
64|1.234567890123456789e172|true|63a98e8e271035b6|0
32|1.234567890123456789e172|false|7f7fffff|0
64|-9.999999999999999999e172|true|e3d9e056584240fe|0
32|-9.999999999999999999e172|false|ff7fffff|0
64|1e173|true|63d9e056584240fe|0
32|1e173|false|7f7fffff|0
64|-1e173|true|e3d9e056584240fe|0
32|-1e173|false|ff7fffff|0
64|1.234567890123456789e173|true|63dff231b0d44324|0
32|1.234567890123456789e173|false|7f7fffff|0
64|-9.999999999999999999e173|true|e4102c35f729689f|0
32|-9.999999999999999999e173|false|ff7fffff|0
64|1e174|true|64102c35f729689f|0
32|1e174|false|7f7fffff|0
64|-1e174|true|e4102c35f729689f|0
32|-1e174|false|ff7fffff|0
64|1.234567890123456789e174|true|6413f75f0e84a9f6|0
32|1.234567890123456789e174|false|7f7fffff|0
64|-9.999999999999999999e174|true|e444374374f3c2c6|0
32|-9.999999999999999999e174|false|ff7fffff|0
64|1e175|true|6444374374f3c2c6|0
32|1e175|false|7f7fffff|0
64|-1e175|true|e444374374f3c2c6|0
32|-1e175|false|ff7fffff|0
64|1.234567890123456789e175|true|6448f536d225d474|0
32|1.234567890123456789e175|false|7f7fffff|0
64|-9.999999999999999999e175|true|e47945145230b378|0
32|-9.999999999999999999e175|false|ff7fffff|0
64|1e176|true|647945145230b378|0
32|1e176|false|7f7fffff|0
64|-1e176|true|e47945145230b378|0
32|-1e176|false|ff7fffff|0
64|1.234567890123456789e176|true|647f328486af4991|0
32|1.234567890123456789e176|false|7f7fffff|0
64|-9.999999999999999999e176|true|e4af965966bce056|0
32|-9.999999999999999999e176|false|ff7fffff|0
64|1e177|true|64af965966bce056|0
32|1e177|false|7f7fffff|0
64|-1e177|true|e4af965966bce056|0
32|-1e177|false|ff7fffff|0
64|1.234567890123456789e177|true|64b37f92d42d8dfb|0
32|1.234567890123456789e177|false|7f7fffff|0
64|-9.999999999999999999e177|true|e4e3bdf7e0360c36|0
32|-9.999999999999999999e177|false|ff7fffff|0
64|1e178|true|64e3bdf7e0360c36|0
32|1e178|false|7f7fffff|0
64|-1e178|true|e4e3bdf7e0360c36|0
32|-1e178|false|ff7fffff|0
64|1.234567890123456789e178|true|64e85f778938f179|0
32|1.234567890123456789e178|false|7f7fffff|0
64|-9.999999999999999999e178|true|e518ad75d8438f43|0
32|-9.999999999999999999e178|false|ff7fffff|0
64|1e179|true|6518ad75d8438f43|0
32|1e179|false|7f7fffff|0
64|-1e179|true|e518ad75d8438f43|0
32|-1e179|false|ff7fffff|0
64|1.234567890123456789e179|true|651e77556b872dd8|0
32|1.234567890123456789e179|false|7f7fffff|0
64|-9.999999999999999999e179|true|e54ed8d34e547314|0
32|-9.999999999999999999e179|false|ff7fffff|0
64|1e180|true|654ed8d34e547314|0
32|1e180|false|7f7fffff|0
64|-1e180|true|e54ed8d34e547314|0
32|-1e180|false|ff7fffff|0
64|1.234567890123456789e180|true|65530a9563347ca7|0
32|1.234567890123456789e180|false|7f7fffff|0
64|-9.999999999999999999e180|true|e583478410f4c7ec|0
32|-9.999999999999999999e180|false|ff7fffff|0
64|1e181|true|6583478410f4c7ec|0
32|1e181|false|7f7fffff|0
64|-1e181|true|e583478410f4c7ec|0
32|-1e181|false|ff7fffff|0
64|1.234567890123456789e181|true|6587cd3abc019bd1|0
32|1.234567890123456789e181|false|7f7fffff|0
64|-9.999999999999999999e181|true|e5b819651531f9e8|0
32|-9.999999999999999999e181|false|ff7fffff|0
64|1e182|true|65b819651531f9e8|0
32|1e182|false|7f7fffff|0
64|-1e182|true|e5b819651531f9e8|0
32|-1e182|false|ff7fffff|0
64|1.234567890123456789e182|true|65bdc0896b0202c5|0
32|1.234567890123456789e182|false|7f7fffff|0
64|-9.999999999999999999e182|true|e5ee1fbe5a7e7861|0
32|-9.999999999999999999e182|false|ff7fffff|0
64|1e183|true|65ee1fbe5a7e7861|0
32|1e183|false|7f7fffff|0
64|-1e183|true|e5ee1fbe5a7e7861|0
32|-1e183|false|ff7fffff|0
64|1.234567890123456789e183|true|65f29855e2e141bb|0
32|1.234567890123456789e183|false|7f7fffff|0
64|-9.999999999999999999e183|true|e622d3d6f88f0b3d|0
32|-9.999999999999999999e183|false|ff7fffff|0
64|1e184|true|6622d3d6f88f0b3d|0
32|1e184|false|7f7fffff|0
64|-1e184|true|e622d3d6f88f0b3d|0
32|-1e184|false|ff7fffff|0
64|1.234567890123456789e184|true|66273e6b5b99922a|0
32|1.234567890123456789e184|false|7f7fffff|0
64|-9.999999999999999999e184|true|e65788ccb6b2ce0c|0
32|-9.999999999999999999e184|false|ff7fffff|0
64|1e185|true|665788ccb6b2ce0c|0
32|1e185|false|7f7fffff|0
64|-1e185|true|e65788ccb6b2ce0c|0
32|-1e185|false|ff7fffff|0
64|1.234567890123456789e185|true|665d0e06327ff6b4|0
32|1.234567890123456789e185|false|7f7fffff|0
64|-9.999999999999999999e185|true|e68d6affe45f818f|0
32|-9.999999999999999999e185|false|ff7fffff|0
64|1e186|true|668d6affe45f818f|0
32|1e186|false|7f7fffff|0
64|-1e186|true|e68d6affe45f818f|0
32|-1e186|false|ff7fffff|0
64|1.234567890123456789e186|true|669228c3df8ffa31|0
32|1.234567890123456789e186|false|7f7fffff|0
64|-9.999999999999999999e186|true|e6c262dfeebbb0f9|0
32|-9.999999999999999999e186|false|ff7fffff|0
64|1e187|true|66c262dfeebbb0f9|0
32|1e187|false|7f7fffff|0
64|-1e187|true|e6c262dfeebbb0f9|0
32|-1e187|false|ff7fffff|0
64|1.234567890123456789e187|true|66c6b2f4d773f8bd|0
32|1.234567890123456789e187|false|7f7fffff|0
64|-9.999999999999999999e187|true|e6f6fb97ea6a9d38|0
32|-9.999999999999999999e187|false|ff7fffff|0
64|1e188|true|66f6fb97ea6a9d38|0
32|1e188|false|7f7fffff|0
64|-1e188|true|e6f6fb97ea6a9d38|0
32|-1e188|false|ff7fffff|0
64|1.234567890123456789e188|true|66fc5fb20d50f6ec|0
32|1.234567890123456789e188|false|7f7fffff|0
64|-9.999999999999999999e188|true|e72cba7de5054486|0
32|-9.999999999999999999e188|false|ff7fffff|0
64|1e189|true|672cba7de5054486|0
32|1e189|false|7f7fffff|0
64|-1e189|true|e72cba7de5054486|0
32|-1e189|false|ff7fffff|0
64|1.234567890123456789e189|true|6731bbcf48529a53|0
32|1.234567890123456789e189|false|7f7fffff|0
64|-9.999999999999999999e189|true|e761f48eaf234ad4|0
32|-9.999999999999999999e189|false|ff7fffff|0
64|1e190|true|6761f48eaf234ad4|0
32|1e190|false|7f7fffff|0
64|-1e190|true|e761f48eaf234ad4|0
32|-1e190|false|ff7fffff|0
64|1.234567890123456789e190|true|67662ac31a6740e8|0
32|1.234567890123456789e190|false|7f7fffff|0
64|-9.999999999999999999e190|true|e79671b25aec1d89|0
32|-9.999999999999999999e190|false|ff7fffff|0
64|1e191|true|679671b25aec1d89|0
32|1e191|false|7f7fffff|0
64|-1e191|true|e79671b25aec1d89|0
32|-1e191|false|ff7fffff|0
64|1.234567890123456789e191|true|679bb573e1011122|0
32|1.234567890123456789e191|false|7f7fffff|0
64|-9.999999999999999999e191|true|e7cc0e1ef1a724eb|0
32|-9.999999999999999999e191|false|ff7fffff|0
64|1e192|true|67cc0e1ef1a724eb|0
32|1e192|false|7f7fffff|0
64|-1e192|true|e7cc0e1ef1a724eb|0
32|-1e192|false|ff7fffff|0
64|1.234567890123456789e192|true|67d151686ca0aab5|0
32|1.234567890123456789e192|false|7f7fffff|0
64|-9.999999999999999999e192|true|e80188d357087713|0
32|-9.999999999999999999e192|false|ff7fffff|0
64|1e193|true|680188d357087713|0
32|1e193|false|7f7fffff|0
64|-1e193|true|e80188d357087713|0
32|-1e193|false|ff7fffff|0
64|1.234567890123456789e193|true|6805a5c287c8d563|0
32|1.234567890123456789e193|false|7f7fffff|0
64|-9.999999999999999999e193|true|e835eb082cca94d7|0
32|-9.999999999999999999e193|false|ff7fffff|0
64|1e194|true|6835eb082cca94d7|0
32|1e194|false|7f7fffff|0
64|-1e194|true|e835eb082cca94d7|0
32|-1e194|false|ff7fffff|0
64|1.234567890123456789e194|true|683b0f3329bb0abc|0
32|1.234567890123456789e194|false|7f7fffff|0
64|-9.999999999999999999e194|true|e86b65ca37fd3a0d|0
32|-9.999999999999999999e194|false|ff7fffff|0
64|1e195|true|686b65ca37fd3a0d|0
32|1e195|false|7f7fffff|0
64|-1e195|true|e86b65ca37fd3a0d|0
32|-1e195|false|ff7fffff|0
64|1.234567890123456789e195|true|6870e97ffa14e6b5|0
32|1.234567890123456789e195|false|7f7fffff|0
64|-9.999999999999999999e195|true|e8a11f9e62fe4448|0
32|-9.999999999999999999e195|false|ff7fffff|0
64|1e196|true|68a11f9e62fe4448|0
32|1e196|false|7f7fffff|0
64|-1e196|true|e8a11f9e62fe4448|0
32|-1e196|false|ff7fffff|0
64|1.234567890123456789e196|true|68a523dff89a2062|0
32|1.234567890123456789e196|false|7f7fffff|0
64|-9.999999999999999999e196|true|e8d56785fbbdd55a|0
32|-9.999999999999999999e196|false|ff7fffff|0
64|1e197|true|68d56785fbbdd55a|0
32|1e197|false|7f7fffff|0
64|-1e197|true|e8d56785fbbdd55a|0
32|-1e197|false|ff7fffff|0
64|1.234567890123456789e197|true|68da6cd7f6c0a87b|0
32|1.234567890123456789e197|false|7f7fffff|0
64|-9.999999999999999999e197|true|e90ac1677aad4ab1|0
32|-9.999999999999999999e197|false|ff7fffff|0
64|1e198|true|690ac1677aad4ab1|0
32|1e198|false|7f7fffff|0
64|-1e198|true|e90ac1677aad4ab1|0
32|-1e198|false|ff7fffff|0
64|1.234567890123456789e198|true|69108406fa38694d|0
32|1.234567890123456789e198|false|7f7fffff|0
64|-9.999999999999999999e198|true|e940b8e0acac4eaf|0
32|-9.999999999999999999e198|false|ff7fffff|0
64|1e199|true|6940b8e0acac4eaf|0
32|1e199|false|7f7fffff|0
64|-1e199|true|e940b8e0acac4eaf|0
32|-1e199|false|ff7fffff|0
64|1.234567890123456789e199|true|6944a508b8c683a0|0
32|1.234567890123456789e199|false|7f7fffff|0
64|-9.999999999999999999e199|true|e974e718d7d7625a|0
32|-9.999999999999999999e199|false|ff7fffff|0
64|1e200|true|6974e718d7d7625a|0
32|1e200|false|7f7fffff|0
64|-1e200|true|e974e718d7d7625a|0
32|-1e200|false|ff7fffff|0
64|1.234567890123456789e200|true|6979ce4ae6f82488|0
32|1.234567890123456789e200|false|7f7fffff|0
64|-9.999999999999999999e200|true|e9aa20df0dcd3af1|0
32|-9.999999999999999999e200|false|ff7fffff|0
64|1e201|true|69aa20df0dcd3af1|0
32|1e201|false|7f7fffff|0
64|-1e201|true|e9aa20df0dcd3af1|0
32|-1e201|false|ff7fffff|0
64|1.234567890123456789e201|true|69b020eed05b16d5|0
32|1.234567890123456789e201|false|7f7fffff|0
64|-9.999999999999999999e201|true|e9e0548b68a044d6|0
32|-9.999999999999999999e201|false|ff7fffff|0
64|1e202|true|69e0548b68a044d6|0
32|1e202|false|7f7fffff|0
64|-1e202|true|e9e0548b68a044d6|0
32|-1e202|false|ff7fffff|0
64|1.234567890123456789e202|true|69e4292a8471dc8a|0
32|1.234567890123456789e202|false|7f7fffff|0
64|-9.999999999999999999e202|true|ea1469ae42c8560c|0
32|-9.999999999999999999e202|false|ff7fffff|0
64|1e203|true|6a1469ae42c8560c|0
32|1e203|false|7f7fffff|0
64|-1e203|true|ea1469ae42c8560c|0
32|-1e203|false|ff7fffff|0
64|1.234567890123456789e203|true|6a193375258e53ad|0
32|1.234567890123456789e203|false|7f7fffff|0
64|-9.999999999999999999e203|true|ea498419d37a6b8f|0
32|-9.999999999999999999e203|false|ff7fffff|0
64|1e204|true|6a498419d37a6b8f|0
32|1e204|false|7f7fffff|0
64|-1e204|true|ea498419d37a6b8f|0
32|-1e204|false|ff7fffff|0
64|1.234567890123456789e204|true|6a4f80526ef1e898|0
32|1.234567890123456789e204|false|7f7fffff|0
64|-9.999999999999999999e204|true|ea7fe52048590673|0
32|-9.999999999999999999e204|false|ff7fffff|0
64|1e205|true|6a7fe52048590673|0
32|1e205|false|7f7fffff|0
64|-1e205|true|ea7fe52048590673|0
32|-1e205|false|ff7fffff|0
64|1.234567890123456789e205|true|6a83b0338557315f|0
32|1.234567890123456789e205|false|7f7fffff|0
64|-9.999999999999999999e205|true|eab3ef342d37a408|0
32|-9.999999999999999999e205|false|ff7fffff|0
64|1e206|true|6ab3ef342d37a408|0
32|1e206|false|7f7fffff|0
64|-1e206|true|eab3ef342d37a408|0
32|-1e206|false|ff7fffff|0
64|1.234567890123456789e206|true|6ab89c4066acfdb7|0
32|1.234567890123456789e206|false|7f7fffff|0
64|-9.999999999999999999e206|true|eae8eb0138858d0a|0
32|-9.999999999999999999e206|false|ff7fffff|0
64|1e207|true|6ae8eb0138858d0a|0
32|1e207|false|7f7fffff|0
64|-1e207|true|eae8eb0138858d0a|0
32|-1e207|false|ff7fffff|0
64|1.234567890123456789e207|true|6aeec35080583d25|0
32|1.234567890123456789e207|false|7f7fffff|0
64|-9.999999999999999999e207|true|eb1f25c186a6f04c|0
32|-9.999999999999999999e207|false|ff7fffff|0
64|1e208|true|6b1f25c186a6f04c|0
32|1e208|false|7f7fffff|0
64|-1e208|true|eb1f25c186a6f04c|0
32|-1e208|false|ff7fffff|0
64|1.234567890123456789e208|true|6b233a1250372637|0
32|1.234567890123456789e208|false|7f7fffff|0
64|-9.999999999999999999e208|true|eb537798f4285630|0
32|-9.999999999999999999e208|false|ff7fffff|0
64|1e209|true|6b537798f4285630|0
32|1e209|false|7f7fffff|0
64|-1e209|true|eb537798f4285630|0
32|-1e209|false|ff7fffff|0
64|1.234567890123456789e209|true|6b580896e444efc5|0
32|1.234567890123456789e209|false|7f7fffff|0
64|-9.999999999999999999e209|true|eb88557f31326bbb|0
32|-9.999999999999999999e209|false|ff7fffff|0
64|1e210|true|6b88557f31326bbb|0
32|1e210|false|7f7fffff|0
64|-1e210|true|eb88557f31326bbb|0
32|-1e210|false|ff7fffff|0
64|1.234567890123456789e210|true|6b8e0abc9d562bb6|0
32|1.234567890123456789e210|false|7f7fffff|0
64|-9.999999999999999999e210|true|ebbe6adefd7f06aa|0
32|-9.999999999999999999e210|false|ff7fffff|0
64|1e211|true|6bbe6adefd7f06aa|0
32|1e211|false|7f7fffff|0
64|-1e211|true|ebbe6adefd7f06aa|0
32|-1e211|false|ff7fffff|0
64|1.234567890123456789e211|true|6bc2c6b5e255db52|0
32|1.234567890123456789e211|false|7f7fffff|0
64|-9.999999999999999999e211|true|ebf302cb5e6f642a|0
32|-9.999999999999999999e211|false|ff7fffff|0
64|1e212|true|6bf302cb5e6f642a|0
32|1e212|false|7f7fffff|0
64|-1e212|true|ebf302cb5e6f642a|0
32|-1e212|false|ff7fffff|0
64|1.234567890123456789e212|true|6bf778635aeb5226|0
32|1.234567890123456789e212|false|7f7fffff|0
64|-9.999999999999999999e212|true|ec27c37e360b3d35|0
32|-9.999999999999999999e212|false|ff7fffff|0
64|1e213|true|6c27c37e360b3d35|0
32|1e213|false|7f7fffff|0
64|-1e213|true|ec27c37e360b3d35|0
32|-1e213|false|ff7fffff|0
64|1.234567890123456789e213|true|6c2d567c31a626b0|0
32|1.234567890123456789e213|false|7f7fffff|0
64|-9.999999999999999999e213|true|ec5db45dc38e0c82|0
32|-9.999999999999999999e213|false|ff7fffff|0
64|1e214|true|6c5db45dc38e0c82|0
32|1e214|false|7f7fffff|0
64|-1e214|true|ec5db45dc38e0c82|0
32|-1e214|false|ff7fffff|0
64|1.234567890123456789e214|true|6c62560d9f07d82e|0
32|1.234567890123456789e214|false|7f7fffff|0
64|-9.999999999999999999e214|true|ec9290ba9a38c7d1|0
32|-9.999999999999999999e214|false|ff7fffff|0
64|1e215|true|6c9290ba9a38c7d1|0
32|1e215|false|7f7fffff|0
64|-1e215|true|ec9290ba9a38c7d1|0
32|-1e215|false|ff7fffff|0
64|1.234567890123456789e215|true|6c96eb9106c9ce39|0
32|1.234567890123456789e215|false|7f7fffff|0
64|-9.999999999999999999e215|true|ecc734e940c6f9c6|0
32|-9.999999999999999999e215|false|ff7fffff|0
64|1e216|true|6cc734e940c6f9c6|0
32|1e216|false|7f7fffff|0
64|-1e216|true|ecc734e940c6f9c6|0
32|-1e216|false|ff7fffff|0
64|1.234567890123456789e216|true|6ccca675487c41c7|0
32|1.234567890123456789e216|false|7f7fffff|0
64|-9.999999999999999999e216|true|ecfd022390f8b837|0
32|-9.999999999999999999e216|false|ff7fffff|0
64|1e217|true|6cfd022390f8b837|0
32|1e217|false|7f7fffff|0
64|-1e217|true|ecfd022390f8b837|0
32|-1e217|false|ff7fffff|0
64|1.234567890123456789e217|true|6d01e8094d4da91d|0
32|1.234567890123456789e217|false|7f7fffff|0
64|-9.999999999999999999e217|true|ed3221563a9b7323|0
32|-9.999999999999999999e217|false|ff7fffff|0
64|1e218|true|6d3221563a9b7323|0
32|1e218|false|7f7fffff|0
64|-1e218|true|ed3221563a9b7323|0
32|-1e218|false|ff7fffff|0
64|1.234567890123456789e218|true|6d36620ba0a11364|0
32|1.234567890123456789e218|false|7f7fffff|0
64|-9.999999999999999999e218|true|ed66a9abc9424feb|0
32|-9.999999999999999999e218|false|ff7fffff|0
64|1e219|true|6d66a9abc9424feb|0
32|1e219|false|7f7fffff|0
64|-1e219|true|ed66a9abc9424feb|0
32|-1e219|false|ff7fffff|0
64|1.234567890123456789e219|true|6d6bfa8e88c9583d|0
32|1.234567890123456789e219|false|7f7fffff|0
64|-9.999999999999999999e219|true|ed9c5416bb92e3e6|0
32|-9.999999999999999999e219|false|ff7fffff|0
64|1e220|true|6d9c5416bb92e3e6|0
32|1e220|false|7f7fffff|0
64|-1e220|true|ed9c5416bb92e3e6|0
32|-1e220|false|ff7fffff|0
64|1.234567890123456789e220|true|6da17c99157dd726|0
32|1.234567890123456789e220|false|7f7fffff|0
64|-9.999999999999999999e220|true|edd1b48e353bce70|0
32|-9.999999999999999999e220|false|ff7fffff|0
64|1e221|true|6dd1b48e353bce70|0
32|1e221|false|7f7fffff|0
64|-1e221|true|edd1b48e353bce70|0
32|-1e221|false|ff7fffff|0
64|1.234567890123456789e221|true|6dd5dbbf5add4cf0|0
32|1.234567890123456789e221|false|7f7fffff|0
64|-9.999999999999999999e221|true|ee0621b1c28ac20c|0
32|-9.999999999999999999e221|false|ff7fffff|0
64|1e222|true|6e0621b1c28ac20c|0
32|1e222|false|7f7fffff|0
64|-1e222|true|ee0621b1c28ac20c|0
32|-1e222|false|ff7fffff|0
64|1.234567890123456789e222|true|6e0b52af3194a02b|0
32|1.234567890123456789e222|false|7f7fffff|0
64|-9.999999999999999999e222|true|ee3baa1e332d728f|0
32|-9.999999999999999999e222|false|ff7fffff|0
64|1e223|true|6e3baa1e332d728f|0
32|1e223|false|7f7fffff|0
64|-1e223|true|ee3baa1e332d728f|0
32|-1e223|false|ff7fffff|0
64|1.234567890123456789e223|true|6e4113ad7efce41b|0
32|1.234567890123456789e223|false|7f7fffff|0
64|-9.999999999999999999e223|true|ee714a52dffc6799|0
32|-9.999999999999999999e223|false|ff7fffff|0
64|1e224|true|6e714a52dffc6799|0
32|1e224|false|7f7fffff|0
64|-1e224|true|ee714a52dffc6799|0
32|-1e224|false|ff7fffff|0
64|1.234567890123456789e224|true|6e755898debc1d22|0
32|1.234567890123456789e224|false|7f7fffff|0
64|-9.999999999999999999e224|true|eea59ce797fb817f|0
32|-9.999999999999999999e224|false|ff7fffff|0
64|1e225|true|6ea59ce797fb817f|0
32|1e225|false|7f7fffff|0
64|-1e225|true|eea59ce797fb817f|0
32|-1e225|false|ff7fffff|0
64|1.234567890123456789e225|true|6eaaaebf166b246a|0
32|1.234567890123456789e225|false|7f7fffff|0
64|-9.999999999999999999e225|true|eedb04217dfa61df|0
32|-9.999999999999999999e225|false|ff7fffff|0
64|1e226|true|6edb04217dfa61df|0
32|1e226|false|7f7fffff|0
64|-1e226|true|eedb04217dfa61df|0
32|-1e226|false|ff7fffff|0
64|1.234567890123456789e226|true|6ee0ad376e02f6c2|0
32|1.234567890123456789e226|false|7f7fffff|0
64|-9.999999999999999999e226|true|ef10e294eebc7d2c|0
32|-9.999999999999999999e226|false|ff7fffff|0
64|1e227|true|6f10e294eebc7d2c|0
32|1e227|false|7f7fffff|0
64|-1e227|true|ef10e294eebc7d2c|0
32|-1e227|false|ff7fffff|0
64|1.234567890123456789e227|true|6f14d8854983b473|0
32|1.234567890123456789e227|false|7f7fffff|0
64|-9.999999999999999999e227|true|ef451b3a2a6b9c76|0
32|-9.999999999999999999e227|false|ff7fffff|0
64|1e228|true|6f451b3a2a6b9c76|0
32|1e228|false|7f7fffff|0
64|-1e228|true|ef451b3a2a6b9c76|0
32|-1e228|false|ff7fffff|0
64|1.234567890123456789e228|true|6f4a0ea69be4a190|0
32|1.234567890123456789e228|false|7f7fffff|0
64|-9.999999999999999999e228|true|ef7a6208b5068394|0
32|-9.999999999999999999e228|false|ff7fffff|0
64|1e229|true|6f7a6208b5068394|0
32|1e229|false|7f7fffff|0
64|-1e229|true|ef7a6208b5068394|0
32|-1e229|false|ff7fffff|0
64|1.234567890123456789e229|true|6f804928216ee4fa|0
32|1.234567890123456789e229|false|7f7fffff|0
64|-9.999999999999999999e229|true|efb07d457124123d|0
32|-9.999999999999999999e229|false|ff7fffff|0
64|1e230|true|6fb07d457124123d|0
32|1e230|false|7f7fffff|0
64|-1e230|true|efb07d457124123d|0
32|-1e230|false|ff7fffff|0
64|1.234567890123456789e230|true|6fb45b7229ca9e38|0
32|1.234567890123456789e230|false|7f7fffff|0
64|-9.999999999999999999e230|true|efe49c96cd6d16cc|0
32|-9.999999999999999999e230|false|ff7fffff|0
64|1e231|true|6fe49c96cd6d16cc|0
32|1e231|false|7f7fffff|0
64|-1e231|true|efe49c96cd6d16cc|0
32|-1e231|false|ff7fffff|0
64|1.234567890123456789e231|true|6fe9724eb43d45c7|0
32|1.234567890123456789e231|false|7f7fffff|0
64|-9.999999999999999999e231|true|f019c3bc80c85c7f|0
32|-9.999999999999999999e231|false|ff7fffff|0
64|1e232|true|7019c3bc80c85c7f|0
32|1e232|false|7f7fffff|0
64|-1e232|true|f019c3bc80c85c7f|0
32|-1e232|false|ff7fffff|0
64|1.234567890123456789e232|true|701fcee2614c9738|0
32|1.234567890123456789e232|false|7f7fffff|0
64|-9.999999999999999999e232|true|f0501a55d07d39cf|0
32|-9.999999999999999999e232|false|ff7fffff|0
64|1e233|true|70501a55d07d39cf|0
32|1e233|false|7f7fffff|0
64|-1e233|true|f0501a55d07d39cf|0
32|-1e233|false|ff7fffff|0
64|1.234567890123456789e233|true|7053e14d7ccfde83|0
32|1.234567890123456789e233|false|7f7fffff|0
64|-9.999999999999999999e233|true|f08420eb449c8843|0
32|-9.999999999999999999e233|false|ff7fffff|0
64|1e234|true|708420eb449c8843|0
32|1e234|false|7f7fffff|0
64|-1e234|true|f08420eb449c8843|0
32|-1e234|false|ff7fffff|0
64|1.234567890123456789e234|true|7088d9a0dc03d624|0
32|1.234567890123456789e234|false|7f7fffff|0
64|-9.999999999999999999e234|true|f0b9292615c3aa54|0
32|-9.999999999999999999e234|false|ff7fffff|0
64|1e235|true|70b9292615c3aa54|0
32|1e235|false|7f7fffff|0
64|-1e235|true|f0b9292615c3aa54|0
32|-1e235|false|ff7fffff|0
64|1.234567890123456789e235|true|70bf10091304cbad|0
32|1.234567890123456789e235|false|7f7fffff|0
64|-9.999999999999999999e235|true|f0ef736f9b3494e9|0
32|-9.999999999999999999e235|false|ff7fffff|0
64|1e236|true|70ef736f9b3494e9|0
32|1e236|false|7f7fffff|0
64|-1e236|true|f0ef736f9b3494e9|0
32|-1e236|false|ff7fffff|0
64|1.234567890123456789e236|true|70f36a05abe2ff4c|0
32|1.234567890123456789e236|false|7f7fffff|0
64|-9.999999999999999999e236|true|f123a825c100dd11|0
32|-9.999999999999999999e236|false|ff7fffff|0
64|1e237|true|7123a825c100dd11|0
32|1e237|false|7f7fffff|0
64|-1e237|true|f123a825c100dd11|0
32|-1e237|false|ff7fffff|0
64|1.234567890123456789e237|true|7128448716dbbf1f|0
32|1.234567890123456789e237|false|7f7fffff|0
64|-9.999999999999999999e237|true|f158922f31411456|0
32|-9.999999999999999999e237|false|ff7fffff|0
64|1e238|true|7158922f31411456|0
32|1e238|false|7f7fffff|0
64|-1e238|true|f158922f31411456|0
32|-1e238|false|ff7fffff|0
64|1.234567890123456789e238|true|715e55a8dc92aee7|0
32|1.234567890123456789e238|false|7f7fffff|0
64|-9.999999999999999999e238|true|f18eb6bafd91596b|0
32|-9.999999999999999999e238|false|ff7fffff|0
64|1e239|true|718eb6bafd91596b|0
32|1e239|false|7f7fffff|0
64|-1e239|true|f18eb6bafd91596b|0
32|-1e239|false|ff7fffff|0
64|1.234567890123456789e239|true|7192f58989dbad50|0
32|1.234567890123456789e239|false|7f7fffff|0
64|-9.999999999999999999e239|true|f1c33234de7ad7e3|0
32|-9.999999999999999999e239|false|ff7fffff|0
64|1e240|true|71c33234de7ad7e3|0
32|1e240|false|7f7fffff|0
64|-1e240|true|f1c33234de7ad7e3|0
32|-1e240|false|ff7fffff|0
64|1.234567890123456789e240|true|71c7b2ebec5298a4|0
32|1.234567890123456789e240|false|7f7fffff|0
64|-9.999999999999999999e240|true|f1f7fec216198ddc|0
32|-9.999999999999999999e240|false|ff7fffff|0
64|1e241|true|71f7fec216198ddc|0
32|1e241|false|7f7fffff|0
64|-1e241|true|f1f7fec216198ddc|0
32|-1e241|false|ff7fffff|0
64|1.234567890123456789e241|true|71fd9fa6e7673ecd|0
32|1.234567890123456789e241|false|7f7fffff|0
64|-9.999999999999999999e241|true|f22dfe729b9ff153|0
32|-9.999999999999999999e241|false|ff7fffff|0
64|1e242|true|722dfe729b9ff153|0
32|1e242|false|7f7fffff|0
64|-1e242|true|f22dfe729b9ff153|0
32|-1e242|false|ff7fffff|0
64|1.234567890123456789e242|true|723283c850a08740|0
32|1.234567890123456789e242|false|7f7fffff|0
64|-9.999999999999999999e242|true|f262bf07a143f6d4|0
32|-9.999999999999999999e242|false|ff7fffff|0
64|1e243|true|7262bf07a143f6d4|0
32|1e243|false|7f7fffff|0
64|-1e243|true|f262bf07a143f6d4|0
32|-1e243|false|ff7fffff|0
64|1.234567890123456789e243|true|726724ba64c8a910|0
32|1.234567890123456789e243|false|7f7fffff|0
64|-9.999999999999999999e243|true|f2976ec98994f489|0
32|-9.999999999999999999e243|false|ff7fffff|0
64|1e244|true|72976ec98994f489|0
32|1e244|false|7f7fffff|0
64|-1e244|true|f2976ec98994f489|0
32|-1e244|false|ff7fffff|0
64|1.234567890123456789e244|true|729cede8fdfad355|0
32|1.234567890123456789e244|false|7f7fffff|0
64|-9.999999999999999999e244|true|f2cd4a7bebfa31ab|0
32|-9.999999999999999999e244|false|ff7fffff|0
64|1e245|true|72cd4a7bebfa31ab|0
32|1e245|false|7f7fffff|0
64|-1e245|true|f2cd4a7bebfa31ab|0
32|-1e245|false|ff7fffff|0
64|1.234567890123456789e245|true|72d214b19ebcc415|0
32|1.234567890123456789e245|false|7f7fffff|0
64|-9.999999999999999999e245|true|f3024e8d737c5f0b|0
32|-9.999999999999999999e245|false|ff7fffff|0
64|1e246|true|73024e8d737c5f0b|0
32|1e246|false|7f7fffff|0
64|-1e246|true|f3024e8d737c5f0b|0
32|-1e246|false|ff7fffff|0
64|1.234567890123456789e246|true|730699de066bf51a|0
32|1.234567890123456789e246|false|7f7fffff|0
64|-9.999999999999999999e246|true|f336e230d05b76cd|0
32|-9.999999999999999999e246|false|ff7fffff|0
64|1e247|true|7336e230d05b76cd|0
32|1e247|false|7f7fffff|0
64|-1e247|true|f336e230d05b76cd|0
32|-1e247|false|ff7fffff|0
64|1.234567890123456789e247|true|733c40558806f261|0
32|1.234567890123456789e247|false|7f7fffff|0
64|-9.999999999999999999e247|true|f36c9abd04725481|0
32|-9.999999999999999999e247|false|ff7fffff|0
64|1e248|true|736c9abd04725481|0
32|1e248|false|7f7fffff|0
64|-1e248|true|f36c9abd04725481|0
32|-1e248|false|ff7fffff|0
64|1.234567890123456789e248|true|7371a8357504577c|0
32|1.234567890123456789e248|false|7f7fffff|0
64|-9.999999999999999999e248|true|f3a1e0b622c774d0|0
32|-9.999999999999999999e248|false|ff7fffff|0
64|1e249|true|73a1e0b622c774d0|0
32|1e249|false|7f7fffff|0
64|-1e249|true|f3a1e0b622c774d0|0
32|-1e249|false|ff7fffff|0
64|1.234567890123456789e249|true|73a61242d2456d5b|0
32|1.234567890123456789e249|false|7f7fffff|0
64|-9.999999999999999999e249|true|f3d658e3ab795204|0
32|-9.999999999999999999e249|false|ff7fffff|0
64|1e250|true|73d658e3ab795204|0
32|1e250|false|7f7fffff|0
64|-1e250|true|f3d658e3ab795204|0
32|-1e250|false|ff7fffff|0
64|1.234567890123456789e250|true|73db96d386d6c8b2|0
32|1.234567890123456789e250|false|7f7fffff|0
64|-9.999999999999999999e250|true|f40bef1c9657a686|0
32|-9.999999999999999999e250|false|ff7fffff|0
64|1e251|true|740bef1c9657a686|0
32|1e251|false|7f7fffff|0
64|-1e251|true|f40bef1c9657a686|0
32|-1e251|false|ff7fffff|0
64|1.234567890123456789e251|true|74113e4434463d6f|0
32|1.234567890123456789e251|false|7f7fffff|0
64|-9.999999999999999999e251|true|f4417571ddf6c814|0
32|-9.999999999999999999e251|false|ff7fffff|0
64|1e252|true|74417571ddf6c814|0
32|1e252|false|7f7fffff|0
64|-1e252|true|f4417571ddf6c814|0
32|-1e252|false|ff7fffff|0
64|1.234567890123456789e252|true|74458dd54157cccb|0
32|1.234567890123456789e252|false|7f7fffff|0
64|-9.999999999999999999e252|true|f475d2ce55747a18|0
32|-9.999999999999999999e252|false|ff7fffff|0
64|1e253|true|7475d2ce55747a18|0
32|1e253|false|7f7fffff|0
64|-1e253|true|f475d2ce55747a18|0
32|-1e253|false|ff7fffff|0
64|1.234567890123456789e253|true|747af14a91adbffe|0
32|1.234567890123456789e253|false|7f7fffff|0
64|-9.999999999999999999e253|true|f4ab4781ead1989e|0
32|-9.999999999999999999e253|false|ff7fffff|0
64|1e254|true|74ab4781ead1989e|0
32|1e254|false|7f7fffff|0
64|-1e254|true|f4ab4781ead1989e|0
32|-1e254|false|ff7fffff|0
64|1.234567890123456789e254|true|74b0d6ce9b0c97ff|0
32|1.234567890123456789e254|false|7f7fffff|0
64|-9.999999999999999999e254|true|f4e10cb132c2ff63|0
32|-9.999999999999999999e254|false|ff7fffff|0
64|1e255|true|74e10cb132c2ff63|0
32|1e255|false|7f7fffff|0
64|-1e255|true|f4e10cb132c2ff63|0
32|-1e255|false|ff7fffff|0
64|1.234567890123456789e255|true|74e50c8241cfbdff|0
32|1.234567890123456789e255|false|7f7fffff|0
64|-9.999999999999999999e255|true|f5154fdd7f73bf3c|0
32|-9.999999999999999999e255|false|ff7fffff|0
64|1e256|true|75154fdd7f73bf3c|0
32|1e256|false|7f7fffff|0
64|-1e256|true|f5154fdd7f73bf3c|0
32|-1e256|false|ff7fffff|0
64|1.234567890123456789e256|true|751a4fa2d243ad7e|0
32|1.234567890123456789e256|false|7f7fffff|0
64|-9.999999999999999999e256|true|f54aa3d4df50af0b|0
32|-9.999999999999999999e256|false|ff7fffff|0
64|1e257|true|754aa3d4df50af0b|0
32|1e257|false|7f7fffff|0
64|-1e257|true|f54aa3d4df50af0b|0
32|-1e257|false|ff7fffff|0
64|1.234567890123456789e257|true|755071c5c36a4c6f|0
32|1.234567890123456789e257|false|7f7fffff|0
64|-9.999999999999999999e257|true|f580a6650b926d67|0
32|-9.999999999999999999e257|false|ff7fffff|0
64|1e258|true|7580a6650b926d67|0
32|1e258|false|7f7fffff|0
64|-1e258|true|f580a6650b926d67|0
32|-1e258|false|ff7fffff|0
64|1.234567890123456789e258|true|75848e373444df8b|0
32|1.234567890123456789e258|false|7f7fffff|0
64|-9.999999999999999999e258|true|f5b4cffe4e7708c0|0
32|-9.999999999999999999e258|false|ff7fffff|0
64|1e259|true|75b4cffe4e7708c0|0
32|1e259|false|7f7fffff|0
64|-1e259|true|f5b4cffe4e7708c0|0
32|-1e259|false|ff7fffff|0
64|1.234567890123456789e259|true|75b9b1c50156176d|0
32|1.234567890123456789e259|false|7f7fffff|0
64|-9.999999999999999999e259|true|f5ea03fde214caf1|0
32|-9.999999999999999999e259|false|ff7fffff|0
64|1e260|true|75ea03fde214caf1|0
32|1e260|false|7f7fffff|0
64|-1e260|true|f5ea03fde214caf1|0
32|-1e260|false|ff7fffff|0
64|1.234567890123456789e260|true|75f00f1b20d5cea4|0
32|1.234567890123456789e260|false|7f7fffff|0
64|-9.999999999999999999e260|true|f620427ead4cfed6|0
32|-9.999999999999999999e260|false|ff7fffff|0
64|1e261|true|7620427ead4cfed6|0
32|1e261|false|7f7fffff|0
64|-1e261|true|f620427ead4cfed6|0
32|-1e261|false|ff7fffff|0
64|1.234567890123456789e261|true|762412e1e90b424d|0
32|1.234567890123456789e261|false|7f7fffff|0
64|-9.999999999999999999e261|true|f654531e58a03e8c|0
32|-9.999999999999999999e261|false|ff7fffff|0
64|1e262|true|7654531e58a03e8c|0
32|1e262|false|7f7fffff|0
64|-1e262|true|f654531e58a03e8c|0
32|-1e262|false|ff7fffff|0
64|1.234567890123456789e262|true|7659179a634e12e1|0
32|1.234567890123456789e262|false|7f7fffff|0
64|-9.999999999999999999e262|true|f68967e5eec84e2f|0
32|-9.999999999999999999e262|false|ff7fffff|0
64|1e263|true|768967e5eec84e2f|0
32|1e263|false|7f7fffff|0
64|-1e263|true|f68967e5eec84e2f|0
32|-1e263|false|ff7fffff|0
64|1.234567890123456789e263|true|768f5d80fc219799|0
32|1.234567890123456789e263|false|7f7fffff|0
64|-9.999999999999999999e263|true|f6bfc1df6a7a61bb|0
32|-9.999999999999999999e263|false|ff7fffff|0
64|1e264|true|76bfc1df6a7a61bb|0
32|1e264|false|7f7fffff|0
64|-1e264|true|f6bfc1df6a7a61bb|0
32|-1e264|false|ff7fffff|0
64|1.234567890123456789e264|true|76c39a709d94fec0|0
32|1.234567890123456789e264|false|7f7fffff|0
64|-9.999999999999999999e264|true|f6f3d92ba28c7d15|0
32|-9.999999999999999999e264|false|ff7fffff|0
64|1e265|true|76f3d92ba28c7d15|0
32|1e265|false|7f7fffff|0
64|-1e265|true|f6f3d92ba28c7d15|0
32|-1e265|false|ff7fffff|0
64|1.234567890123456789e265|true|76f8810cc4fa3e6f|0
32|1.234567890123456789e265|false|7f7fffff|0
64|-9.999999999999999999e265|true|f728cf768b2f9c5a|0
32|-9.999999999999999999e265|false|ff7fffff|0
64|1e266|true|7728cf768b2f9c5a|0
32|1e266|false|7f7fffff|0
64|-1e266|true|f728cf768b2f9c5a|0
32|-1e266|false|ff7fffff|0
64|1.234567890123456789e266|true|772ea14ff638ce0b|0
32|1.234567890123456789e266|false|7f7fffff|0
64|-9.999999999999999999e266|true|f75f03542dfb8370|0
32|-9.999999999999999999e266|false|ff7fffff|0
64|1e267|true|775f03542dfb8370|0
32|1e267|false|7f7fffff|0
64|-1e267|true|f75f03542dfb8370|0
32|-1e267|false|ff7fffff|0
64|1.234567890123456789e267|true|776324d1f9e380c7|0
32|1.234567890123456789e267|false|7f7fffff|0
64|-9.999999999999999999e267|true|f79362149cbd3226|0
32|-9.999999999999999999e267|false|ff7fffff|0
64|1e268|true|779362149cbd3226|0
32|1e268|false|7f7fffff|0
64|-1e268|true|f79362149cbd3226|0
32|-1e268|false|ff7fffff|0
64|1.234567890123456789e268|true|7797ee06785c60f9|0
32|1.234567890123456789e268|false|7f7fffff|0
64|-9.999999999999999999e268|true|f7c83a99c3ec7eb0|0
32|-9.999999999999999999e268|false|ff7fffff|0
64|1e269|true|77c83a99c3ec7eb0|0
32|1e269|false|7f7fffff|0
64|-1e269|true|f7c83a99c3ec7eb0|0
32|-1e269|false|ff7fffff|0
64|1.234567890123456789e269|true|77cde98816737937|0
32|1.234567890123456789e269|false|7f7fffff|0
64|-9.999999999999999999e269|true|f7fe494034e79e5c|0
32|-9.999999999999999999e269|false|ff7fffff|0
64|1e270|true|77fe494034e79e5c|0
32|1e270|false|7f7fffff|0
64|-1e270|true|f7fe494034e79e5c|0
32|-1e270|false|ff7fffff|0
64|1.234567890123456789e270|true|7802b1f50e082bc2|0
32|1.234567890123456789e270|false|7f7fffff|0
64|-9.999999999999999999e270|true|f832edc82110c2f9|0
32|-9.999999999999999999e270|false|ff7fffff|0
64|1e271|true|7832edc82110c2f9|0
32|1e271|false|7f7fffff|0
64|-1e271|true|f832edc82110c2f9|0
32|-1e271|false|ff7fffff|0
64|1.234567890123456789e271|true|78375e72518a36b3|0
32|1.234567890123456789e271|false|7f7fffff|0
64|-9.999999999999999999e271|true|f867a93a2954f3b8|0
32|-9.999999999999999999e271|false|ff7fffff|0
64|1e272|true|7867a93a2954f3b8|0
32|1e272|false|7f7fffff|0
64|-1e272|true|f867a93a2954f3b8|0
32|-1e272|false|ff7fffff|0
64|1.234567890123456789e272|true|786d360ee5ecc460|0
32|1.234567890123456789e272|false|7f7fffff|0
64|-9.999999999999999999e272|true|f89d9388b3aa30a5|0
32|-9.999999999999999999e272|false|ff7fffff|0
64|1e273|true|789d9388b3aa30a5|0
32|1e273|false|7f7fffff|0
64|-1e273|true|f89d9388b3aa30a5|0
32|-1e273|false|ff7fffff|0
64|1.234567890123456789e273|true|78a241c94fb3fabc|0
32|1.234567890123456789e273|false|7f7fffff|0
64|-9.999999999999999999e273|true|f8d27c35704a5e67|0
32|-9.999999999999999999e273|false|ff7fffff|0
64|1e274|true|78d27c35704a5e67|0
32|1e274|false|7f7fffff|0
64|-1e274|true|f8d27c35704a5e67|0
32|-1e274|false|ff7fffff|0
64|1.234567890123456789e274|true|78d6d23ba3a0f96b|0
32|1.234567890123456789e274|false|7f7fffff|0
64|-9.999999999999999999e274|true|f9071b42cc5cf601|0
32|-9.999999999999999999e274|false|ff7fffff|0
64|1e275|true|79071b42cc5cf601|0
32|1e275|false|7f7fffff|0
64|-1e275|true|f9071b42cc5cf601|0
32|-1e275|false|ff7fffff|0
64|1.234567890123456789e275|true|790c86ca8c8937c5|0
32|1.234567890123456789e275|false|7f7fffff|0
64|-9.999999999999999999e275|true|f93ce2137f743382|0
32|-9.999999999999999999e275|false|ff7fffff|0
64|1e276|true|793ce2137f743382|0
32|1e276|false|7f7fffff|0
64|-1e276|true|f93ce2137f743382|0
32|-1e276|false|ff7fffff|0
64|1.234567890123456789e276|true|7941d43e97d5c2db|0
32|1.234567890123456789e276|false|7f7fffff|0
64|-9.999999999999999999e276|true|f9720d4c2fa8a031|0
32|-9.999999999999999999e276|false|ff7fffff|0
64|1e277|true|79720d4c2fa8a031|0
32|1e277|false|7f7fffff|0
64|-1e277|true|f9720d4c2fa8a031|0
32|-1e277|false|ff7fffff|0
64|1.234567890123456789e277|true|7976494e3dcb3392|0
32|1.234567890123456789e277|false|7f7fffff|0
64|-9.999999999999999999e277|true|f9a6909f3b92c83d|0
32|-9.999999999999999999e277|false|ff7fffff|0
64|1e278|true|79a6909f3b92c83d|0
32|1e278|false|7f7fffff|0
64|-1e278|true|f9a6909f3b92c83d|0
32|-1e278|false|ff7fffff|0
64|1.234567890123456789e278|true|79abdba1cd3e0077|0
32|1.234567890123456789e278|false|7f7fffff|0
64|-9.999999999999999999e278|true|f9dc34c70a777a4d|0
32|-9.999999999999999999e278|false|ff7fffff|0
64|1e279|true|79dc34c70a777a4d|0
32|1e279|false|7f7fffff|0
64|-1e279|true|f9dc34c70a777a4d|0
32|-1e279|false|ff7fffff|0
64|1.234567890123456789e279|true|79e169452046c04a|0
32|1.234567890123456789e279|false|7f7fffff|0
64|-9.999999999999999999e279|true|fa11a0fc668aac70|0
32|-9.999999999999999999e279|false|ff7fffff|0
64|1e280|true|7a11a0fc668aac70|0
32|1e280|false|7f7fffff|0
64|-1e280|true|fa11a0fc668aac70|0
32|-1e280|false|ff7fffff|0
64|1.234567890123456789e280|true|7a15c3966858705d|0
32|1.234567890123456789e280|false|7f7fffff|0
64|-9.999999999999999999e280|true|fa46093b802d578c|0
32|-9.999999999999999999e280|false|ff7fffff|0
64|1e281|true|7a46093b802d578c|0
32|1e281|false|7f7fffff|0
64|-1e281|true|fa46093b802d578c|0
32|-1e281|false|ff7fffff|0
64|1.234567890123456789e281|true|7a4b347c026e8c74|0
32|1.234567890123456789e281|false|7f7fffff|0
64|-9.999999999999999999e281|true|fa7b8b8a6038ad6f|0
32|-9.999999999999999999e281|false|ff7fffff|0
64|1e282|true|7a7b8b8a6038ad6f|0
32|1e282|false|7f7fffff|0
64|-1e282|true|fa7b8b8a6038ad6f|0
32|-1e282|false|ff7fffff|0
64|1.234567890123456789e282|true|7a8100cd818517c9|0
32|1.234567890123456789e282|false|7f7fffff|0
64|-9.999999999999999999e282|true|fab137367c236c65|0
32|-9.999999999999999999e282|false|ff7fffff|0
64|1e283|true|7ab137367c236c65|0
32|1e283|false|7f7fffff|0
64|-1e283|true|fab137367c236c65|0
32|-1e283|false|ff7fffff|0
64|1.234567890123456789e283|true|7ab54100e1e65dbb|0
32|1.234567890123456789e283|false|7f7fffff|0
64|-9.999999999999999999e283|true|fae585041b2c477f|0
32|-9.999999999999999999e283|false|ff7fffff|0
64|1e284|true|7ae585041b2c477f|0
32|1e284|false|7f7fffff|0
64|-1e284|true|fae585041b2c477f|0
32|-1e284|false|ff7fffff|0
64|1.234567890123456789e284|true|7aea91411a5ff529|0
32|1.234567890123456789e284|false|7f7fffff|0
64|-9.999999999999999999e284|true|fb1ae64521f7595e|0
32|-9.999999999999999999e284|false|ff7fffff|0
64|1e285|true|7b1ae64521f7595e|0
32|1e285|false|7f7fffff|0
64|-1e285|true|fb1ae64521f7595e|0
32|-1e285|false|ff7fffff|0
64|1.234567890123456789e285|true|7b209ac8b07bf93a|0
32|1.234567890123456789e285|false|7f7fffff|0
64|-9.999999999999999999e285|true|fb50cfeb353a97db|0
32|-9.999999999999999999e285|false|ff7fffff|0
64|1e286|true|7b50cfeb353a97db|0
32|1e286|false|7f7fffff|0
64|-1e286|true|fb50cfeb353a97db|0
32|-1e286|false|ff7fffff|0
64|1.234567890123456789e286|true|7b54c17adc9af788|0
32|1.234567890123456789e286|false|7f7fffff|0
64|-9.999999999999999999e286|true|fb8503e602893dd2|0
32|-9.999999999999999999e286|false|ff7fffff|0
64|1e287|true|7b8503e602893dd2|0
32|1e287|false|7f7fffff|0
64|-1e287|true|fb8503e602893dd2|0
32|-1e287|false|ff7fffff|0
64|1.234567890123456789e287|true|7b89f1d993c1b56a|0
32|1.234567890123456789e287|false|7f7fffff|0
64|-9.999999999999999999e287|true|fbba44df832b8d46|0
32|-9.999999999999999999e287|false|ff7fffff|0
64|1e288|true|7bba44df832b8d46|0
32|1e288|false|7f7fffff|0
64|-1e288|true|fbba44df832b8d46|0
32|-1e288|false|ff7fffff|0
64|1.234567890123456789e288|true|7bc03727fc591162|0
32|1.234567890123456789e288|false|7f7fffff|0
64|-9.999999999999999999e288|true|fbf06b0bb1fb384c|0
32|-9.999999999999999999e288|false|ff7fffff|0
64|1e289|true|7bf06b0bb1fb384c|0
32|1e289|false|7f7fffff|0
64|-1e289|true|fbf06b0bb1fb384c|0
32|-1e289|false|ff7fffff|0
64|1.234567890123456789e289|true|7bf444f1fb6f55bb|0
32|1.234567890123456789e289|false|7f7fffff|0
64|-9.999999999999999999e289|true|fc2485ce9e7a065f|0
32|-9.999999999999999999e289|false|ff7fffff|0
64|1e290|true|7c2485ce9e7a065f|0
32|1e290|false|7f7fffff|0
64|-1e290|true|fc2485ce9e7a065f|0
32|-1e290|false|ff7fffff|0
64|1.234567890123456789e290|true|7c29562e7a4b2b2a|0
32|1.234567890123456789e290|false|7f7fffff|0
64|-9.999999999999999999e290|true|fc59a742461887f6|0
32|-9.999999999999999999e290|false|ff7fffff|0
64|1e291|true|7c59a742461887f6|0
32|1e291|false|7f7fffff|0
64|-1e291|true|fc59a742461887f6|0
32|-1e291|false|ff7fffff|0
64|1.234567890123456789e291|true|7c5fabba18ddf5f4|0
32|1.234567890123456789e291|false|7f7fffff|0
64|-9.999999999999999999e291|true|fc9008896bcf54fa|0
32|-9.999999999999999999e291|false|ff7fffff|0
64|1e292|true|7c9008896bcf54fa|0
32|1e292|false|7f7fffff|0
64|-1e292|true|fc9008896bcf54fa|0
32|-1e292|false|ff7fffff|0
64|1.234567890123456789e292|true|7c93cb544f8ab9b9|0
32|1.234567890123456789e292|false|7f7fffff|0
64|-9.999999999999999999e292|true|fcc40aabc6c32a38|0
32|-9.999999999999999999e292|false|ff7fffff|0
64|1e293|true|7cc40aabc6c32a38|0
32|1e293|false|7f7fffff|0
64|-1e293|true|fcc40aabc6c32a38|0
32|-1e293|false|ff7fffff|0
64|1.234567890123456789e293|true|7cc8be29636d6827|0
32|1.234567890123456789e293|false|7f7fffff|0
64|-9.999999999999999999e293|true|fcf90d56b873f4c7|0
32|-9.999999999999999999e293|false|ff7fffff|0
64|1e294|true|7cf90d56b873f4c7|0
32|1e294|false|7f7fffff|0
64|-1e294|true|fcf90d56b873f4c7|0
32|-1e294|false|ff7fffff|0
64|1.234567890123456789e294|true|7cfeedb3bc48c231|0
32|1.234567890123456789e294|false|7f7fffff|0
64|-9.999999999999999999e294|true|fd2f50ac6690f1f8|0
32|-9.999999999999999999e294|false|ff7fffff|0
64|1e295|true|7d2f50ac6690f1f8|0
32|1e295|false|7f7fffff|0
64|-1e295|true|fd2f50ac6690f1f8|0
32|-1e295|false|ff7fffff|0
64|1.234567890123456789e295|true|7d33549055ad795e|0
32|1.234567890123456789e295|false|7f7fffff|0
64|-9.999999999999999999e295|true|fd63926bc01a973b|0
32|-9.999999999999999999e295|false|ff7fffff|0
64|1e296|true|7d63926bc01a973b|0
32|1e296|false|7f7fffff|0
64|-1e296|true|fd63926bc01a973b|0
32|-1e296|false|ff7fffff|0
64|1.234567890123456789e296|true|7d6829b46b18d7b6|0
32|1.234567890123456789e296|false|7f7fffff|0
64|-9.999999999999999999e296|true|fd987706b0213d0a|0
32|-9.999999999999999999e296|false|ff7fffff|0
64|1e297|true|7d987706b0213d0a|0
32|1e297|false|7f7fffff|0
64|-1e297|true|fd987706b0213d0a|0
32|-1e297|false|ff7fffff|0
64|1.234567890123456789e297|true|7d9e342185df0da3|0
32|1.234567890123456789e297|false|7f7fffff|0
64|-9.999999999999999999e297|true|fdce94c85c298c4c|0
32|-9.999999999999999999e297|false|ff7fffff|0
64|1e298|true|7dce94c85c298c4c|0
32|1e298|false|7f7fffff|0
64|-1e298|true|fdce94c85c298c4c|0
32|-1e298|false|ff7fffff|0
64|1.234567890123456789e298|true|7dd2e094f3ab6886|0
32|1.234567890123456789e298|false|7f7fffff|0
64|-9.999999999999999999e298|true|fe031cfd3999f7b0|0
32|-9.999999999999999999e298|false|ff7fffff|0
64|1e299|true|7e031cfd3999f7b0|0
32|1e299|false|7f7fffff|0
64|-1e299|true|fe031cfd3999f7b0|0
32|-1e299|false|ff7fffff|0
64|1.234567890123456789e299|true|7e0798ba309642a8|0
32|1.234567890123456789e299|false|7f7fffff|0
64|-9.999999999999999999e299|true|fe37e43c8800759c|0
32|-9.999999999999999999e299|false|ff7fffff|0
64|1e300|true|7e37e43c8800759c|0
32|1e300|false|7f7fffff|0
64|-1e300|true|fe37e43c8800759c|0
32|-1e300|false|ff7fffff|0
64|1.234567890123456789e300|true|7e3d7ee8bcbbd352|0
32|1.234567890123456789e300|false|7f7fffff|0
64|-9.999999999999999999e300|true|fe6ddd4baa009303|0
32|-9.999999999999999999e300|false|ff7fffff|0
64|1e301|true|7e6ddd4baa009303|0
32|1e301|false|7f7fffff|0
64|-1e301|true|fe6ddd4baa009303|0
32|-1e301|false|ff7fffff|0
64|1.234567890123456789e301|true|7e726f5175f56413|0
32|1.234567890123456789e301|false|7f7fffff|0
64|-9.999999999999999999e301|true|fea2aa4f4a405be2|0
32|-9.999999999999999999e301|false|ff7fffff|0
64|1e302|true|7ea2aa4f4a405be2|0
32|1e302|false|7f7fffff|0
64|-1e302|true|fea2aa4f4a405be2|0
32|-1e302|false|ff7fffff|0
64|1.234567890123456789e302|true|7ea70b25d372bd18|0
32|1.234567890123456789e302|false|7f7fffff|0
64|-9.999999999999999999e302|true|fed754e31cd072da|0
32|-9.999999999999999999e302|false|ff7fffff|0
64|1e303|true|7ed754e31cd072da|0
32|1e303|false|7f7fffff|0
64|-1e303|true|fed754e31cd072da|0
32|-1e303|false|ff7fffff|0
64|1.234567890123456789e303|true|7edccdef484f6c5e|0
32|1.234567890123456789e303|false|7f7fffff|0
64|-9.999999999999999999e303|true|ff0d2a1be4048f90|0
32|-9.999999999999999999e303|false|ff7fffff|0
64|1e304|true|7f0d2a1be4048f90|0
32|1e304|false|7f7fffff|0
64|-1e304|true|ff0d2a1be4048f90|0
32|-1e304|false|ff7fffff|0
64|1.234567890123456789e304|true|7f1200b58d31a3bb|0
32|1.234567890123456789e304|false|7f7fffff|0
64|-9.999999999999999999e304|true|ff423a516e82d9ba|0
32|-9.999999999999999999e304|false|ff7fffff|0
64|1e305|true|7f423a516e82d9ba|0
32|1e305|false|7f7fffff|0
64|-1e305|true|ff423a516e82d9ba|0
32|-1e305|false|ff7fffff|0
64|1.234567890123456789e305|true|7f4680e2f07e0ca9|0
32|1.234567890123456789e305|false|7f7fffff|0
64|-9.999999999999999999e305|true|ff76c8e5ca239029|0
32|-9.999999999999999999e305|false|ff7fffff|0
64|1e306|true|7f76c8e5ca239029|0
32|1e306|false|7f7fffff|0
64|-1e306|true|ff76c8e5ca239029|0
32|-1e306|false|ff7fffff|0
64|1.234567890123456789e306|true|7f7c211bac9d8fd4|0
32|1.234567890123456789e306|false|7f7fffff|0
64|-9.999999999999999999e306|true|ffac7b1f3cac7433|0
32|-9.999999999999999999e306|false|ff7fffff|0
64|1e307|true|7fac7b1f3cac7433|0
32|1e307|false|7f7fffff|0
64|-1e307|true|ffac7b1f3cac7433|0
32|-1e307|false|ff7fffff|0
64|1.234567890123456789e307|true|7fb194b14be279e4|0
32|1.234567890123456789e307|false|7f7fffff|0
64|-9.999999999999999999e307|true|ffe1ccf385ebc8a0|0
32|-9.999999999999999999e307|false|ff7fffff|0
64|1e308|true|7fe1ccf385ebc8a0|0
32|1e308|false|7f7fffff|0
64|-1e308|true|ffe1ccf385ebc8a0|0
32|-1e308|false|ff7fffff|0
64|1.234567890123456789e308|true|7fe5f9dd9edb185d|0
32|1.234567890123456789e308|false|7f7fffff|0
64|-9.999999999999999999e308|false|ffefffffffffffff|0
32|-9.999999999999999999e308|false|ff7fffff|0
64|1e309|false|7fefffffffffffff|0
32|1e309|false|7f7fffff|0
64|-1e309|false|ffefffffffffffff|0
32|-1e309|false|ff7fffff|0
64|1.234567890123456789e309|false|7fefffffffffffff|0
32|1.234567890123456789e309|false|7f7fffff|0
64|-9.999999999999999999e309|false|ffefffffffffffff|0
32|-9.999999999999999999e309|false|ff7fffff|0
64|1e310|false|7fefffffffffffff|0
32|1e310|false|7f7fffff|0
64|-1e310|false|ffefffffffffffff|0
32|-1e310|false|ff7fffff|0
64|1.234567890123456789e310|false|7fefffffffffffff|0
32|1.234567890123456789e310|false|7f7fffff|0
64|-9.999999999999999999e310|false|ffefffffffffffff|0
32|-9.999999999999999999e310|false|ff7fffff|0
64|1e311|false|7fefffffffffffff|0
32|1e311|false|7f7fffff|0
64|-1e311|false|ffefffffffffffff|0
32|-1e311|false|ff7fffff|0
64|1.234567890123456789e311|false|7fefffffffffffff|0
32|1.234567890123456789e311|false|7f7fffff|0
64|-9.999999999999999999e311|false|ffefffffffffffff|0
32|-9.999999999999999999e311|false|ff7fffff|0
64|1e312|false|7fefffffffffffff|0
32|1e312|false|7f7fffff|0
64|-1e312|false|ffefffffffffffff|0
32|-1e312|false|ff7fffff|0
64|1.234567890123456789e312|false|7fefffffffffffff|0
32|1.234567890123456789e312|false|7f7fffff|0
64|-9.999999999999999999e312|false|ffefffffffffffff|0
32|-9.999999999999999999e312|false|ff7fffff|0
64|1e313|false|7fefffffffffffff|0
32|1e313|false|7f7fffff|0
64|-1e313|false|ffefffffffffffff|0
32|-1e313|false|ff7fffff|0
64|1.234567890123456789e313|false|7fefffffffffffff|0
32|1.234567890123456789e313|false|7f7fffff|0
64|-9.999999999999999999e313|false|ffefffffffffffff|0
32|-9.999999999999999999e313|false|ff7fffff|0
64|1e314|false|7fefffffffffffff|0
32|1e314|false|7f7fffff|0
64|-1e314|false|ffefffffffffffff|0
32|-1e314|false|ff7fffff|0
64|1.234567890123456789e314|false|7fefffffffffffff|0
32|1.234567890123456789e314|false|7f7fffff|0
64|-9.999999999999999999e314|false|ffefffffffffffff|0
32|-9.999999999999999999e314|false|ff7fffff|0
64|1e315|false|7fefffffffffffff|0
32|1e315|false|7f7fffff|0
64|-1e315|false|ffefffffffffffff|0
32|-1e315|false|ff7fffff|0
64|1.234567890123456789e315|false|7fefffffffffffff|0
32|1.234567890123456789e315|false|7f7fffff|0
64|-9.999999999999999999e315|false|ffefffffffffffff|0
32|-9.999999999999999999e315|false|ff7fffff|0
64|1e316|false|7fefffffffffffff|0
32|1e316|false|7f7fffff|0
64|-1e316|false|ffefffffffffffff|0
32|-1e316|false|ff7fffff|0
64|1.234567890123456789e316|false|7fefffffffffffff|0
32|1.234567890123456789e316|false|7f7fffff|0
64|-9.999999999999999999e316|false|ffefffffffffffff|0
32|-9.999999999999999999e316|false|ff7fffff|0
64|1e317|false|7fefffffffffffff|0
32|1e317|false|7f7fffff|0
64|-1e317|false|ffefffffffffffff|0
32|-1e317|false|ff7fffff|0
64|1.234567890123456789e317|false|7fefffffffffffff|0
32|1.234567890123456789e317|false|7f7fffff|0
64|-9.999999999999999999e317|false|ffefffffffffffff|0
32|-9.999999999999999999e317|false|ff7fffff|0
64|1e318|false|7fefffffffffffff|0
32|1e318|false|7f7fffff|0
64|-1e318|false|ffefffffffffffff|0
32|-1e318|false|ff7fffff|0
64|1.234567890123456789e318|false|7fefffffffffffff|0
32|1.234567890123456789e318|false|7f7fffff|0
64|-9.999999999999999999e318|false|ffefffffffffffff|0
32|-9.999999999999999999e318|false|ff7fffff|0
64|1e319|false|7fefffffffffffff|0
32|1e319|false|7f7fffff|0
64|-1e319|false|ffefffffffffffff|0
32|-1e319|false|ff7fffff|0
64|1.234567890123456789e319|false|7fefffffffffffff|0
32|1.234567890123456789e319|false|7f7fffff|0
64|-9.999999999999999999e319|false|ffefffffffffffff|0
32|-9.999999999999999999e319|false|ff7fffff|0
64|1e320|false|7fefffffffffffff|0
32|1e320|false|7f7fffff|0
64|-1e320|false|ffefffffffffffff|0
32|-1e320|false|ff7fffff|0
64|1.234567890123456789e320|false|7fefffffffffffff|0
32|1.234567890123456789e320|false|7f7fffff|0
64|-9.999999999999999999e320|false|ffefffffffffffff|0
32|-9.999999999999999999e320|false|ff7fffff|0
64|1e321|false|7fefffffffffffff|0
32|1e321|false|7f7fffff|0
64|-1e321|false|ffefffffffffffff|0
32|-1e321|false|ff7fffff|0
64|1.234567890123456789e321|false|7fefffffffffffff|0
32|1.234567890123456789e321|false|7f7fffff|0
64|-9.999999999999999999e321|false|ffefffffffffffff|0
32|-9.999999999999999999e321|false|ff7fffff|0
64|1e322|false|7fefffffffffffff|0
32|1e322|false|7f7fffff|0
64|-1e322|false|ffefffffffffffff|0
32|-1e322|false|ff7fffff|0
64|1.234567890123456789e322|false|7fefffffffffffff|0
32|1.234567890123456789e322|false|7f7fffff|0
64|-9.999999999999999999e322|false|ffefffffffffffff|0
32|-9.999999999999999999e322|false|ff7fffff|0
64|1e323|false|7fefffffffffffff|0
32|1e323|false|7f7fffff|0
64|-1e323|false|ffefffffffffffff|0
32|-1e323|false|ff7fffff|0
64|1.234567890123456789e323|false|7fefffffffffffff|0
32|1.234567890123456789e323|false|7f7fffff|0
64|-9.999999999999999999e323|false|ffefffffffffffff|0
32|-9.999999999999999999e323|false|ff7fffff|0
64|1e324|false|7fefffffffffffff|0
32|1e324|false|7f7fffff|0
64|-1e324|false|ffefffffffffffff|0
32|-1e324|false|ff7fffff|0
64|1.234567890123456789e324|false|7fefffffffffffff|0
32|1.234567890123456789e324|false|7f7fffff|0
64|-9.999999999999999999e324|false|ffefffffffffffff|0
32|-9.999999999999999999e324|false|ff7fffff|0
64|1e325|false|7fefffffffffffff|0
32|1e325|false|7f7fffff|0
64|-1e325|false|ffefffffffffffff|0
32|-1e325|false|ff7fffff|0
64|1.234567890123456789e325|false|7fefffffffffffff|0
32|1.234567890123456789e325|false|7f7fffff|0
64|-9.999999999999999999e325|false|ffefffffffffffff|0
32|-9.999999999999999999e325|false|ff7fffff|0
64|1e326|false|7fefffffffffffff|0
32|1e326|false|7f7fffff|0
64|-1e326|false|ffefffffffffffff|0
32|-1e326|false|ff7fffff|0
64|1.234567890123456789e326|false|7fefffffffffffff|0
32|1.234567890123456789e326|false|7f7fffff|0
64|-9.999999999999999999e326|false|ffefffffffffffff|0
32|-9.999999999999999999e326|false|ff7fffff|0
64|1e327|false|7fefffffffffffff|0
32|1e327|false|7f7fffff|0
64|-1e327|false|ffefffffffffffff|0
32|-1e327|false|ff7fffff|0
64|1.234567890123456789e327|false|7fefffffffffffff|0
32|1.234567890123456789e327|false|7f7fffff|0
64|-9.999999999999999999e327|false|ffefffffffffffff|0
32|-9.999999999999999999e327|false|ff7fffff|0
64|1e328|false|7fefffffffffffff|0
32|1e328|false|7f7fffff|0
64|-1e328|false|ffefffffffffffff|0
32|-1e328|false|ff7fffff|0
64|1.234567890123456789e328|false|7fefffffffffffff|0
32|1.234567890123456789e328|false|7f7fffff|0
64|-9.999999999999999999e328|false|ffefffffffffffff|0
32|-9.999999999999999999e328|false|ff7fffff|0
64|1e329|false|7fefffffffffffff|0
32|1e329|false|7f7fffff|0
64|-1e329|false|ffefffffffffffff|0
32|-1e329|false|ff7fffff|0
64|1.234567890123456789e329|false|7fefffffffffffff|0
32|1.234567890123456789e329|false|7f7fffff|0
64|-9.999999999999999999e329|false|ffefffffffffffff|0
32|-9.999999999999999999e329|false|ff7fffff|0
64|1e330|false|7fefffffffffffff|0
32|1e330|false|7f7fffff|0
64|-1e330|false|ffefffffffffffff|0
32|-1e330|false|ff7fffff|0
64|1.234567890123456789e330|false|7fefffffffffffff|0
32|1.234567890123456789e330|false|7f7fffff|0
64|-9.999999999999999999e330|false|ffefffffffffffff|0
32|-9.999999999999999999e330|false|ff7fffff|0
64|1e331|false|7fefffffffffffff|0
32|1e331|false|7f7fffff|0
64|-1e331|false|ffefffffffffffff|0
32|-1e331|false|ff7fffff|0
64|1.234567890123456789e331|false|7fefffffffffffff|0
32|1.234567890123456789e331|false|7f7fffff|0
64|-9.999999999999999999e331|false|ffefffffffffffff|0
32|-9.999999999999999999e331|false|ff7fffff|0
64|1e332|false|7fefffffffffffff|0
32|1e332|false|7f7fffff|0
64|-1e332|false|ffefffffffffffff|0
32|-1e332|false|ff7fffff|0
64|1.234567890123456789e332|false|7fefffffffffffff|0
32|1.234567890123456789e332|false|7f7fffff|0
64|-9.999999999999999999e332|false|ffefffffffffffff|0
32|-9.999999999999999999e332|false|ff7fffff|0
64|1e333|false|7fefffffffffffff|0
32|1e333|false|7f7fffff|0
64|-1e333|false|ffefffffffffffff|0
32|-1e333|false|ff7fffff|0
64|1.234567890123456789e333|false|7fefffffffffffff|0
32|1.234567890123456789e333|false|7f7fffff|0
64|-9.999999999999999999e333|false|ffefffffffffffff|0
32|-9.999999999999999999e333|false|ff7fffff|0
64|1e334|false|7fefffffffffffff|0
32|1e334|false|7f7fffff|0
64|-1e334|false|ffefffffffffffff|0
32|-1e334|false|ff7fffff|0
64|1.234567890123456789e334|false|7fefffffffffffff|0
32|1.234567890123456789e334|false|7f7fffff|0
64|-9.999999999999999999e334|false|ffefffffffffffff|0
32|-9.999999999999999999e334|false|ff7fffff|0
64|1e335|false|7fefffffffffffff|0
32|1e335|false|7f7fffff|0
64|-1e335|false|ffefffffffffffff|0
32|-1e335|false|ff7fffff|0
64|1.234567890123456789e335|false|7fefffffffffffff|0
32|1.234567890123456789e335|false|7f7fffff|0
64|-9.999999999999999999e335|false|ffefffffffffffff|0
32|-9.999999999999999999e335|false|ff7fffff|0
64|1e336|false|7fefffffffffffff|0
32|1e336|false|7f7fffff|0
64|-1e336|false|ffefffffffffffff|0
32|-1e336|false|ff7fffff|0
64|1.234567890123456789e336|false|7fefffffffffffff|0
32|1.234567890123456789e336|false|7f7fffff|0
64|-9.999999999999999999e336|false|ffefffffffffffff|0
32|-9.999999999999999999e336|false|ff7fffff|0
64|1e337|false|7fefffffffffffff|0
32|1e337|false|7f7fffff|0
64|-1e337|false|ffefffffffffffff|0
32|-1e337|false|ff7fffff|0
64|1.234567890123456789e337|false|7fefffffffffffff|0
32|1.234567890123456789e337|false|7f7fffff|0
64|-9.999999999999999999e337|false|ffefffffffffffff|0
32|-9.999999999999999999e337|false|ff7fffff|0
64|1e338|false|7fefffffffffffff|0
32|1e338|false|7f7fffff|0
64|-1e338|false|ffefffffffffffff|0
32|-1e338|false|ff7fffff|0
64|1.234567890123456789e338|false|7fefffffffffffff|0
32|1.234567890123456789e338|false|7f7fffff|0
64|-9.999999999999999999e338|false|ffefffffffffffff|0
32|-9.999999999999999999e338|false|ff7fffff|0
64|1e339|false|7fefffffffffffff|0
32|1e339|false|7f7fffff|0
64|-1e339|false|ffefffffffffffff|0
32|-1e339|false|ff7fffff|0
64|1.234567890123456789e339|false|7fefffffffffffff|0
32|1.234567890123456789e339|false|7f7fffff|0
64|-9.999999999999999999e339|false|ffefffffffffffff|0
32|-9.999999999999999999e339|false|ff7fffff|0
64|1e340|false|7fefffffffffffff|0
32|1e340|false|7f7fffff|0
64|-1e340|false|ffefffffffffffff|0
32|-1e340|false|ff7fffff|0
64|1.234567890123456789e340|false|7fefffffffffffff|0
32|1.234567890123456789e340|false|7f7fffff|0
64|-9.999999999999999999e340|false|ffefffffffffffff|0
32|-9.999999999999999999e340|false|ff7fffff|0
64|1e341|false|7fefffffffffffff|0
32|1e341|false|7f7fffff|0
64|-1e341|false|ffefffffffffffff|0
32|-1e341|false|ff7fffff|0
64|1.234567890123456789e341|false|7fefffffffffffff|0
32|1.234567890123456789e341|false|7f7fffff|0
64|-9.999999999999999999e341|false|ffefffffffffffff|0
32|-9.999999999999999999e341|false|ff7fffff|0
64|1e342|false|7fefffffffffffff|0
32|1e342|false|7f7fffff|0
64|-1e342|false|ffefffffffffffff|0
32|-1e342|false|ff7fffff|0
64|1.234567890123456789e342|false|7fefffffffffffff|0
32|1.234567890123456789e342|false|7f7fffff|0
64|-9.999999999999999999e342|false|ffefffffffffffff|0
32|-9.999999999999999999e342|false|ff7fffff|0
64|1e343|false|7fefffffffffffff|0
32|1e343|false|7f7fffff|0
64|-1e343|false|ffefffffffffffff|0
32|-1e343|false|ff7fffff|0
64|1.234567890123456789e343|false|7fefffffffffffff|0
32|1.234567890123456789e343|false|7f7fffff|0
64|-9.999999999999999999e343|false|ffefffffffffffff|0
32|-9.999999999999999999e343|false|ff7fffff|0
64|1e344|false|7fefffffffffffff|0
32|1e344|false|7f7fffff|0
64|-1e344|false|ffefffffffffffff|0
32|-1e344|false|ff7fffff|0
64|1.234567890123456789e344|false|7fefffffffffffff|0
32|1.234567890123456789e344|false|7f7fffff|0
64|-9.999999999999999999e344|false|ffefffffffffffff|0
32|-9.999999999999999999e344|false|ff7fffff|0
64|1e345|false|7fefffffffffffff|0
32|1e345|false|7f7fffff|0
64|-1e345|false|ffefffffffffffff|0
32|-1e345|false|ff7fffff|0
64|1.234567890123456789e345|false|7fefffffffffffff|0
32|1.234567890123456789e345|false|7f7fffff|0
64|-9.999999999999999999e345|false|ffefffffffffffff|0
32|-9.999999999999999999e345|false|ff7fffff|0
64|1e346|false|7fefffffffffffff|0
32|1e346|false|7f7fffff|0
64|-1e346|false|ffefffffffffffff|0
32|-1e346|false|ff7fffff|0
64|1.234567890123456789e346|false|7fefffffffffffff|0
32|1.234567890123456789e346|false|7f7fffff|0
64|-9.999999999999999999e346|false|ffefffffffffffff|0
32|-9.999999999999999999e346|false|ff7fffff|0
64|1e347|false|7fefffffffffffff|0
32|1e347|false|7f7fffff|0
64|-1e347|false|ffefffffffffffff|0
32|-1e347|false|ff7fffff|0
64|1.234567890123456789e347|false|7fefffffffffffff|0
32|1.234567890123456789e347|false|7f7fffff|0
64|-9.999999999999999999e347|false|ffefffffffffffff|0
32|-9.999999999999999999e347|false|ff7fffff|0
64|1e348|false|7fefffffffffffff|0
32|1e348|false|7f7fffff|0
64|-1e348|false|ffefffffffffffff|0
32|-1e348|false|ff7fffff|0
64|1.234567890123456789e348|false|7fefffffffffffff|0
32|1.234567890123456789e348|false|7f7fffff|0
64|-9.999999999999999999e348|false|ffefffffffffffff|0
32|-9.999999999999999999e348|false|ff7fffff|0
64|1e349|false|7fefffffffffffff|0
32|1e349|false|7f7fffff|0
64|-1e349|false|ffefffffffffffff|0
32|-1e349|false|ff7fffff|0
64|1.234567890123456789e349|false|7fefffffffffffff|0
32|1.234567890123456789e349|false|7f7fffff|0
64|-9.999999999999999999e349|false|ffefffffffffffff|0
32|-9.999999999999999999e349|false|ff7fffff|0
64|1e350|false|7fefffffffffffff|0
32|1e350|false|7f7fffff|0
64|-1e350|false|ffefffffffffffff|0
32|-1e350|false|ff7fffff|0
64|1.234567890123456789e350|false|7fefffffffffffff|0
32|1.234567890123456789e350|false|7f7fffff|0
64|-9.999999999999999999e350|false|ffefffffffffffff|0
32|-9.999999999999999999e350|false|ff7fffff|0
